Loan_ID,Customer_ID,Customer_Name,Application_Date,Issue_Date,Region,State,Purpose,Home_Ownership,Employment_Length,Annual_Income,DTI,Grade,Interest_Rate,Term_Months,Loan_Amount_Requested,Funded_Amount,Funded_Amount_Investors,Loan_Status,Total_Payment_Received,Last_Payment_Date
LN100001,CU20001,Kenneth Davis,2022-05-17,2022-06-05,North,Sokoto,Business Expansion,OWN,2 years,65608,7.15,F,24.95,36,27200,27200.0,25600.0,Fully Paid,28803.15,2023-12-31
LN100002,CU20002,Joseph Allen,2022-02-12,2022-02-20,Central,Abuja FCT,Debt Consolidation,MORTGAGE,10+ years,38703,19.32,B,11.1,60,1200,1000.0,1000.0,Fully Paid,1133.46,2023-12-31
LN100003,CU20003,James Hernandez,2022-07-24,2022-07-28,West,Oyo,Home Improvement,OWN,3 years,94801,8.59,B,11.87,60,13200,12600.0,12300.0,Current,3621.79,2023-12-09
LN100004,CU20004,Joshua Taylor,2021-09-13,2021-10-02,North,Katsina,Debt Consolidation,RENT,1 year,38872,33.31,A,7.66,60,10200,8900.0,8900.0,Current,4046.79,2023-11-19
LN100005,CU20005,Joseph Jackson,2021-07-26,2021-08-01,North,Kano,Debt Consolidation,RENT,4 years,70979,12.29,C,13.36,60,5200,5200.0,5100.0,Fully Paid,5786.83,2023-12-31
LN100006,CU20006,Brian Jones,2023-12-30,2024-01-08,Central,Niger,Small Business Startup,MORTGAGE,3 years,72896,8.47,A,6.49,60,14100,11300.0,10600.0,Fully Paid,14034.6,2023-12-31
LN100007,CU20007,Joseph Lee,2021-03-07,2021-03-26,North,Kano,Agriculture,RENT,6 years,57218,6.65,B,9.8,36,1000,1000.0,1000.0,Fully Paid,1144.4,2023-12-31
LN100008,CU20008,Ashley Sanchez,2022-06-27,2022-07-16,West,Ogun,Debt Consolidation,OWN,3 years,68854,5.82,B,11.23,60,17600,15500.0,14900.0,Fully Paid,18988.43,2023-12-31
LN100009,CU20009,Joseph Rodriguez,2021-07-06,2021-07-20,Central,Plateau,Home Improvement,OWN,1 year,70660,31.28,B,9.46,36,25800,23600.0,23600.0,Fully Paid,27504.15,2023-12-31
LN100010,CU20010,Sandra King,2021-08-23,2021-08-27,East,Enugu,Education,MORTGAGE,8 years,70123,18.3,D,17.25,60,1000,900.0,900.0,Fully Paid,987.7,2023-12-31
LN100011,CU20011,George Taylor,2023-11-06,2023-11-11,Central,Niger,Home Improvement,OWN,10+ years,44406,15.54,C,12.9,36,17900,17500.0,16800.0,Fully Paid,19223.13,2023-12-31
LN100012,CU20012,Kimberly Smith,2023-09-28,2023-10-06,Central,Kogi,Debt Consolidation,OWN,1 year,40453,28.67,F,25.72,60,22300,19600.0,19500.0,Charged Off,10564.49,2023-12-31
LN100013,CU20013,Jennifer Young,2021-09-20,2021-09-29,North,Kano,Small Business Startup,MORTGAGE,7 years,35741,9.52,C,14.84,36,12400,11100.0,9300.0,Fully Paid,13674.96,2023-12-31
LN100014,CU20014,Paul Gonzalez,2023-02-04,2023-02-12,East,Abia,Home Improvement,RENT,8 years,57267,13.14,A,7.35,36,13700,13700.0,13400.0,Current,3817.56,2023-11-26
LN100015,CU20015,Joseph Nguyen,2021-05-26,2021-05-28,South,Rivers,Business Expansion,MORTGAGE,10+ years,20672,11.4,G,26.24,36,14800,13100.0,12300.0,Fully Paid,14033.47,2023-12-31
LN100016,CU20016,Sarah Young,2023-08-27,2023-08-31,South,Delta,Home Improvement,OWN,7 years,49107,9.91,F,25.23,36,14700,14700.0,14700.0,Charged Off,4638.23,2023-12-31
LN100017,CU20017,Anthony Robinson,2021-05-05,2021-05-13,North,Kaduna,Home Improvement,RENT,5 years,92157,22.91,D,17.4,36,3800,3500.0,3300.0,Current,3361.38,2023-12-23
LN100018,CU20018,Margaret Lopez,2022-05-27,2022-05-29,East,Abia,Debt Consolidation,OWN,7 years,74267,21.5,A,8.42,36,2600,2200.0,2200.0,Fully Paid,2666.79,2023-12-31
LN100019,CU20019,Jennifer Thomas,2023-09-22,2023-09-28,South,Bayelsa,Car Purchase,RENT,3 years,34459,32.51,B,11.59,36,12400,12000.0,12000.0,Fully Paid,16147.11,2023-12-31
LN100020,CU20020,Sandra Jackson,2021-11-14,2021-12-03,West,Osun,Education,OWN,4 years,62124,9.98,C,12.65,36,17100,14000.0,12700.0,Fully Paid,14956.02,2023-12-31
LN100021,CU20021,Patricia Brown,2023-10-27,2023-11-02,Central,Plateau,Car Purchase,MORTGAGE,2 years,54869,23.19,E,18.23,36,17800,17600.0,17200.0,Charged Off,2358.06,2023-12-31
LN100022,CU20022,Betty Davis,2021-03-23,2021-04-01,Central,Niger,Car Purchase,MORTGAGE,1 year,28350,9.4,D,16.26,60,7200,7200.0,6700.0,Current,4385.42,2023-12-16
LN100023,CU20023,Thomas Sanchez,2023-07-26,2023-07-29,South,Akwa Ibom,Medical Expenses,RENT,1 year,70963,5.09,E,18.04,36,30200,25900.0,25900.0,Fully Paid,31125.72,2023-12-31
LN100024,CU20024,Daniel Jones,2022-08-07,2022-08-27,South,Akwa Ibom,Medical Expenses,OWN,7 years,44010,18.59,D,17.5,60,12900,12500.0,11600.0,Fully Paid,16151.62,2023-12-31
LN100025,CU20025,James Scott,2021-10-03,2021-10-12,East,Enugu,Home Improvement,RENT,1 year,30275,33.04,A,8.67,36,18900,18500.0,17500.0,Fully Paid,20593.99,2023-12-31
LN100026,CU20026,Susan Taylor,2022-05-30,2022-06-01,Central,Plateau,Business Expansion,OWN,1 year,69541,12.46,E,20.54,60,16700,15600.0,15400.0,Charged Off,7574.73,2023-12-19
LN100027,CU20027,David Lewis,2021-01-20,2021-02-07,Central,Plateau,Medical Expenses,OWN,1 year,50321,30.95,A,8.84,36,5900,5900.0,5400.0,Charged Off,1679.19,2022-09-25
LN100028,CU20028,Elizabeth Ramirez,2022-09-24,2022-10-02,South,Rivers,Home Improvement,RENT,< 1 year,91299,28.73,E,21.6,36,19100,18400.0,18400.0,Fully Paid,21272.31,2023-12-31
LN100029,CU20029,Anthony Flores,2021-11-29,2021-12-13,South,Delta,Car Purchase,OWN,6 years,42536,14.39,D,15.07,60,21100,18000.0,17400.0,Fully Paid,23565.95,2023-12-31
LN100030,CU20030,Jessica Moore,2023-02-23,2023-03-07,South,Rivers,Education,OWN,7 years,38538,21.5,B,9.67,60,11200,10400.0,9500.0,Fully Paid,13401.48,2023-12-31
LN100031,CU20031,Joseph Johnson,2022-11-04,2022-11-16,South,Bayelsa,Wedding,RENT,1 year,35289,3.71,B,11.9,60,16700,16700.0,16700.0,Fully Paid,19537.39,2023-12-31
LN100032,CU20032,Paul Perez,2022-06-19,2022-06-21,North,Kaduna,Personal,OWN,9 years,71178,12.66,C,14.89,60,9700,8300.0,8000.0,Current,2652.31,2023-12-11
LN100033,CU20033,Margaret Hill,2023-02-28,,Central,Abuja FCT,Debt Consolidation,MORTGAGE,3 years,61527,15.5,G,27.02,60,21900,0.0,0.0,Rejected,0.0,
LN100034,CU20034,James King,2023-01-16,2023-02-05,Central,Niger,Home Improvement,RENT,1 year,42487,25.58,C,14.85,60,4900,4900.0,4900.0,Fully Paid,6391.58,2023-12-31
LN100035,CU20035,Karen Allen,2022-10-31,2022-11-14,East,Abia,Business Expansion,RENT,4 years,86691,2.47,B,10.66,36,9300,9300.0,9000.0,Fully Paid,10822.82,2023-12-31
LN100036,CU20036,Barbara Flores,2023-04-12,2023-04-26,Central,Kogi,Business Expansion,MORTGAGE,< 1 year,32219,16.32,A,6.91,36,28100,24900.0,24300.0,Fully Paid,30676.76,2023-12-31
LN100037,CU20037,Sandra Lewis,2023-11-13,2023-11-30,West,Ogun,Business Expansion,RENT,2 years,82737,23.74,C,13.98,60,15100,14000.0,14000.0,Fully Paid,17300.9,2023-12-31
LN100038,CU20038,Edward Thomas,2022-02-12,2022-03-04,East,Anambra,Medical Expenses,OWN,< 1 year,51882,23.23,B,9.14,60,32100,29100.0,29100.0,Fully Paid,31190.79,2023-12-31
LN100039,CU20039,Kenneth Torres,2023-10-10,2023-10-14,South,Bayelsa,Personal,RENT,3 years,55628,4.35,F,22.59,36,10000,8800.0,8300.0,Fully Paid,9817.74,2023-12-31
LN100040,CU20040,Brian King,2022-05-26,2022-06-12,West,Lagos,Car Purchase,OWN,7 years,41774,30.96,C,12.4,60,21500,18400.0,17300.0,Fully Paid,22606.9,2023-12-31
LN100041,CU20041,Edward Lewis,2023-07-03,2023-07-12,Central,Plateau,Car Purchase,OWN,7 years,48561,14.28,E,19.8,36,15900,15900.0,15900.0,Fully Paid,19181.6,2023-12-31
LN100042,CU20042,Jessica Moore,2022-08-09,2022-08-14,West,Lagos,Car Purchase,OWN,4 years,40223,31.78,A,7.01,36,25400,24800.0,23700.0,Current,11655.51,2023-12-22
LN100043,CU20043,Amanda Wilson,2023-04-15,2023-04-22,North,Katsina,Business Expansion,RENT,8 years,56719,33.37,A,7.4,36,14000,14000.0,12300.0,Fully Paid,16335.8,2023-12-31
LN100044,CU20044,Donna Johnson,2023-09-04,2023-09-18,Central,Plateau,Home Improvement,OWN,5 years,40092,26.83,D,15.9,60,20000,18400.0,17000.0,Fully Paid,23375.18,2023-12-31
LN100045,CU20045,Joshua Anderson,2022-07-13,2022-07-26,West,Ogun,Debt Consolidation,RENT,7 years,76023,13.58,C,12.09,60,13800,13800.0,13100.0,Fully Paid,17969.69,2023-12-31
LN100046,CU20046,William Flores,2023-03-18,2023-04-01,Central,Abuja FCT,Agriculture,MORTGAGE,9 years,53729,4.68,D,16.99,36,3400,2900.0,2800.0,Current,775.21,2023-12-28
LN100047,CU20047,Thomas Harris,2023-07-21,2023-07-30,East,Anambra,Wedding,RENT,5 years,72109,5.67,C,14.28,60,13700,12600.0,11800.0,Fully Paid,16374.67,2023-12-31
LN100048,CU20048,Jennifer Walker,2022-12-18,2022-12-19,North,Kaduna,Debt Consolidation,OWN,10+ years,47969,23.42,A,6.21,36,19200,17500.0,17300.0,Fully Paid,19421.64,2023-12-31
LN100049,CU20049,Michelle Martinez,2023-08-28,2023-09-12,South,Delta,Home Improvement,MORTGAGE,1 year,54221,4.44,E,20.26,36,15100,14000.0,14000.0,Fully Paid,17920.97,2023-12-31
LN100050,CU20050,Joshua Hill,2022-09-30,2022-10-19,North,Kano,Car Purchase,OWN,9 years,58853,22.71,C,12.08,60,22000,22000.0,20500.0,Fully Paid,29423.94,2023-12-31
LN100051,CU20051,Amanda Gonzalez,2021-07-28,2021-08-16,North,Kano,Home Improvement,MORTGAGE,4 years,18849,21.26,A,8.55,36,10800,10200.0,10200.0,Fully Paid,11772.44,2023-12-31
LN100052,CU20052,Kevin White,2021-01-26,2021-02-10,North,Sokoto,Debt Consolidation,RENT,7 years,75866,29.14,F,22.42,60,4400,4400.0,4200.0,Fully Paid,5194.84,2023-12-31
LN100053,CU20053,Kimberly Moore,2023-08-11,2023-08-14,Central,Plateau,Personal,RENT,9 years,22676,34.01,A,6.81,36,25800,24300.0,20600.0,Fully Paid,28801.35,2023-12-31
LN100054,CU20054,Sandra Torres,2022-11-20,2022-12-06,Central,Plateau,Home Improvement,OWN,7 years,32676,30.54,A,8.55,36,15000,13300.0,13300.0,Fully Paid,17148.35,2023-12-31
LN100055,CU20055,Sarah Hill,2023-11-25,2023-12-11,East,Enugu,Business Expansion,OWN,1 year,51747,9.55,A,6.72,60,19100,19100.0,17700.0,Fully Paid,21432.06,2023-12-31
LN100056,CU20056,Dorothy Young,2021-07-10,2021-07-20,West,Lagos,Car Purchase,RENT,3 years,42755,27.49,C,13.21,36,24400,24400.0,24400.0,Fully Paid,28321.23,2023-12-31
LN100057,CU20057,Kimberly Thompson,2022-12-22,2022-12-30,West,Oyo,Agriculture,MORTGAGE,7 years,65540,25.23,B,9.81,60,25900,23100.0,20400.0,Current,4753.46,2023-12-24
LN100058,CU20058,Melissa Wright,2022-03-20,2022-03-24,South,Delta,Business Expansion,MORTGAGE,7 years,93896,13.49,F,23.11,60,27000,27000.0,24300.0,Fully Paid,30749.6,2023-12-31
LN100059,CU20059,Barbara Martin,2022-07-16,2022-08-01,North,Kano,Agriculture,OWN,< 1 year,22776,17.15,F,24.21,36,14600,13900.0,13900.0,Charged Off,1475.24,2023-06-18
LN100060,CU20060,Donald Walker,2022-01-13,2022-01-17,West,Oyo,Home Improvement,OWN,4 years,25628,6.25,A,8.82,60,17900,15700.0,14400.0,Fully Paid,18372.33,2023-12-31
LN100061,CU20061,Andrew Brown,2022-09-15,2022-10-05,South,Delta,Small Business Startup,OWN,3 years,31458,8.35,C,12.36,60,19000,16600.0,14900.0,Fully Paid,20509.72,2023-12-31
LN100062,CU20062,Kimberly Harris,2022-09-01,2022-09-21,West,Osun,Business Expansion,MORTGAGE,6 years,44972,24.78,C,12.92,36,9400,8600.0,8200.0,Fully Paid,9286.02,2023-12-31
LN100063,CU20063,Susan Wilson,2021-11-18,2021-11-19,East,Enugu,Wedding,OWN,2 years,38610,14.23,D,16.66,36,10400,9300.0,8700.0,Fully Paid,11688.35,2023-12-31
LN100064,CU20064,Charles Williams,2022-08-03,2022-08-12,South,Akwa Ibom,Car Purchase,MORTGAGE,7 years,18279,10.33,A,6.21,36,19600,19600.0,19600.0,Fully Paid,24255.34,2023-12-31
LN100065,CU20065,Richard Ramirez,2021-11-02,2021-11-12,North,Kano,Debt Consolidation,RENT,2 years,23791,10.89,B,9.21,36,16600,15200.0,13900.0,Fully Paid,19718.54,2023-12-31
LN100066,CU20066,Charles Lewis,2022-09-15,2022-09-30,North,Katsina,Home Improvement,MORTGAGE,6 years,36516,31.39,A,8.83,60,28500,26200.0,26200.0,Current,6589.16,2023-12-04
LN100067,CU20067,Melissa Lee,2021-02-22,2021-03-03,Central,Kogi,Debt Consolidation,OWN,3 years,97285,16.24,C,14.89,36,19300,16700.0,16700.0,Fully Paid,21358.18,2023-12-31
LN100068,CU20068,Donald King,2022-01-07,2022-01-10,West,Oyo,Medical Expenses,MORTGAGE,6 years,27191,34.56,B,10.9,60,3800,3300.0,3100.0,Fully Paid,3869.26,2023-12-31
LN100069,CU20069,Kevin Miller,2023-04-24,2023-05-12,South,Akwa Ibom,Debt Consolidation,MORTGAGE,7 years,50102,15.54,B,9.86,60,8400,7700.0,7600.0,Charged Off,1109.03,2023-12-31
LN100070,CU20070,Christopher Davis,2023-08-05,2023-08-25,West,Lagos,Home Improvement,RENT,< 1 year,55442,24.07,A,6.56,60,15800,12400.0,12400.0,Fully Paid,15346.52,2023-12-31
LN100071,CU20071,Patricia Wilson,2022-08-13,2022-08-19,East,Anambra,Wedding,RENT,7 years,34770,18.75,A,6.36,36,1000,900.0,800.0,Fully Paid,948.69,2023-12-31
LN100072,CU20072,Jennifer Anderson,2021-08-29,2021-09-15,North,Katsina,Medical Expenses,MORTGAGE,2 years,70191,17.88,A,7.5,60,9800,8300.0,7900.0,Fully Paid,9749.57,2023-12-31
LN100073,CU20073,Donald Thomas,2023-02-25,2023-02-28,West,Ogun,Debt Consolidation,OWN,9 years,77097,10.4,G,28.03,36,10400,10200.0,9500.0,Current,3169.09,2023-12-05
LN100074,CU20074,Nancy Allen,2022-08-03,2022-08-08,East,Enugu,Business Expansion,MORTGAGE,4 years,146566,32.67,B,11.51,60,18000,16700.0,16100.0,Fully Paid,19961.55,2023-12-31
LN100075,CU20075,Emily Wright,2022-10-22,2022-11-05,West,Osun,Medical Expenses,OWN,3 years,57063,8.65,E,20.29,36,11700,10500.0,10500.0,Charged Off,4959.7,2023-12-30
LN100076,CU20076,Matthew Martinez,2021-09-16,2021-10-01,West,Lagos,Education,MORTGAGE,9 years,78097,30.95,B,10.0,36,24600,18600.0,17100.0,Current,15855.1,2023-12-31
LN100077,CU20077,George Martinez,2021-06-03,2021-06-06,West,Ogun,Business Expansion,RENT,4 years,49428,9.66,B,10.02,60,28400,28000.0,28000.0,Fully Paid,36559.67,2023-12-31
LN100078,CU20078,Paul Harris,2021-03-15,2021-03-23,East,Abia,Medical Expenses,MORTGAGE,1 year,51176,33.01,A,6.7,60,3200,3000.0,2800.0,Fully Paid,3540.57,2023-12-31
LN100079,CU20079,Edward Miller,2022-09-06,2022-09-16,West,Ogun,Medical Expenses,OWN,< 1 year,53201,7.01,C,12.97,36,17000,14500.0,14500.0,Fully Paid,17098.49,2023-12-31
LN100080,CU20080,Kimberly Clark,2021-12-15,2022-01-04,Central,Niger,Agriculture,OWN,1 year,58742,29.1,B,10.83,60,12800,11300.0,11200.0,Fully Paid,13552.09,2023-12-31
LN100081,CU20081,Elizabeth Anderson,2023-07-31,2023-08-10,West,Oyo,Home Improvement,RENT,10+ years,72498,24.9,D,15.03,60,25800,24300.0,22300.0,Fully Paid,26666.64,2023-12-31
LN100082,CU20082,Daniel Nguyen,2022-05-28,2022-06-13,East,Abia,Small Business Startup,RENT,4 years,38917,15.23,C,12.6,60,20200,19000.0,17400.0,Current,6026.07,2023-12-09
LN100083,CU20083,Andrew Jackson,2023-03-22,2023-04-11,East,Enugu,Education,RENT,< 1 year,51494,24.99,C,13.7,36,20800,19900.0,19600.0,Fully Paid,25867.05,2023-12-31
LN100084,CU20084,Charles Anderson,2022-03-25,2022-03-29,Central,Kogi,Medical Expenses,MORTGAGE,3 years,29351,26.3,B,10.86,36,7100,6600.0,6600.0,Fully Paid,8209.75,2023-12-31
LN100085,CU20085,Mark Williams,2021-09-27,2021-10-03,Central,Kogi,Medical Expenses,OWN,4 years,45656,28.49,B,9.98,60,11600,8500.0,8100.0,Current,4276.26,2023-12-08
LN100086,CU20086,Kimberly Allen,2022-06-11,2022-06-15,East,Anambra,Business Expansion,RENT,4 years,65033,16.92,D,17.24,60,12900,11600.0,11100.0,Fully Paid,12442.04,2023-12-31
LN100087,CU20087,Joseph Sanchez,2021-07-04,2021-07-19,Central,Kogi,Education,RENT,< 1 year,44182,21.16,B,9.79,36,20600,19800.0,18400.0,Fully Paid,25239.13,2023-12-31
LN100088,CU20088,Donna Harris,2022-04-24,2022-05-14,East,Enugu,Personal,RENT,< 1 year,45522,21.65,C,13.86,60,15100,14100.0,13600.0,Fully Paid,15072.41,2023-12-31
LN100089,CU20089,Sandra Martin,2021-10-14,2021-10-18,West,Lagos,Debt Consolidation,OWN,< 1 year,48303,20.64,A,6.91,60,10700,7600.0,6600.0,Current,3731.64,2023-12-23
LN100090,CU20090,Matthew Robinson,2021-11-13,2021-12-03,East,Abia,Education,RENT,10+ years,28049,8.0,A,6.3,60,3700,3100.0,3100.0,Fully Paid,4139.92,2023-12-31
LN100091,CU20091,Brian White,2023-06-30,2023-07-18,South,Bayelsa,Debt Consolidation,OWN,5 years,74686,2.89,A,6.3,60,25200,21700.0,21200.0,Fully Paid,26982.82,2023-12-31
LN100092,CU20092,Betty Moore,2023-07-21,2023-07-23,South,Rivers,Debt Consolidation,OWN,10+ years,46228,9.86,D,15.64,36,13100,12800.0,12700.0,Fully Paid,14375.3,2023-12-31
LN100093,CU20093,Andrew Wilson,2022-03-19,2022-03-28,North,Kano,Agriculture,OWN,5 years,30137,11.67,B,11.32,36,19900,19900.0,18100.0,Fully Paid,21758.79,2023-12-31
LN100094,CU20094,Paul Taylor,2021-02-22,2021-03-13,South,Rivers,Business Expansion,OWN,< 1 year,33950,10.85,C,13.07,36,4800,3600.0,3600.0,Fully Paid,3968.19,2023-12-31
LN100095,CU20095,William Clark,2021-05-11,2021-05-26,Central,Abuja FCT,Home Improvement,RENT,7 years,38360,30.66,F,25.11,36,18200,16700.0,15900.0,Fully Paid,22271.53,2023-12-31
LN100096,CU20096,George King,2021-03-05,2021-03-09,East,Abia,Debt Consolidation,OWN,7 years,89834,19.87,B,11.54,60,4200,3900.0,3700.0,Fully Paid,5159.35,2023-12-31
LN100097,CU20097,Jennifer Lee,2021-05-15,2021-05-28,Central,Niger,Personal,OWN,4 years,38449,2.61,C,13.87,60,8800,8500.0,8500.0,Fully Paid,10277.92,2023-12-31
LN100098,CU20098,Steven Hill,2021-08-23,2021-09-06,West,Lagos,Agriculture,MORTGAGE,10+ years,67705,2.36,B,11.63,36,17000,17000.0,17000.0,Fully Paid,19015.32,2023-12-31
LN100099,CU20099,Sandra Sanchez,2022-10-03,2022-10-08,West,Lagos,Debt Consolidation,RENT,5 years,21409,19.12,F,24.66,60,4800,4500.0,4000.0,Fully Paid,5365.26,2023-12-31
LN100100,CU20100,Jennifer Garcia,2023-02-03,2023-02-07,West,Lagos,Business Expansion,OWN,8 years,63669,13.74,B,9.18,60,7200,6100.0,6100.0,Fully Paid,8003.7,2023-12-31
LN100101,CU20101,Edward Ramirez,2022-10-02,2022-10-07,North,Sokoto,Car Purchase,RENT,1 year,33314,3.03,F,24.31,36,20600,16400.0,15900.0,Fully Paid,18323.28,2023-12-31
LN100102,CU20102,Daniel Scott,2022-07-25,2022-08-14,East,Enugu,Medical Expenses,MORTGAGE,3 years,36444,27.44,B,11.42,36,14700,12800.0,12800.0,Fully Paid,16625.13,2023-12-31
LN100103,CU20103,Mary Lopez,2022-11-27,2022-12-16,East,Imo,Home Improvement,RENT,< 1 year,65158,10.98,E,18.73,36,22800,22800.0,20600.0,Fully Paid,24415.96,2023-12-31
LN100104,CU20104,Kenneth Johnson,2023-02-10,2023-02-20,North,Kano,Education,RENT,7 years,44275,26.16,E,19.36,60,19500,19200.0,19100.0,Fully Paid,24634.57,2023-12-31
LN100105,CU20105,Joshua Garcia,2021-11-19,2021-12-04,North,Kano,Home Improvement,MORTGAGE,< 1 year,59476,7.96,C,14.02,60,16700,15500.0,15400.0,Fully Paid,18533.33,2023-12-31
LN100106,CU20106,Anthony Moore,2022-12-08,2022-12-25,South,Rivers,Personal,RENT,1 year,44534,17.65,F,23.13,60,15200,15100.0,14300.0,Fully Paid,16060.74,2023-12-31
LN100107,CU20107,Joshua Brown,2022-09-10,2022-09-21,North,Kano,Debt Consolidation,OWN,2 years,40314,4.54,C,14.29,60,12500,12500.0,12000.0,Current,3358.15,2023-12-04
LN100108,CU20108,Barbara Rodriguez,2023-10-22,2023-11-04,West,Ogun,Home Improvement,MORTGAGE,10+ years,52090,28.09,C,14.42,36,23300,21900.0,21900.0,Fully Paid,23272.93,2023-12-31
LN100109,CU20109,Sandra Jones,2023-04-09,2023-04-22,East,Abia,Home Improvement,MORTGAGE,10+ years,50869,32.99,A,7.25,36,23500,20300.0,19200.0,Charged Off,5326.4,2023-12-31
LN100110,CU20110,Sandra White,2021-08-05,2021-08-18,North,Katsina,Medical Expenses,OWN,6 years,16025,34.47,E,20.36,36,11400,11400.0,10800.0,Fully Paid,14520.65,2023-12-31
LN100111,CU20111,Nancy Hernandez,2023-12-23,2024-01-04,North,Kaduna,Home Improvement,MORTGAGE,3 years,26768,11.78,A,8.72,60,7600,6300.0,5800.0,Fully Paid,8162.81,2023-12-31
LN100112,CU20112,Elizabeth Thomas,2022-06-09,2022-06-15,North,Kano,Small Business Startup,OWN,2 years,66648,4.95,D,16.81,36,22900,21000.0,21000.0,Fully Paid,26006.08,2023-12-31
LN100113,CU20113,Edward Torres,2022-10-24,2022-11-09,Central,Plateau,Medical Expenses,MORTGAGE,5 years,52833,22.06,A,6.45,36,18900,17500.0,16500.0,Fully Paid,19964.81,2023-12-31
LN100114,CU20114,Donna Brown,2022-09-28,2022-10-08,East,Enugu,Debt Consolidation,RENT,7 years,37439,13.55,D,15.11,60,26400,22500.0,22400.0,Charged Off,11972.81,2023-05-10
LN100115,CU20115,Michelle Hill,2023-08-06,2023-08-21,Central,Plateau,Agriculture,MORTGAGE,8 years,53707,21.57,B,11.86,36,2900,2700.0,2600.0,Fully Paid,3298.04,2023-12-31
LN100116,CU20116,Christopher Hill,2021-05-07,2021-05-10,West,Ogun,Debt Consolidation,RENT,1 year,63749,33.54,E,21.24,60,17300,16800.0,16800.0,Fully Paid,18509.7,2023-12-31
LN100117,CU20117,Amanda Lewis,2023-01-16,2023-02-05,West,Ogun,Debt Consolidation,RENT,4 years,26352,25.87,B,10.16,60,9200,8500.0,8500.0,Charged Off,3531.27,2023-12-31
LN100118,CU20118,Robert Perez,2022-08-05,2022-08-16,North,Katsina,Debt Consolidation,RENT,10+ years,30413,18.34,E,21.86,36,35200,31000.0,31000.0,Charged Off,13385.99,2023-09-08
LN100119,CU20119,Karen Sanchez,2022-09-27,2022-10-02,South,Rivers,Car Purchase,MORTGAGE,6 years,63752,28.32,C,13.93,60,12100,11500.0,11400.0,Fully Paid,14934.91,2023-12-31
LN100120,CU20120,Carol King,2023-11-08,2023-11-15,North,Katsina,Agriculture,RENT,< 1 year,67626,24.44,D,16.09,36,26100,23700.0,23200.0,Fully Paid,30332.37,2023-12-31
LN100121,CU20121,Joseph Rodriguez,2022-08-29,2022-09-09,South,Rivers,Home Improvement,OWN,8 years,57867,29.46,D,17.31,36,11900,11000.0,11000.0,Fully Paid,13589.5,2023-12-31
LN100122,CU20122,Matthew Martinez,2021-12-06,2021-12-14,South,Delta,Personal,MORTGAGE,7 years,25078,10.57,C,12.13,60,20200,18100.0,17800.0,Fully Paid,22320.53,2023-12-31
LN100123,CU20123,Melissa Lewis,2022-09-26,2022-10-11,South,Delta,Wedding,RENT,3 years,46963,22.88,C,13.1,60,17200,16400.0,15800.0,Fully Paid,21048.37,2023-12-31
LN100124,CU20124,Kimberly Clark,2021-10-11,2021-10-29,South,Delta,Car Purchase,RENT,< 1 year,40859,21.21,A,7.92,60,24600,21500.0,21300.0,Fully Paid,27163.54,2023-12-31
LN100125,CU20125,Linda Jackson,2022-07-13,2022-07-16,North,Kano,Car Purchase,RENT,8 years,99159,24.55,A,6.44,60,14500,12900.0,11700.0,Fully Paid,14404.29,2023-12-31
LN100126,CU20126,Daniel Johnson,2023-03-23,2023-04-04,West,Lagos,Wedding,MORTGAGE,5 years,45252,9.29,D,15.71,36,17000,13900.0,13900.0,Fully Paid,15923.92,2023-12-31
LN100127,CU20127,Amanda Perez,2021-03-20,2021-04-05,South,Delta,Small Business Startup,RENT,7 years,65682,15.85,A,8.09,36,14200,14200.0,14200.0,Fully Paid,14932.37,2023-12-31
LN100128,CU20128,Mary Taylor,2023-12-17,2023-12-27,South,Delta,Home Improvement,RENT,1 year,44669,3.03,B,11.33,36,5000,4600.0,4600.0,Current,238.23,2023-11-21
LN100129,CU20129,Michelle Robinson,2023-10-21,2023-10-26,North,Kaduna,Personal,MORTGAGE,8 years,57195,27.44,A,6.05,36,18700,18100.0,16700.0,Fully Paid,19013.49,2023-12-31
LN100130,CU20130,Jessica Torres,2021-06-25,2021-07-08,West,Ogun,Debt Consolidation,MORTGAGE,5 years,56696,22.35,F,22.27,36,14300,12400.0,12400.0,Fully Paid,13181.95,2023-12-31
LN100131,CU20131,Lisa Taylor,2021-05-19,2021-06-07,North,Sokoto,Debt Consolidation,RENT,3 years,51929,10.88,C,14.2,36,9600,9600.0,9200.0,Fully Paid,11037.65,2023-12-31
LN100132,CU20132,Daniel Wright,2023-08-10,2023-08-13,East,Anambra,Debt Consolidation,MORTGAGE,7 years,48463,17.84,B,10.9,36,2300,2300.0,2300.0,Fully Paid,3066.09,2023-12-31
LN100133,CU20133,Charles Gonzalez,2021-03-27,2021-04-05,North,Kano,Wedding,RENT,4 years,31725,9.99,A,7.55,60,14600,13400.0,13300.0,Charged Off,5674.23,2022-12-11
LN100134,CU20134,Daniel Brown,2021-09-12,2021-09-25,East,Imo,Debt Consolidation,RENT,6 years,109286,19.08,B,11.67,60,13000,10900.0,10400.0,Fully Paid,12055.89,2023-12-31
LN100135,CU20135,Ashley White,2021-06-19,2021-07-07,Central,Kogi,Education,MORTGAGE,6 years,37909,7.53,D,15.24,36,19600,16800.0,16800.0,Fully Paid,18157.09,2023-12-31
LN100136,CU20136,Kevin Jackson,2023-05-23,2023-06-04,East,Abia,Agriculture,OWN,7 years,57587,28.46,D,16.05,36,23400,23400.0,22900.0,Fully Paid,27623.28,2023-12-31
LN100137,CU20137,Patricia Jones,2023-11-17,2023-11-22,West,Oyo,Business Expansion,MORTGAGE,10+ years,107064,4.69,C,12.48,36,16600,14600.0,14600.0,Fully Paid,18300.03,2023-12-31
LN100138,CU20138,John Rodriguez,2023-01-21,2023-02-10,North,Kano,Education,RENT,6 years,81486,25.73,C,14.85,36,15300,14800.0,13600.0,Current,4388.56,2023-12-08
LN100139,CU20139,Lisa Lewis,2023-12-21,2023-12-29,North,Kano,Debt Consolidation,RENT,6 years,43659,30.65,A,6.94,60,1700,1700.0,1500.0,Fully Paid,1798.22,2023-12-31
LN100140,CU20140,Ashley King,2022-06-21,2022-07-07,West,Lagos,Business Expansion,RENT,7 years,32672,3.32,G,26.86,60,16800,16800.0,15900.0,Current,5142.61,2023-12-27
LN100141,CU20141,Mark Lopez,2022-10-17,2022-10-27,West,Lagos,Business Expansion,MORTGAGE,5 years,45356,11.14,E,20.84,60,22100,20600.0,20500.0,Fully Paid,26028.98,2023-12-31
LN100142,CU20142,Brian Lopez,2021-09-06,2021-09-07,East,Anambra,Medical Expenses,OWN,2 years,27883,6.34,D,15.71,60,19000,16600.0,15500.0,Fully Paid,20279.94,2023-12-31
LN100143,CU20143,Emily Rodriguez,2021-05-15,2021-06-01,Central,Abuja FCT,Personal,RENT,6 years,48460,10.16,A,9.0,60,24400,24400.0,20900.0,Fully Paid,28617.05,2023-12-31
LN100144,CU20144,Robert Rodriguez,2023-07-11,2023-07-29,East,Enugu,Medical Expenses,RENT,10+ years,54493,14.91,A,7.55,36,4600,4100.0,4000.0,Fully Paid,4528.81,2023-12-31
LN100145,CU20145,Margaret Allen,2023-11-28,2023-12-06,North,Kaduna,Personal,OWN,4 years,50745,13.12,C,12.49,60,4700,4700.0,4700.0,Fully Paid,6261.67,2023-12-31
LN100146,CU20146,Charles Garcia,2022-07-17,2022-08-03,East,Anambra,Car Purchase,OWN,10+ years,26202,7.53,A,6.91,36,12400,11800.0,11700.0,Fully Paid,14485.0,2023-12-31
LN100147,CU20147,Elizabeth Hernandez,2021-03-26,2021-04-02,Central,Kogi,Medical Expenses,OWN,1 year,43626,10.9,E,18.18,60,13400,11600.0,11200.0,Fully Paid,13629.72,2023-12-31
LN100148,CU20148,Mary Young,2022-09-11,2022-09-21,Central,Kogi,Small Business Startup,RENT,3 years,30769,18.74,B,11.41,60,22300,22300.0,18400.0,Fully Paid,28021.82,2023-12-31
LN100149,CU20149,Mark Clark,2022-02-22,2022-03-06,West,Osun,Business Expansion,RENT,9 years,80715,8.66,D,15.43,60,6700,5800.0,5800.0,Fully Paid,6317.53,2023-12-31
LN100150,CU20150,Steven Scott,2022-05-11,2022-05-16,North,Sokoto,Debt Consolidation,RENT,1 year,45534,29.66,D,15.8,36,16200,16200.0,15700.0,Charged Off,3970.72,2023-07-13
LN100151,CU20151,Michelle Clark,2022-11-02,2022-11-18,South,Delta,Agriculture,MORTGAGE,5 years,80618,9.12,C,12.57,36,24500,24500.0,22800.0,Fully Paid,29156.09,2023-12-31
LN100152,CU20152,Karen Young,2023-03-17,2023-04-05,North,Kaduna,Medical Expenses,MORTGAGE,7 years,56021,3.59,G,29.87,36,14500,13700.0,13600.0,Fully Paid,14592.72,2023-12-31
LN100153,CU20153,Joshua Walker,2021-08-09,2021-08-22,East,Enugu,Education,RENT,2 years,43920,12.79,D,17.65,60,22700,21900.0,21900.0,Fully Paid,25626.82,2023-12-31
LN100154,CU20154,Emily Gonzalez,2021-05-31,2021-06-20,East,Imo,Business Expansion,RENT,8 years,65246,5.97,E,19.8,60,13600,11300.0,10100.0,Fully Paid,12267.77,2023-12-31
LN100155,CU20155,Betty White,2021-10-23,2021-10-25,East,Imo,Business Expansion,OWN,9 years,31378,9.84,D,16.53,36,1000,900.0,900.0,Charged Off,411.12,2023-03-24
LN100156,CU20156,Kimberly Robinson,2022-11-03,2022-11-22,South,Delta,Car Purchase,MORTGAGE,5 years,35772,17.3,C,12.49,60,22900,16500.0,16500.0,Fully Paid,21425.03,2023-12-31
LN100157,CU20157,Ashley Torres,2021-02-04,2021-02-23,East,Abia,Debt Consolidation,RENT,5 years,26230,21.15,B,11.02,60,1800,1800.0,1800.0,Fully Paid,2375.33,2023-12-31
LN100158,CU20158,Brian Johnson,2022-06-28,2022-07-17,Central,Plateau,Car Purchase,MORTGAGE,9 years,63510,2.6,F,24.31,36,21100,19600.0,19000.0,Fully Paid,23662.49,2023-12-31
LN100159,CU20159,Michelle Harris,2021-03-06,,South,Delta,Debt Consolidation,MORTGAGE,1 year,34916,18.03,F,22.76,60,12800,0.0,0.0,Rejected,0.0,
LN100160,CU20160,Christopher Clark,2022-02-22,2022-02-24,South,Bayelsa,Home Improvement,RENT,8 years,31479,19.79,E,21.1,60,22300,18800.0,18800.0,Fully Paid,22665.37,2023-12-31
LN100161,CU20161,Christopher Walker,2022-10-05,2022-10-23,Central,Plateau,Business Expansion,OWN,7 years,62788,7.99,A,8.74,60,7300,6800.0,6700.0,Fully Paid,8714.86,2023-12-31
LN100162,CU20162,Carol Taylor,2022-01-29,2022-02-08,Central,Plateau,Home Improvement,OWN,4 years,32152,17.96,G,28.23,36,16800,15600.0,14800.0,Fully Paid,19678.94,2023-12-31
LN100163,CU20163,Amanda Young,2022-12-16,2022-12-29,East,Abia,Small Business Startup,MORTGAGE,4 years,50110,9.53,C,12.86,60,15300,12500.0,12500.0,Fully Paid,16704.78,2023-12-31
LN100164,CU20164,Elizabeth Jackson,2021-06-11,2021-06-18,North,Sokoto,Small Business Startup,RENT,7 years,42812,9.82,B,10.97,60,9300,8300.0,8300.0,Fully Paid,10056.06,2023-12-31
LN100165,CU20165,Emily Moore,2022-05-06,2022-05-14,South,Rivers,Car Purchase,OWN,< 1 year,33660,21.36,A,8.01,36,32200,27700.0,26400.0,Current,15525.78,2023-11-16
LN100166,CU20166,Donald Miller,2021-11-20,2021-12-06,South,Rivers,Debt Consolidation,RENT,10+ years,60119,23.19,A,8.81,60,22700,19900.0,17900.0,Fully Paid,25407.79,2023-12-31
LN100167,CU20167,Christopher Jackson,2022-04-21,2022-05-05,North,Kaduna,Medical Expenses,MORTGAGE,< 1 year,34144,16.13,C,14.74,36,28100,28100.0,27700.0,Fully Paid,30986.9,2023-12-31
LN100168,CU20168,John Sanchez,2022-08-16,2022-08-27,West,Ogun,Medical Expenses,OWN,< 1 year,38546,4.62,B,9.9,36,10300,8900.0,8100.0,Fully Paid,11985.9,2023-12-31
LN100169,CU20169,Kimberly Young,2022-07-13,2022-07-22,South,Bayelsa,Debt Consolidation,OWN,1 year,54459,31.04,C,12.99,60,2600,2600.0,2400.0,Fully Paid,2740.99,2023-12-31
LN100170,CU20170,Charles Torres,2023-04-11,,South,Delta,Car Purchase,RENT,8 years,28139,23.84,G,27.31,60,28400,0.0,0.0,Rejected,0.0,
LN100171,CU20171,Kevin Miller,2023-09-05,2023-09-13,South,Delta,Business Expansion,RENT,3 years,63022,7.78,A,6.02,60,15600,15100.0,14000.0,Fully Paid,17064.48,2023-12-31
LN100172,CU20172,Karen Nguyen,2022-06-20,2022-06-24,Central,Abuja FCT,Business Expansion,MORTGAGE,5 years,50846,13.47,D,17.08,36,23700,19700.0,18800.0,Fully Paid,21628.93,2023-12-31
LN100173,CU20173,Steven Martin,2023-01-23,,North,Sokoto,Personal,MORTGAGE,3 years,84617,19.19,F,22.88,36,16100,0.0,0.0,Rejected,0.0,
LN100174,CU20174,Donald Martinez,2023-05-02,2023-05-10,West,Oyo,Car Purchase,MORTGAGE,8 years,54252,29.26,A,8.74,36,20700,17700.0,16000.0,Fully Paid,21748.77,2023-12-31
LN100175,CU20175,Jennifer King,2021-06-09,2021-06-28,West,Oyo,Debt Consolidation,MORTGAGE,1 year,21454,15.1,F,22.25,36,19100,15800.0,15800.0,Fully Paid,17369.91,2023-12-31
LN100176,CU20176,Kimberly Lewis,2023-09-29,,North,Kano,Education,OWN,8 years,49715,30.1,G,27.78,36,15700,0.0,0.0,Rejected,0.0,
LN100177,CU20177,Sandra Rodriguez,2023-07-25,2023-07-26,Central,Plateau,Business Expansion,MORTGAGE,< 1 year,55288,28.07,E,20.24,60,17600,15900.0,14500.0,Fully Paid,20589.48,2023-12-31
LN100178,CU20178,Susan Nguyen,2023-05-18,2023-05-21,North,Kaduna,Car Purchase,RENT,1 year,41820,34.2,B,10.62,36,23700,21800.0,21800.0,Fully Paid,25977.35,2023-12-31
LN100179,CU20179,Anthony Lopez,2023-02-06,2023-02-19,South,Bayelsa,Medical Expenses,RENT,7 years,49249,15.16,D,17.61,60,4500,3800.0,3800.0,Charged Off,2211.87,2023-12-31
LN100180,CU20180,William Thompson,2023-03-16,2023-03-17,North,Kano,Business Expansion,MORTGAGE,2 years,50226,18.7,B,11.18,36,7500,6200.0,6200.0,Fully Paid,8329.99,2023-12-31
LN100181,CU20181,Carol Wright,2022-04-16,2022-04-23,West,Osun,Medical Expenses,OWN,7 years,44531,3.92,D,16.04,60,26900,23900.0,22700.0,Fully Paid,30293.42,2023-12-31
LN100182,CU20182,John Clark,2022-05-08,2022-05-23,Central,Abuja FCT,Debt Consolidation,OWN,1 year,35666,4.06,D,15.3,36,16300,15600.0,15600.0,Fully Paid,19671.38,2023-12-31
LN100183,CU20183,Jessica Williams,2022-04-25,2022-04-30,West,Osun,Home Improvement,MORTGAGE,3 years,15533,6.31,C,14.26,36,22500,22500.0,21300.0,Fully Paid,25577.53,2023-12-31
LN100184,CU20184,George Torres,2022-05-01,,East,Imo,Business Expansion,RENT,2 years,28941,26.21,E,21.94,36,10400,0.0,0.0,Rejected,0.0,
LN100185,CU20185,Anthony Martin,2021-12-25,2021-12-27,East,Enugu,Debt Consolidation,MORTGAGE,10+ years,38337,19.67,B,10.28,60,18100,16600.0,14500.0,Fully Paid,22119.1,2023-12-31
LN100186,CU20186,Matthew King,2023-04-17,2023-04-25,East,Abia,Agriculture,OWN,4 years,123902,18.11,A,7.13,60,11500,10400.0,10400.0,Fully Paid,11858.3,2023-12-31
LN100187,CU20187,Elizabeth Robinson,2023-05-04,2023-05-13,North,Katsina,Business Expansion,MORTGAGE,8 years,95037,31.44,B,9.4,36,13300,11000.0,9800.0,Current,2346.37,2023-12-03
LN100188,CU20188,Lisa Garcia,2021-04-16,2021-04-19,Central,Niger,Agriculture,RENT,6 years,40821,31.76,A,8.02,36,32300,31600.0,31100.0,Current,31298.17,2023-11-19
LN100189,CU20189,Emily Wilson,2022-11-13,2022-11-17,West,Ogun,Medical Expenses,RENT,< 1 year,49731,6.96,C,12.64,36,9000,9000.0,8600.0,Fully Paid,11486.69,2023-12-31
LN100190,CU20190,Jessica Hill,2022-05-06,2022-05-21,South,Bayelsa,Debt Consolidation,MORTGAGE,5 years,51047,4.38,D,17.33,60,4200,4200.0,3900.0,Fully Paid,4862.67,2023-12-31
LN100191,CU20191,Lisa Allen,2021-07-21,2021-07-28,West,Osun,Car Purchase,MORTGAGE,7 years,83580,10.75,A,8.28,60,20800,20800.0,18900.0,Fully Paid,24422.92,2023-12-31
LN100192,CU20192,Joseph Martinez,2023-05-06,2023-05-19,North,Sokoto,Debt Consolidation,RENT,2 years,39100,27.56,C,12.59,36,18600,16200.0,16200.0,Fully Paid,18204.25,2023-12-31
LN100193,CU20193,Dorothy Perez,2023-10-02,2023-10-08,East,Abia,Personal,RENT,2 years,97519,28.79,C,14.2,60,19100,18100.0,18100.0,Current,979.19,2023-12-20
LN100194,CU20194,Paul Brown,2021-06-02,2021-06-07,Central,Abuja FCT,Home Improvement,MORTGAGE,< 1 year,44593,16.26,B,11.29,60,31400,28300.0,27100.0,Fully Paid,31679.87,2023-12-31
LN100195,CU20195,Elizabeth Smith,2023-02-04,2023-02-20,South,Bayelsa,Agriculture,OWN,9 years,72201,30.43,C,13.91,60,10300,8800.0,8800.0,Charged Off,3221.73,2023-12-31
LN100196,CU20196,James Johnson,2022-08-11,2022-08-17,Central,Kogi,Car Purchase,OWN,8 years,46026,23.65,D,17.44,60,16400,15600.0,14600.0,Charged Off,2311.25,2023-07-17
LN100197,CU20197,Jessica Gonzalez,2022-12-27,2023-01-11,Central,Kogi,Agriculture,RENT,6 years,85581,26.18,B,9.24,60,15200,15200.0,13300.0,Fully Paid,20475.46,2023-12-31
LN100198,CU20198,Karen Garcia,2023-04-11,2023-04-12,North,Kaduna,Education,RENT,6 years,50781,30.82,D,16.66,36,25300,23000.0,20900.0,Fully Paid,24720.53,2023-12-31
LN100199,CU20199,Margaret Perez,2023-12-18,2023-12-27,Central,Abuja FCT,Debt Consolidation,OWN,3 years,44620,28.4,B,9.63,60,8200,6600.0,6600.0,Charged Off,905.35,2023-12-31
LN100200,CU20200,Paul Torres,2022-10-07,2022-10-10,North,Kano,Debt Consolidation,OWN,3 years,93988,27.87,B,10.76,60,13900,11900.0,11900.0,Fully Paid,14508.33,2023-12-31
LN100201,CU20201,Matthew Wright,2021-10-14,2021-10-16,East,Abia,Small Business Startup,MORTGAGE,1 year,32880,12.08,B,10.5,60,11500,8700.0,8700.0,Current,3901.28,2023-12-27
LN100202,CU20202,Nancy Hill,2022-10-31,2022-11-16,Central,Plateau,Medical Expenses,OWN,10+ years,57092,15.62,B,9.82,60,2800,2500.0,2500.0,Fully Paid,3039.78,2023-12-31
LN100203,CU20203,Margaret Lopez,2021-06-25,2021-06-28,Central,Plateau,Medical Expenses,MORTGAGE,4 years,98120,20.5,A,8.39,36,31000,30900.0,29000.0,Fully Paid,35967.6,2023-12-31
LN100204,CU20204,Kenneth Martinez,2023-01-09,2023-01-24,West,Oyo,Agriculture,OWN,1 year,71149,4.54,C,12.02,60,13600,13300.0,13300.0,Fully Paid,15041.37,2023-12-31
LN100205,CU20205,Jennifer Lopez,2023-11-16,2023-12-04,West,Osun,Wedding,RENT,1 year,29326,12.83,C,12.08,60,13400,12200.0,12100.0,Current,664.72,2023-12-11
LN100206,CU20206,Matthew Smith,2023-03-06,2023-03-25,East,Abia,Car Purchase,OWN,8 years,26517,32.79,G,29.62,36,6800,6800.0,6800.0,Fully Paid,8538.04,2023-12-31
LN100207,CU20207,William Moore,2023-10-07,2023-10-21,East,Imo,Debt Consolidation,OWN,1 year,41460,20.87,B,9.5,60,23700,22500.0,20200.0,Fully Paid,28908.0,2023-12-31
LN100208,CU20208,Thomas Thomas,2023-07-27,2023-08-07,West,Ogun,Debt Consolidation,OWN,2 years,28896,29.45,A,6.91,60,16100,15200.0,14600.0,Fully Paid,17692.3,2023-12-31
LN100209,CU20209,Nancy Lewis,2021-10-06,2021-10-22,East,Abia,Home Improvement,RENT,5 years,61766,17.12,B,10.81,36,10700,9800.0,9600.0,Fully Paid,13125.85,2023-12-31
LN100210,CU20210,Charles Young,2022-10-30,2022-11-11,Central,Niger,Education,RENT,4 years,41344,26.07,B,11.45,60,10200,8600.0,8500.0,Current,2020.93,2023-11-24
LN100211,CU20211,Paul Lopez,2023-08-04,2023-08-07,Central,Abuja FCT,Car Purchase,MORTGAGE,3 years,46860,10.64,D,16.32,60,13400,12100.0,11200.0,Fully Paid,15593.23,2023-12-31
LN100212,CU20212,Carol Young,2022-05-11,2022-05-24,South,Akwa Ibom,Car Purchase,RENT,10+ years,32361,27.63,B,9.46,60,14800,10700.0,10700.0,Charged Off,6370.25,2023-12-31
LN100213,CU20213,Donna Sanchez,2021-03-17,2021-03-21,Central,Plateau,Business Expansion,RENT,8 years,50521,32.92,E,20.38,36,19100,16600.0,16600.0,Fully Paid,20704.86,2023-12-31
LN100214,CU20214,David Flores,2022-11-11,2022-11-19,North,Katsina,Personal,RENT,1 year,32414,23.59,B,9.03,60,17300,16600.0,16100.0,Fully Paid,20013.61,2023-12-31
LN100215,CU20215,Brian Torres,2023-02-06,2023-02-18,South,Bayelsa,Medical Expenses,RENT,7 years,35222,30.07,B,11.32,36,8500,8500.0,8100.0,Fully Paid,10156.07,2023-12-31
LN100216,CU20216,Anthony Garcia,2022-12-15,2023-01-01,North,Kano,Car Purchase,RENT,5 years,52498,4.7,C,13.37,36,6400,6100.0,6100.0,Fully Paid,7276.38,2023-12-31
LN100217,CU20217,George Lewis,2022-09-07,2022-09-11,East,Enugu,Business Expansion,OWN,1 year,64771,4.06,B,9.07,60,31500,29100.0,27300.0,Fully Paid,31989.81,2023-12-31
LN100218,CU20218,Jessica King,2022-11-09,2022-11-22,South,Delta,Wedding,MORTGAGE,6 years,47738,10.53,B,11.88,36,11100,10300.0,10300.0,Fully Paid,11390.94,2023-12-31
LN100219,CU20219,Margaret Sanchez,2023-07-10,2023-07-17,North,Kano,Debt Consolidation,MORTGAGE,6 years,42988,34.5,E,19.56,36,2500,2200.0,2100.0,Current,337.81,2023-12-27
LN100220,CU20220,Andrew Miller,2023-01-20,2023-02-05,Central,Niger,Education,RENT,3 years,72880,23.67,A,7.37,60,11600,10800.0,9700.0,Fully Paid,13410.71,2023-12-31
LN100221,CU20221,Matthew Flores,2022-12-14,2023-01-03,West,Lagos,Home Improvement,RENT,7 years,113889,28.33,D,16.85,60,23600,21300.0,19400.0,Fully Paid,26659.78,2023-12-31
LN100222,CU20222,Linda Thomas,2022-01-10,2022-01-30,East,Enugu,Car Purchase,RENT,2 years,51687,12.45,D,16.53,60,12300,10400.0,10300.0,Current,4216.13,2023-12-20
LN100223,CU20223,Ashley Wright,2023-09-30,2023-10-20,South,Delta,Business Expansion,RENT,2 years,49557,33.92,C,12.56,60,26300,24100.0,24100.0,Charged Off,6736.42,2023-12-08
LN100224,CU20224,Ashley Rodriguez,2023-11-02,2023-11-16,South,Bayelsa,Debt Consolidation,MORTGAGE,7 years,93391,16.11,E,19.64,60,24500,23700.0,23400.0,Fully Paid,28040.79,2023-12-31
LN100225,CU20225,Jennifer Torres,2022-08-22,2022-08-28,North,Kano,Debt Consolidation,OWN,4 years,57086,29.03,D,15.67,60,12600,11900.0,11400.0,Fully Paid,14514.37,2023-12-31
LN100226,CU20226,Deborah Young,2021-08-22,2021-09-09,Central,Abuja FCT,Agriculture,RENT,8 years,20335,13.81,C,14.47,60,25400,21300.0,20100.0,Fully Paid,22630.89,2023-12-31
LN100227,CU20227,Mark Wright,2021-07-29,2021-07-31,South,Bayelsa,Car Purchase,MORTGAGE,10+ years,44023,6.69,E,21.01,60,12100,9200.0,9200.0,Fully Paid,10622.07,2023-12-31
LN100228,CU20228,Jennifer Lewis,2022-03-06,2022-03-12,North,Kano,Medical Expenses,MORTGAGE,9 years,86307,29.77,B,11.07,60,18200,15400.0,15200.0,Fully Paid,19796.0,2023-12-31
LN100229,CU20229,Susan Brown,2023-12-27,2024-01-06,Central,Kogi,Car Purchase,RENT,9 years,39772,7.77,B,10.62,60,16600,16000.0,15100.0,Fully Paid,18083.25,2023-12-31
LN100230,CU20230,Steven Miller,2021-05-02,2021-05-10,South,Bayelsa,Medical Expenses,RENT,10+ years,69556,18.92,D,15.38,36,7000,6700.0,6600.0,Current,6243.3,2023-12-16
LN100231,CU20231,Edward Sanchez,2022-07-05,2022-07-08,West,Ogun,Agriculture,MORTGAGE,6 years,65226,10.59,D,16.13,36,23900,23200.0,21400.0,Fully Paid,29578.62,2023-12-31
LN100232,CU20232,Lisa Robinson,2021-01-06,2021-01-18,West,Oyo,Business Expansion,MORTGAGE,1 year,52447,30.53,C,14.19,60,1000,900.0,900.0,Fully Paid,1159.83,2023-12-31
LN100233,CU20233,Susan Ramirez,2022-07-04,2022-07-23,South,Bayelsa,Car Purchase,RENT,4 years,67457,11.64,F,23.35,36,11500,10900.0,10900.0,Fully Paid,14022.75,2023-12-31
LN100234,CU20234,Carol Brown,2023-07-31,2023-08-15,North,Kaduna,Home Improvement,OWN,1 year,38675,5.72,E,21.72,36,17900,16100.0,15300.0,Fully Paid,21695.58,2023-12-31
LN100235,CU20235,Richard Rodriguez,2022-07-16,2022-07-28,East,Anambra,Debt Consolidation,OWN,10+ years,70261,11.81,C,13.08,36,2100,1800.0,1800.0,Fully Paid,2240.41,2023-12-31
LN100236,CU20236,Betty Martin,2021-07-06,2021-07-09,South,Bayelsa,Medical Expenses,MORTGAGE,1 year,73468,8.12,E,18.0,60,14200,13100.0,13100.0,Current,6772.23,2023-11-18
LN100237,CU20237,Mark Smith,2021-09-04,2021-09-17,North,Sokoto,Debt Consolidation,RENT,2 years,32295,5.1,E,19.91,36,16900,16400.0,16400.0,Charged Off,8248.85,2022-01-30
LN100238,CU20238,Christopher White,2023-02-23,2023-02-26,East,Anambra,Business Expansion,OWN,10+ years,164290,16.34,B,11.98,36,19100,17400.0,17400.0,Fully Paid,18314.24,2023-12-31
LN100239,CU20239,David Lewis,2021-11-07,2021-11-10,East,Anambra,Medical Expenses,RENT,9 years,102537,9.84,C,14.06,36,20900,19300.0,18500.0,Fully Paid,21075.68,2023-12-31
LN100240,CU20240,Donna Harris,2022-10-07,2022-10-15,East,Abia,Medical Expenses,OWN,3 years,16626,21.82,F,23.11,36,15300,13300.0,13000.0,Fully Paid,16359.03,2023-12-31
LN100241,CU20241,Charles Johnson,2023-11-27,2023-12-07,East,Anambra,Home Improvement,MORTGAGE,8 years,37223,6.62,B,9.57,60,14700,11100.0,11000.0,Fully Paid,14265.06,2023-12-31
LN100242,CU20242,Jessica Young,2022-05-09,2022-05-21,West,Lagos,Home Improvement,RENT,10+ years,28056,19.05,B,10.78,36,12500,11800.0,11800.0,Fully Paid,12857.22,2023-12-31
LN100243,CU20243,Andrew Clark,2023-08-23,2023-09-01,East,Anambra,Education,OWN,< 1 year,45612,4.87,B,10.76,36,20400,19200.0,18700.0,Fully Paid,25474.06,2023-12-31
LN100244,CU20244,Betty Allen,2023-05-18,2023-05-27,East,Abia,Agriculture,MORTGAGE,6 years,18527,25.17,C,12.25,36,9300,7200.0,6400.0,Charged Off,1004.48,2023-12-31
LN100245,CU20245,Elizabeth Wright,2021-05-16,2021-05-18,East,Abia,Small Business Startup,RENT,6 years,24063,29.19,D,17.19,36,22200,19300.0,18000.0,Current,18924.46,2023-12-24
LN100246,CU20246,Sandra Flores,2022-09-26,2022-09-27,Central,Abuja FCT,Business Expansion,MORTGAGE,10+ years,57197,14.18,C,14.22,36,13300,12100.0,11800.0,Fully Paid,15251.44,2023-12-31
LN100247,CU20247,Ashley Thompson,2021-12-08,2021-12-12,Central,Kogi,Debt Consolidation,RENT,2 years,52886,24.4,B,11.25,60,18500,14500.0,14200.0,Fully Paid,15352.7,2023-12-31
LN100248,CU20248,Margaret Moore,2022-06-23,2022-07-08,Central,Abuja FCT,Agriculture,MORTGAGE,9 years,68976,5.98,D,16.88,60,5800,5300.0,5100.0,Fully Paid,5653.15,2023-12-31
LN100249,CU20249,Andrew Hernandez,2022-06-07,2022-06-15,East,Anambra,Home Improvement,OWN,9 years,38294,6.06,C,14.02,36,15700,15400.0,15400.0,Fully Paid,16181.87,2023-12-31
LN100250,CU20250,James Thomas,2023-01-16,2023-02-03,North,Katsina,Agriculture,RENT,2 years,87491,16.19,D,15.54,36,5400,5400.0,5100.0,Fully Paid,6826.71,2023-12-31
LN100251,CU20251,Anthony Anderson,2023-05-03,2023-05-22,East,Anambra,Business Expansion,MORTGAGE,5 years,55821,32.25,D,15.81,36,17100,14800.0,13000.0,Fully Paid,17769.06,2023-12-31
LN100252,CU20252,Patricia Lopez,2023-04-02,2023-04-13,South,Rivers,Medical Expenses,OWN,7 years,83038,24.72,D,17.6,60,6300,5200.0,5000.0,Charged Off,1707.54,2023-12-31
LN100253,CU20253,Richard Jackson,2022-05-12,2022-05-19,Central,Kogi,Small Business Startup,RENT,5 years,88401,13.24,B,10.78,60,26200,22600.0,22600.0,Fully Paid,27435.67,2023-12-31
LN100254,CU20254,Jessica Martinez,2021-02-18,2021-03-01,North,Katsina,Medical Expenses,OWN,8 years,28780,9.19,B,10.04,36,14800,12700.0,12600.0,Charged Off,5443.88,2022-02-08
LN100255,CU20255,Michael Wilson,2023-05-10,2023-05-19,Central,Niger,Business Expansion,RENT,< 1 year,62681,14.68,A,8.92,36,15100,13500.0,11900.0,Current,2987.75,2023-11-28
LN100256,CU20256,Anthony White,2021-07-15,2021-07-18,West,Lagos,Small Business Startup,MORTGAGE,2 years,41783,33.55,A,7.91,60,20600,20600.0,20400.0,Fully Paid,22014.91,2023-12-31
LN100257,CU20257,William Thomas,2022-10-08,2022-10-16,East,Imo,Personal,RENT,5 years,46710,14.72,B,9.95,60,18600,14100.0,13800.0,Current,3390.04,2023-11-24
LN100258,CU20258,Michael Martinez,2023-07-10,2023-07-17,North,Kano,Education,RENT,5 years,28821,29.51,D,16.22,60,1000,900.0,800.0,Fully Paid,1070.1,2023-12-31
LN100259,CU20259,Linda Garcia,2021-03-24,2021-04-05,South,Akwa Ibom,Debt Consolidation,OWN,5 years,20116,21.16,B,9.44,36,21000,17500.0,16800.0,Fully Paid,18631.99,2023-12-31
LN100260,CU20260,Thomas Lopez,2023-07-16,2023-07-20,North,Katsina,Business Expansion,MORTGAGE,8 years,140136,31.05,G,27.0,60,23800,19600.0,19500.0,Fully Paid,21401.98,2023-12-31
LN100261,CU20261,Patricia Anderson,2023-04-01,2023-04-20,South,Delta,Business Expansion,RENT,10+ years,161128,9.52,A,7.89,36,3000,3000.0,2900.0,Fully Paid,3975.69,2023-12-31
LN100262,CU20262,Mary Jones,2021-09-21,2021-09-23,South,Bayelsa,Wedding,OWN,5 years,55606,30.94,B,9.37,60,18000,18000.0,17400.0,Current,8797.27,2023-12-06
LN100263,CU20263,Ashley Johnson,2021-12-20,2021-12-29,West,Osun,Medical Expenses,RENT,3 years,32611,27.14,B,11.72,60,9800,7100.0,7100.0,Fully Paid,7771.58,2023-12-31
LN100264,CU20264,Michelle Flores,2023-10-19,2023-10-28,South,Akwa Ibom,Agriculture,RENT,8 years,43417,15.45,G,27.92,36,19200,18500.0,18000.0,Fully Paid,21751.75,2023-12-31
LN100265,CU20265,Kimberly Thomas,2023-02-23,2023-03-07,Central,Abuja FCT,Debt Consolidation,MORTGAGE,5 years,44904,29.95,A,7.44,60,24100,24100.0,24100.0,Fully Paid,28937.3,2023-12-31
LN100266,CU20266,Sarah Lopez,2022-03-25,2022-04-11,North,Sokoto,Small Business Startup,OWN,4 years,53451,17.74,A,6.18,60,24000,20600.0,20400.0,Fully Paid,25239.05,2023-12-31
LN100267,CU20267,David Miller,2022-06-30,2022-07-19,South,Delta,Home Improvement,MORTGAGE,< 1 year,36974,8.95,B,11.29,36,21900,21600.0,21500.0,Fully Paid,27847.09,2023-12-31
LN100268,CU20268,Barbara Lopez,2023-01-05,2023-01-24,South,Akwa Ibom,Debt Consolidation,MORTGAGE,< 1 year,67646,27.37,D,17.11,60,24500,23200.0,23200.0,Fully Paid,28279.24,2023-12-31
LN100269,CU20269,Ashley Wright,2023-10-02,2023-10-03,East,Anambra,Debt Consolidation,OWN,1 year,45552,15.43,C,12.17,36,9000,7900.0,7700.0,Fully Paid,8296.62,2023-12-31
LN100270,CU20270,Michelle Gonzalez,2021-12-30,2022-01-03,South,Akwa Ibom,Small Business Startup,RENT,< 1 year,46136,33.52,A,6.07,36,1000,900.0,800.0,Fully Paid,1177.38,2023-12-31
LN100271,CU20271,Lisa Sanchez,2022-11-21,2022-12-05,Central,Abuja FCT,Wedding,RENT,5 years,23779,9.67,D,15.41,36,8900,7700.0,7400.0,Fully Paid,10304.13,2023-12-31
LN100272,CU20272,Christopher Lopez,2022-04-03,2022-04-13,Central,Kogi,Small Business Startup,MORTGAGE,9 years,67193,17.72,B,11.44,60,20100,18600.0,18300.0,Fully Paid,21173.41,2023-12-31
LN100273,CU20273,George Smith,2021-03-08,2021-03-27,Central,Plateau,Business Expansion,OWN,9 years,15000,21.33,C,12.95,36,16500,15400.0,14100.0,Current,15167.34,2023-12-10
LN100274,CU20274,Melissa Jones,2022-10-17,2022-10-28,South,Akwa Ibom,Car Purchase,OWN,10+ years,69701,28.53,E,21.54,36,23500,22400.0,21200.0,Fully Paid,25302.23,2023-12-31
LN100275,CU20275,Brian Jones,2021-08-10,2021-08-24,East,Imo,Home Improvement,MORTGAGE,< 1 year,35860,22.78,C,12.14,60,11700,10800.0,10800.0,Fully Paid,14205.95,2023-12-31
LN100276,CU20276,Matthew Thompson,2021-07-27,2021-08-02,Central,Plateau,Debt Consolidation,RENT,9 years,30798,2.13,E,20.6,36,21600,18700.0,17900.0,Fully Paid,24118.48,2023-12-31
LN100277,CU20277,Charles Johnson,2021-08-03,2021-08-09,East,Imo,Business Expansion,OWN,5 years,39565,28.03,B,9.51,60,22000,21900.0,21000.0,Fully Paid,26589.09,2023-12-31
LN100278,CU20278,Jennifer Perez,2021-03-05,2021-03-11,Central,Plateau,Personal,RENT,10+ years,68887,24.67,A,6.49,60,1000,1000.0,1000.0,Charged Off,265.55,2022-05-04
LN100279,CU20279,Anthony Scott,2022-07-31,2022-08-19,Central,Kogi,Debt Consolidation,RENT,3 years,75692,33.88,A,6.29,60,24900,24900.0,24400.0,Fully Paid,29812.38,2023-12-31
LN100280,CU20280,Lisa Smith,2022-08-27,2022-08-31,West,Lagos,Medical Expenses,MORTGAGE,10+ years,43126,13.88,A,7.8,36,15000,12100.0,10300.0,Charged Off,2243.53,2023-07-25
LN100281,CU20281,Jennifer Walker,2023-03-26,2023-03-29,North,Sokoto,Debt Consolidation,RENT,7 years,39000,27.33,B,11.68,60,13800,12300.0,11700.0,Fully Paid,14344.98,2023-12-31
LN100282,CU20282,Matthew White,2021-04-02,2021-04-11,South,Bayelsa,Medical Expenses,RENT,7 years,60908,31.05,C,13.4,36,20400,16200.0,16200.0,Fully Paid,17744.5,2023-12-31
LN100283,CU20283,Kevin Miller,2023-04-28,2023-05-15,North,Sokoto,Debt Consolidation,MORTGAGE,3 years,33145,23.28,D,16.66,60,24000,20600.0,20200.0,Fully Paid,24939.48,2023-12-31
LN100284,CU20284,Donald Torres,2022-09-05,2022-09-22,South,Bayelsa,Home Improvement,OWN,6 years,45857,3.92,B,11.71,36,15300,15000.0,14200.0,Fully Paid,18075.68,2023-12-31
LN100285,CU20285,Carol Flores,2023-07-09,2023-07-14,South,Rivers,Debt Consolidation,OWN,2 years,44228,18.26,B,11.92,36,7000,5100.0,4900.0,Charged Off,709.84,2023-12-31
LN100286,CU20286,Richard Martinez,2022-10-17,2022-11-04,Central,Kogi,Business Expansion,MORTGAGE,1 year,49353,19.13,G,26.35,60,5600,5500.0,5500.0,Fully Paid,6230.73,2023-12-31
LN100287,CU20287,James Flores,2021-08-19,2021-08-23,Central,Plateau,Education,RENT,2 years,66355,5.97,G,26.59,36,19700,17000.0,14700.0,Fully Paid,18365.05,2023-12-31
LN100288,CU20288,Paul Thompson,2023-02-24,2023-02-26,West,Oyo,Business Expansion,MORTGAGE,7 years,54995,11.89,A,7.72,60,16300,15200.0,14900.0,Fully Paid,17797.56,2023-12-31
LN100289,CU20289,Joshua Sanchez,2022-11-10,2022-11-19,North,Katsina,Wedding,MORTGAGE,3 years,23851,4.17,C,12.15,60,8400,7200.0,7200.0,Fully Paid,7603.7,2023-12-31
LN100290,CU20290,Karen Martin,2021-07-21,2021-08-01,East,Abia,Business Expansion,OWN,2 years,46704,33.61,A,6.9,60,15200,12500.0,11700.0,Fully Paid,14687.9,2023-12-31
LN100291,CU20291,Jennifer Gonzalez,2023-04-14,2023-04-16,West,Ogun,Debt Consolidation,MORTGAGE,7 years,87268,21.08,A,8.28,60,19500,17400.0,15700.0,Fully Paid,19099.84,2023-12-31
LN100292,CU20292,Amanda Allen,2023-12-10,2023-12-12,West,Ogun,Car Purchase,MORTGAGE,< 1 year,99722,13.39,B,9.52,36,13100,13100.0,12700.0,Fully Paid,15548.84,2023-12-31
LN100293,CU20293,Lisa Gonzalez,2023-08-09,2023-08-10,East,Imo,Car Purchase,MORTGAGE,6 years,33664,6.43,A,7.91,36,31700,30600.0,29700.0,Fully Paid,36617.06,2023-12-31
LN100294,CU20294,Barbara Walker,2022-12-07,2022-12-17,Central,Kogi,Car Purchase,OWN,4 years,23580,11.07,A,8.25,36,13600,10100.0,10100.0,Charged Off,1260.74,2023-12-31
LN100295,CU20295,Deborah Wilson,2022-02-28,2022-03-01,South,Delta,Debt Consolidation,RENT,10+ years,25828,3.65,A,7.23,36,12900,12300.0,12000.0,Fully Paid,13403.24,2023-12-31
LN100296,CU20296,Joshua Smith,2022-09-18,2022-09-30,South,Akwa Ibom,Home Improvement,MORTGAGE,10+ years,56915,21.59,B,9.83,60,16500,15700.0,15200.0,Fully Paid,17512.76,2023-12-31
LN100297,CU20297,Carol King,2021-07-29,2021-08-16,Central,Plateau,Car Purchase,OWN,8 years,110410,10.16,A,9.0,60,13500,13500.0,13300.0,Fully Paid,16641.65,2023-12-31
LN100298,CU20298,Carol Miller,2022-11-20,2022-11-29,West,Lagos,Wedding,RENT,10+ years,28526,2.4,C,12.98,60,5000,5000.0,4700.0,Fully Paid,6678.28,2023-12-31
LN100299,CU20299,Karen Gonzalez,2021-04-27,2021-04-28,South,Delta,Car Purchase,MORTGAGE,6 years,40274,17.87,A,7.98,36,14500,13700.0,12800.0,Fully Paid,18484.6,2023-12-31
LN100300,CU20300,Anthony Sanchez,2022-01-24,2022-02-05,West,Lagos,Small Business Startup,RENT,3 years,24225,3.48,G,28.75,60,9800,9800.0,9200.0,Fully Paid,12775.53,2023-12-31
LN100301,CU20301,Kevin Scott,2021-07-19,2021-07-30,South,Akwa Ibom,Small Business Startup,RENT,2 years,21164,27.99,F,24.96,36,23100,18300.0,18300.0,Fully Paid,20435.17,2023-12-31
LN100302,CU20302,Melissa Martin,2023-02-01,2023-02-17,West,Oyo,Home Improvement,RENT,9 years,27996,32.3,A,6.88,36,15100,13400.0,13400.0,Charged Off,5590.46,2023-12-31
LN100303,CU20303,Michelle Jones,2023-10-22,2023-11-05,West,Ogun,Small Business Startup,OWN,10+ years,119300,19.05,C,13.15,60,2500,2500.0,2500.0,Charged Off,1317.8,2023-12-31
LN100304,CU20304,Richard Perez,2021-10-21,2021-11-01,West,Osun,Small Business Startup,RENT,2 years,43012,15.84,E,21.12,60,14000,11300.0,11000.0,Fully Paid,12464.43,2023-12-31
LN100305,CU20305,Patricia Smith,2022-03-05,2022-03-08,West,Oyo,Medical Expenses,OWN,9 years,73064,8.83,A,8.29,60,11600,11300.0,11300.0,Current,4412.88,2023-12-04
LN100306,CU20306,Betty Ramirez,2021-01-10,2021-01-11,West,Osun,Agriculture,OWN,8 years,41524,24.89,B,9.6,60,20400,15900.0,15700.0,Fully Paid,20305.16,2023-12-31
LN100307,CU20307,Richard Johnson,2022-04-09,2022-04-22,North,Kano,Business Expansion,MORTGAGE,5 years,57322,2.0,A,6.94,36,11100,7900.0,7400.0,Fully Paid,9020.49,2023-12-31
LN100308,CU20308,John Martin,2023-12-02,2023-12-13,East,Abia,Home Improvement,MORTGAGE,8 years,30932,2.05,B,10.01,36,20400,19900.0,19800.0,Fully Paid,23821.37,2023-12-31
LN100309,CU20309,Richard Hernandez,2022-04-13,2022-05-02,West,Lagos,Business Expansion,OWN,2 years,83897,28.95,B,9.63,36,7200,6000.0,6000.0,Fully Paid,6521.69,2023-12-31
LN100310,CU20310,Dorothy Williams,2021-04-10,2021-04-12,West,Oyo,Car Purchase,MORTGAGE,< 1 year,22605,19.97,A,7.99,36,8400,8000.0,8000.0,Fully Paid,9400.26,2023-12-31
LN100311,CU20311,Linda Scott,2021-11-10,2021-11-24,East,Abia,Small Business Startup,OWN,10+ years,65690,11.79,A,7.89,60,3000,3000.0,2900.0,Fully Paid,3746.23,2023-12-31
LN100312,CU20312,Michelle Hill,2021-08-03,2021-08-07,South,Bayelsa,Education,MORTGAGE,9 years,31879,32.79,B,9.35,36,19300,17300.0,17300.0,Fully Paid,21325.72,2023-12-31
LN100313,CU20313,Thomas King,2023-04-20,2023-04-27,South,Akwa Ibom,Small Business Startup,RENT,2 years,66149,11.04,D,15.12,60,18400,17700.0,16000.0,Fully Paid,21137.33,2023-12-31
LN100314,CU20314,James Smith,2023-10-09,2023-10-13,North,Kaduna,Personal,OWN,1 year,28282,25.14,E,21.12,36,18700,17200.0,17200.0,Fully Paid,21384.78,2023-12-31
LN100315,CU20315,Charles Taylor,2021-07-24,2021-08-04,West,Lagos,Business Expansion,OWN,< 1 year,67036,14.68,A,8.56,60,21800,20800.0,20800.0,Fully Paid,22563.22,2023-12-31
LN100316,CU20316,Edward Williams,2021-12-16,2021-12-19,North,Kano,Agriculture,RENT,5 years,31236,33.91,C,14.68,60,15100,14700.0,14600.0,Fully Paid,16946.41,2023-12-31
LN100317,CU20317,Betty Sanchez,2023-03-01,2023-03-05,West,Oyo,Debt Consolidation,MORTGAGE,7 years,18601,6.35,E,21.2,36,23800,20000.0,19800.0,Current,6160.9,2023-12-21
LN100318,CU20318,Michael Clark,2023-06-17,2023-07-07,Central,Plateau,Wedding,OWN,9 years,70575,22.62,B,10.14,60,24700,22000.0,21500.0,Charged Off,9729.11,2023-12-31
LN100319,CU20319,Donald Young,2023-06-22,2023-06-23,North,Katsina,Education,OWN,1 year,30846,22.5,B,9.78,60,4200,3600.0,3400.0,Fully Paid,4512.16,2023-12-31
LN100320,CU20320,Melissa Torres,2022-11-24,2022-12-08,Central,Niger,Wedding,MORTGAGE,8 years,45789,16.28,B,11.06,36,6100,5500.0,5200.0,Fully Paid,6185.15,2023-12-31
LN100321,CU20321,Kevin Harris,2021-01-24,2021-02-09,South,Rivers,Small Business Startup,MORTGAGE,2 years,81050,8.57,C,13.52,60,26600,23400.0,22400.0,Fully Paid,25095.55,2023-12-31
LN100322,CU20322,Christopher Thomas,2021-04-14,2021-04-27,East,Imo,Home Improvement,MORTGAGE,3 years,38653,34.35,B,10.65,60,15300,13800.0,12700.0,Fully Paid,14816.36,2023-12-31
LN100323,CU20323,Andrew Lewis,2023-07-05,2023-07-09,North,Katsina,Car Purchase,RENT,1 year,21358,15.12,D,17.94,36,7600,6600.0,5800.0,Fully Paid,7000.95,2023-12-31
LN100324,CU20324,James Garcia,2023-11-08,2023-11-19,Central,Kogi,Home Improvement,MORTGAGE,3 years,46276,33.96,D,16.96,60,9200,8100.0,7700.0,Fully Paid,8636.89,2023-12-31
LN100325,CU20325,Sandra Perez,2023-01-15,2023-01-16,Central,Plateau,Medical Expenses,MORTGAGE,7 years,27314,2.5,C,12.34,36,21600,21600.0,19300.0,Fully Paid,28057.65,2023-12-31
LN100326,CU20326,Charles Scott,2021-08-06,2021-08-10,Central,Kogi,Home Improvement,OWN,2 years,74364,30.58,C,13.48,60,19400,18500.0,16700.0,Fully Paid,20512.36,2023-12-31
LN100327,CU20327,Betty Wilson,2022-11-24,2022-12-09,West,Ogun,Car Purchase,OWN,6 years,44213,21.24,D,15.14,36,14700,11600.0,11200.0,Fully Paid,14230.82,2023-12-31
LN100328,CU20328,William Young,2023-06-06,2023-06-25,North,Kaduna,Agriculture,MORTGAGE,7 years,61320,24.19,A,8.77,36,14800,13900.0,13200.0,Fully Paid,17994.57,2023-12-31
LN100329,CU20329,Matthew Hill,2023-10-30,2023-11-08,Central,Kogi,Small Business Startup,RENT,6 years,40273,25.87,B,11.94,36,2100,1900.0,1900.0,Fully Paid,2190.43,2023-12-31
LN100330,CU20330,Mark Rodriguez,2023-11-16,2023-11-23,South,Bayelsa,Home Improvement,RENT,8 years,87611,5.02,D,17.58,36,17400,14900.0,13900.0,Current,824.83,2023-11-18
LN100331,CU20331,Daniel Rodriguez,2021-08-25,2021-09-12,South,Akwa Ibom,Home Improvement,RENT,8 years,47561,26.18,B,10.44,60,9300,9300.0,9200.0,Fully Paid,12128.97,2023-12-31
LN100332,CU20332,James King,2023-02-20,,North,Kaduna,Agriculture,OWN,< 1 year,60092,19.96,F,24.68,36,18900,0.0,0.0,Rejected,0.0,
LN100333,CU20333,Sarah Hernandez,2021-10-27,2021-11-08,East,Imo,Car Purchase,OWN,4 years,34770,14.25,D,15.61,36,15300,15000.0,13300.0,Fully Paid,16211.16,2023-12-31
LN100334,CU20334,Carol Scott,2022-05-02,2022-05-15,South,Bayelsa,Business Expansion,MORTGAGE,4 years,55725,23.99,E,20.77,36,13200,10700.0,10700.0,Fully Paid,14306.01,2023-12-31
LN100335,CU20335,Christopher Scott,2022-05-30,2022-06-07,North,Kaduna,Car Purchase,OWN,9 years,120166,32.9,B,11.61,60,8900,6900.0,6500.0,Fully Paid,8703.58,2023-12-31
LN100336,CU20336,Lisa Nguyen,2022-02-01,2022-02-07,Central,Niger,Education,RENT,7 years,49111,5.48,F,22.71,36,11100,9100.0,9100.0,Fully Paid,11561.77,2023-12-31
LN100337,CU20337,Matthew Williams,2022-06-26,2022-06-27,West,Oyo,Debt Consolidation,OWN,2 years,69959,28.87,A,7.75,60,17700,16800.0,15400.0,Fully Paid,21216.83,2023-12-31
LN100338,CU20338,John Martinez,2022-09-09,2022-09-20,East,Enugu,Home Improvement,RENT,9 years,29652,19.67,C,13.65,36,4200,4000.0,4000.0,Fully Paid,5348.39,2023-12-31
LN100339,CU20339,Robert Allen,2023-04-07,2023-04-18,South,Bayelsa,Home Improvement,OWN,5 years,46330,13.7,F,22.88,36,17600,16200.0,16200.0,Fully Paid,18436.77,2023-12-31
LN100340,CU20340,Edward Flores,2021-01-19,2021-02-08,Central,Plateau,Education,OWN,10+ years,18711,30.34,A,7.04,36,22400,21400.0,21400.0,Fully Paid,24035.37,2023-12-31
LN100341,CU20341,Carol Lee,2023-03-02,2023-03-19,West,Lagos,Business Expansion,RENT,8 years,60665,7.92,C,14.17,36,7600,7400.0,7200.0,Fully Paid,8602.41,2023-12-31
LN100342,CU20342,Steven Lewis,2022-08-31,2022-09-04,West,Lagos,Debt Consolidation,MORTGAGE,3 years,107482,2.63,A,6.96,36,9300,8400.0,8000.0,Fully Paid,11229.82,2023-12-31
LN100343,CU20343,Paul Smith,2022-03-13,2022-03-31,North,Kano,Education,MORTGAGE,6 years,26372,9.25,C,14.51,36,10500,10000.0,8700.0,Fully Paid,13135.91,2023-12-31
LN100344,CU20344,Deborah Ramirez,2021-02-18,2021-02-20,North,Kano,Business Expansion,RENT,5 years,92575,24.98,C,12.11,36,8100,5700.0,5500.0,Current,5586.75,2023-12-27
LN100345,CU20345,Andrew Anderson,2023-03-06,2023-03-07,East,Abia,Agriculture,RENT,10+ years,31062,21.99,C,13.21,60,15700,13500.0,13400.0,Fully Paid,14654.14,2023-12-31
LN100346,CU20346,Dorothy Flores,2021-05-29,2021-06-18,North,Kaduna,Debt Consolidation,RENT,8 years,34107,31.56,B,9.32,60,15300,13700.0,13300.0,Charged Off,6612.13,2023-12-31
LN100347,CU20347,Matthew Sanchez,2021-11-17,2021-12-05,North,Katsina,Wedding,MORTGAGE,3 years,159429,22.74,A,6.41,60,6100,6000.0,6000.0,Fully Paid,7441.28,2023-12-31
LN100348,CU20348,Carol White,2021-09-10,2021-09-28,North,Kano,Agriculture,OWN,< 1 year,52021,18.01,E,20.29,60,23800,19400.0,18600.0,Fully Paid,20865.44,2023-12-31
LN100349,CU20349,Melissa Thompson,2023-11-16,2023-11-23,South,Bayelsa,Agriculture,OWN,2 years,34200,14.8,E,18.74,60,14500,14400.0,14300.0,Charged Off,6271.04,2023-12-31
LN100350,CU20350,Patricia Scott,2022-08-19,2022-09-07,West,Lagos,Debt Consolidation,MORTGAGE,1 year,50007,4.45,C,12.75,36,24600,18900.0,18900.0,Fully Paid,21720.92,2023-12-31
LN100351,CU20351,Kevin Thomas,2021-05-23,2021-06-12,North,Sokoto,Home Improvement,OWN,5 years,37013,14.2,B,10.46,60,13500,12100.0,12100.0,Fully Paid,15222.25,2023-12-31
LN100352,CU20352,Andrew Torres,2023-05-28,2023-06-11,East,Imo,Debt Consolidation,OWN,< 1 year,75781,23.84,B,9.94,36,13400,13000.0,13000.0,Fully Paid,15052.0,2023-12-31
LN100353,CU20353,George Perez,2023-07-02,2023-07-08,West,Osun,Education,RENT,4 years,60220,27.8,A,7.46,36,26600,25800.0,23500.0,Fully Paid,27724.48,2023-12-31
LN100354,CU20354,William Wright,2021-06-06,2021-06-25,South,Akwa Ibom,Car Purchase,MORTGAGE,1 year,50301,26.49,C,14.68,36,11500,10900.0,10800.0,Fully Paid,13960.28,2023-12-31
LN100355,CU20355,John Scott,2021-11-01,2021-11-06,East,Abia,Small Business Startup,RENT,6 years,105343,31.34,D,15.67,60,23600,23600.0,22800.0,Fully Paid,28393.72,2023-12-31
LN100356,CU20356,Lisa Allen,2021-12-06,2021-12-25,North,Kano,Car Purchase,MORTGAGE,2 years,28347,8.67,B,10.34,36,6300,5600.0,5000.0,Fully Paid,6987.81,2023-12-31
LN100357,CU20357,Melissa Walker,2022-03-25,2022-04-02,East,Enugu,Small Business Startup,RENT,3 years,32581,29.12,C,12.19,60,27200,26300.0,26300.0,Charged Off,5349.08,2023-12-31
LN100358,CU20358,Matthew Walker,2021-03-23,,West,Lagos,Home Improvement,MORTGAGE,5 years,29901,23.0,F,22.41,60,5600,0.0,0.0,Rejected,0.0,
LN100359,CU20359,Melissa Taylor,2023-02-11,2023-02-28,Central,Niger,Debt Consolidation,MORTGAGE,6 years,60381,10.73,D,16.1,36,4100,3900.0,3900.0,Fully Paid,5233.03,2023-12-31
LN100360,CU20360,Kimberly Sanchez,2023-09-25,2023-10-10,East,Imo,Debt Consolidation,RENT,9 years,68995,25.07,A,6.02,36,6900,6500.0,5800.0,Current,365.29,2023-11-20
LN100361,CU20361,Sarah Wilson,2021-11-19,2021-11-27,South,Delta,Debt Consolidation,RENT,9 years,66543,31.31,D,17.15,36,12600,11300.0,10700.0,Fully Paid,12984.46,2023-12-31
LN100362,CU20362,Donald Walker,2021-11-27,2021-12-02,West,Ogun,Medical Expenses,MORTGAGE,6 years,65518,5.13,A,6.07,36,21100,17700.0,17000.0,Fully Paid,19440.6,2023-12-31
LN100363,CU20363,Steven Williams,2021-04-25,2021-05-15,Central,Niger,Debt Consolidation,OWN,4 years,56967,12.32,B,11.77,60,26400,25700.0,25700.0,Fully Paid,31901.07,2023-12-31
LN100364,CU20364,George Jackson,2023-07-09,2023-07-17,North,Kano,Debt Consolidation,MORTGAGE,7 years,65080,22.44,E,21.47,36,31100,29200.0,29200.0,Fully Paid,35923.35,2023-12-31
LN100365,CU20365,Donna Lopez,2021-12-10,,Central,Kogi,Medical Expenses,MORTGAGE,10+ years,41850,25.34,G,27.37,60,27500,0.0,0.0,Rejected,0.0,
LN100366,CU20366,Joshua Nguyen,2023-02-14,,North,Kano,Medical Expenses,RENT,2 years,38218,32.66,F,22.43,36,17900,0.0,0.0,Rejected,0.0,
LN100367,CU20367,Kimberly Allen,2021-07-17,,West,Ogun,Debt Consolidation,OWN,7 years,64956,21.57,G,29.61,36,22100,0.0,0.0,Rejected,0.0,
LN100368,CU20368,Paul Allen,2023-09-15,2023-09-29,North,Kaduna,Car Purchase,MORTGAGE,2 years,36538,14.31,D,17.71,36,30700,30700.0,30700.0,Fully Paid,35646.18,2023-12-31
LN100369,CU20369,Brian King,2023-09-15,2023-09-29,West,Ogun,Home Improvement,RENT,5 years,85296,7.92,A,7.77,36,28500,28500.0,28500.0,Current,2544.98,2023-12-17
LN100370,CU20370,Jennifer Jackson,2022-06-12,2022-07-01,Central,Plateau,Debt Consolidation,OWN,< 1 year,60667,27.71,A,8.13,36,27400,26100.0,25900.0,Fully Paid,31474.74,2023-12-31
LN100371,CU20371,Dorothy Wilson,2023-01-12,2023-01-21,East,Abia,Personal,OWN,2 years,15704,7.07,C,13.28,60,12600,12100.0,11800.0,Fully Paid,14242.53,2023-12-31
LN100372,CU20372,Michelle Moore,2023-04-27,2023-05-15,West,Ogun,Medical Expenses,MORTGAGE,8 years,69173,3.72,B,10.45,60,14400,13500.0,12600.0,Fully Paid,15202.8,2023-12-31
LN100373,CU20373,Andrew Thompson,2021-09-01,2021-09-05,West,Ogun,Agriculture,MORTGAGE,3 years,29472,30.48,E,19.79,36,20000,18700.0,17300.0,Current,15418.33,2023-12-10
LN100374,CU20374,Emily Flores,2023-03-08,2023-03-24,North,Kano,Wedding,MORTGAGE,< 1 year,76741,2.99,G,29.22,36,17000,15600.0,15500.0,Fully Paid,18417.57,2023-12-31
LN100375,CU20375,Thomas Anderson,2021-03-19,2021-04-08,East,Enugu,Agriculture,MORTGAGE,6 years,38855,34.19,A,8.79,60,13400,12700.0,11900.0,Fully Paid,14426.45,2023-12-31
LN100376,CU20376,Patricia Lopez,2021-01-22,2021-01-29,West,Osun,Debt Consolidation,OWN,10+ years,45253,17.48,B,11.79,60,11100,10000.0,9600.0,Charged Off,3997.57,2023-12-31
LN100377,CU20377,Brian Anderson,2021-03-15,2021-03-18,Central,Niger,Personal,RENT,3 years,47677,11.19,D,16.97,36,18800,18800.0,17300.0,Fully Paid,24137.36,2023-12-31
LN100378,CU20378,Kevin Sanchez,2023-11-27,2023-12-15,West,Ogun,Debt Consolidation,OWN,1 year,34803,13.73,B,11.76,60,11400,11000.0,10400.0,Fully Paid,12698.71,2023-12-31
LN100379,CU20379,Sarah Anderson,2023-07-21,2023-08-04,Central,Niger,Debt Consolidation,RENT,9 years,48332,11.98,B,9.01,36,8200,7700.0,7600.0,Fully Paid,9375.44,2023-12-31
LN100380,CU20380,Charles Perez,2022-05-28,2022-06-05,North,Sokoto,Education,MORTGAGE,7 years,30383,22.59,A,8.9,60,14200,13000.0,12100.0,Fully Paid,17398.83,2023-12-31
LN100381,CU20381,Carol Robinson,2023-09-15,2023-09-23,Central,Abuja FCT,Home Improvement,OWN,4 years,46511,17.13,E,18.27,36,9900,9900.0,9900.0,Fully Paid,11619.91,2023-12-31
LN100382,CU20382,Kimberly Wright,2022-05-24,2022-05-27,North,Sokoto,Agriculture,RENT,1 year,66620,19.75,B,10.2,60,12800,11700.0,10500.0,Fully Paid,12911.48,2023-12-31
LN100383,CU20383,Daniel Wilson,2022-01-10,2022-01-26,Central,Kogi,Car Purchase,MORTGAGE,10+ years,85913,13.93,C,14.79,36,14500,14500.0,13700.0,Fully Paid,16246.65,2023-12-31
LN100384,CU20384,Thomas Wilson,2022-05-27,2022-05-31,South,Delta,Wedding,MORTGAGE,5 years,20253,8.48,A,6.47,36,30200,30200.0,29100.0,Fully Paid,37832.86,2023-12-31
LN100385,CU20385,Ashley Flores,2023-09-15,2023-10-01,North,Kaduna,Home Improvement,RENT,9 years,95284,6.66,C,12.95,60,5700,5400.0,5000.0,Current,300.95,2023-11-29
LN100386,CU20386,Sarah Sanchez,2021-04-21,2021-05-08,South,Delta,Debt Consolidation,MORTGAGE,6 years,35533,11.43,E,19.91,36,6200,6200.0,5900.0,Fully Paid,8110.34,2023-12-31
LN100387,CU20387,Barbara Robinson,2022-10-09,2022-10-22,North,Katsina,Business Expansion,MORTGAGE,< 1 year,83356,28.27,A,6.04,36,16600,14000.0,13100.0,Fully Paid,16066.83,2023-12-31
LN100388,CU20388,Thomas Lopez,2022-05-01,2022-05-13,Central,Kogi,Agriculture,RENT,7 years,36149,10.69,B,11.88,60,19300,16800.0,16700.0,Fully Paid,19776.67,2023-12-31
LN100389,CU20389,Brian White,2022-07-27,2022-07-31,East,Abia,Business Expansion,RENT,2 years,48340,32.38,B,10.71,36,7700,6600.0,6400.0,Fully Paid,8522.09,2023-12-31
LN100390,CU20390,Margaret Harris,2021-11-03,2021-11-08,South,Delta,Business Expansion,RENT,< 1 year,73166,7.1,D,15.53,60,1000,900.0,900.0,Fully Paid,1174.34,2023-12-31
LN100391,CU20391,Paul Lee,2022-05-29,2022-06-04,West,Oyo,Agriculture,MORTGAGE,9 years,52238,22.3,A,6.14,36,1000,1000.0,900.0,Current,592.21,2023-12-01
LN100392,CU20392,Kenneth Miller,2022-06-17,2022-06-29,West,Oyo,Debt Consolidation,RENT,5 years,49061,16.46,C,13.68,60,12700,11600.0,11000.0,Charged Off,1863.18,2023-09-09
LN100393,CU20393,Andrew Torres,2022-08-06,2022-08-21,Central,Niger,Home Improvement,RENT,5 years,37932,22.07,A,8.02,60,17600,15400.0,15400.0,Fully Paid,17930.55,2023-12-31
LN100394,CU20394,Sandra Martinez,2023-05-14,2023-05-17,South,Akwa Ibom,Business Expansion,MORTGAGE,9 years,39370,6.14,D,16.71,36,9200,9000.0,9000.0,Current,1809.91,2023-12-11
LN100395,CU20395,Dorothy Jackson,2022-07-10,2022-07-24,East,Abia,Small Business Startup,RENT,5 years,51232,27.58,B,11.24,60,25400,20900.0,20800.0,Current,6680.42,2023-12-23
LN100396,CU20396,George Thomas,2022-03-08,2022-03-24,East,Enugu,Home Improvement,OWN,6 years,53537,24.39,C,12.31,36,22000,18700.0,18700.0,Fully Paid,19782.91,2023-12-31
LN100397,CU20397,Kimberly Garcia,2021-11-15,,North,Sokoto,Home Improvement,OWN,10+ years,72709,34.67,G,29.73,60,26800,0.0,0.0,Rejected,0.0,
LN100398,CU20398,Karen Anderson,2023-06-27,2023-06-28,South,Akwa Ibom,Debt Consolidation,MORTGAGE,2 years,27564,10.61,B,9.39,36,23000,22300.0,21400.0,Charged Off,6208.78,2023-12-31
LN100399,CU20399,Donald Robinson,2023-07-01,2023-07-20,Central,Kogi,Debt Consolidation,OWN,8 years,56716,6.97,A,6.53,60,5800,5600.0,5000.0,Fully Paid,6954.84,2023-12-31
LN100400,CU20400,Karen Thompson,2021-07-03,2021-07-08,West,Ogun,Business Expansion,RENT,4 years,49239,26.79,D,16.1,60,18700,15800.0,15800.0,Fully Paid,16590.44,2023-12-31
LN100401,CU20401,Edward Rodriguez,2023-08-19,2023-09-04,East,Imo,Business Expansion,MORTGAGE,< 1 year,81717,10.96,E,20.75,60,6100,5400.0,5000.0,Fully Paid,6910.71,2023-12-31
LN100402,CU20402,Charles Hill,2023-02-05,2023-02-18,South,Rivers,Agriculture,OWN,6 years,20990,26.25,A,8.65,60,1000,800.0,800.0,Fully Paid,1011.59,2023-12-31
LN100403,CU20403,Matthew Harris,2021-06-12,2021-06-22,South,Akwa Ibom,Medical Expenses,RENT,10+ years,73873,13.35,B,9.72,60,15800,15800.0,15800.0,Fully Paid,19111.42,2023-12-31
LN100404,CU20404,Anthony Gonzalez,2021-10-07,2021-10-16,North,Kano,Small Business Startup,RENT,1 year,70576,12.78,B,10.91,60,14000,11600.0,11600.0,Fully Paid,13892.15,2023-12-31
LN100405,CU20405,Mary Martinez,2022-01-16,2022-01-17,North,Kaduna,Debt Consolidation,OWN,4 years,96991,3.07,G,27.08,60,19800,19800.0,17500.0,Current,7761.55,2023-11-30
LN100406,CU20406,Susan Perez,2023-10-18,,West,Oyo,Small Business Startup,RENT,7 years,63704,34.46,E,20.79,36,1000,0.0,0.0,Rejected,0.0,
LN100407,CU20407,Nancy Garcia,2022-06-30,2022-07-07,South,Rivers,Debt Consolidation,RENT,1 year,40695,9.48,A,7.63,36,30100,29300.0,25700.0,Fully Paid,32963.2,2023-12-31
LN100408,CU20408,James Davis,2023-06-27,2023-07-14,South,Bayelsa,Agriculture,OWN,< 1 year,77877,17.75,E,18.8,36,4700,4100.0,4100.0,Fully Paid,4561.39,2023-12-31
LN100409,CU20409,Carol Martin,2021-03-28,2021-04-13,East,Anambra,Debt Consolidation,MORTGAGE,8 years,24742,29.75,A,7.56,60,1000,800.0,800.0,Fully Paid,887.69,2023-12-31
LN100410,CU20410,Patricia Wilson,2023-06-09,2023-06-28,North,Kano,Business Expansion,RENT,< 1 year,60339,12.01,C,12.5,60,16500,14500.0,14100.0,Current,1621.64,2023-12-31
LN100411,CU20411,John Nguyen,2023-01-31,2023-02-20,West,Ogun,Business Expansion,OWN,3 years,60118,34.05,B,9.47,36,7100,6800.0,6600.0,Fully Paid,9118.09,2023-12-31
LN100412,CU20412,Kenneth Brown,2021-11-12,2021-11-28,North,Sokoto,Debt Consolidation,MORTGAGE,8 years,35669,32.97,C,14.37,36,10300,10100.0,8800.0,Current,8046.69,2023-11-20
LN100413,CU20413,Edward Thompson,2021-02-13,2021-02-22,West,Ogun,Business Expansion,MORTGAGE,6 years,59365,14.32,E,19.43,36,24600,22100.0,20300.0,Fully Paid,26422.55,2023-12-31
LN100414,CU20414,Emily Jackson,2022-01-24,2022-02-08,Central,Plateau,Car Purchase,MORTGAGE,2 years,21935,4.31,D,16.63,60,5400,5100.0,4900.0,Fully Paid,6626.96,2023-12-31
LN100415,CU20415,Emily Hernandez,2023-07-10,2023-07-11,North,Kano,Debt Consolidation,RENT,4 years,24797,18.58,B,10.62,60,17600,15800.0,15800.0,Fully Paid,18988.24,2023-12-31
LN100416,CU20416,Barbara Johnson,2022-05-05,2022-05-12,Central,Kogi,Business Expansion,RENT,1 year,93270,19.53,D,16.97,60,9100,8900.0,8900.0,Fully Paid,10673.46,2023-12-31
LN100417,CU20417,Elizabeth Flores,2023-04-20,2023-04-22,East,Imo,Debt Consolidation,MORTGAGE,5 years,84140,16.23,E,18.44,36,16100,14500.0,14500.0,Fully Paid,15789.52,2023-12-31
LN100418,CU20418,John Gonzalez,2022-01-28,2022-02-13,North,Katsina,Business Expansion,OWN,< 1 year,39617,12.18,C,13.71,60,1000,900.0,900.0,Fully Paid,1134.35,2023-12-31
LN100419,CU20419,Patricia White,2021-01-27,2021-02-11,South,Rivers,Car Purchase,OWN,10+ years,78337,33.24,B,10.47,36,19700,17400.0,16900.0,Fully Paid,18586.85,2023-12-23
LN100420,CU20420,Melissa Clark,2022-06-29,2022-07-02,East,Enugu,Medical Expenses,MORTGAGE,< 1 year,42134,5.97,D,17.2,60,4700,4500.0,3900.0,Fully Paid,6021.79,2023-12-31
LN100421,CU20421,Michael Anderson,2022-01-24,2022-02-11,Central,Plateau,Business Expansion,OWN,8 years,42813,26.99,A,7.97,36,5300,4800.0,4400.0,Fully Paid,5637.87,2023-12-31
LN100422,CU20422,Deborah Torres,2023-05-25,2023-06-11,East,Abia,Home Improvement,OWN,2 years,57237,29.55,A,8.38,60,18900,17200.0,17200.0,Fully Paid,18876.19,2023-12-31
LN100423,CU20423,Mark Thompson,2023-02-01,2023-02-21,East,Imo,Debt Consolidation,RENT,10+ years,20760,2.95,A,7.29,60,25500,23500.0,22000.0,Fully Paid,28521.66,2023-12-31
LN100424,CU20424,Deborah Scott,2023-07-16,2023-07-26,East,Imo,Debt Consolidation,RENT,6 years,77038,15.12,C,12.0,36,15300,15200.0,14000.0,Fully Paid,18320.3,2023-12-31
LN100425,CU20425,Karen Smith,2022-03-16,2022-04-03,East,Anambra,Home Improvement,RENT,< 1 year,71757,3.67,F,25.09,60,1000,900.0,800.0,Fully Paid,1099.08,2023-12-31
LN100426,CU20426,Elizabeth Miller,2022-12-30,,North,Katsina,Home Improvement,OWN,2 years,65825,32.7,E,19.06,36,14100,0.0,0.0,Rejected,0.0,
LN100427,CU20427,Joseph Taylor,2023-03-30,2023-04-15,East,Enugu,Home Improvement,MORTGAGE,3 years,15000,13.04,E,20.94,60,12000,8800.0,8600.0,Current,1318.66,2023-11-17
LN100428,CU20428,Brian Torres,2021-03-18,2021-03-29,North,Sokoto,Wedding,MORTGAGE,9 years,28746,7.08,D,16.14,36,11300,9400.0,8300.0,Fully Paid,12174.34,2023-12-31
LN100429,CU20429,Linda Anderson,2023-02-23,2023-03-13,Central,Abuja FCT,Car Purchase,OWN,4 years,46935,25.01,A,7.57,60,11700,9700.0,9700.0,Fully Paid,11136.08,2023-12-31
LN100430,CU20430,Joseph Martinez,2023-07-02,2023-07-16,North,Katsina,Small Business Startup,MORTGAGE,9 years,42339,9.59,B,10.51,36,3300,3300.0,3300.0,Fully Paid,3855.38,2023-12-31
LN100431,CU20431,Nancy Garcia,2023-03-29,2023-04-03,West,Lagos,Car Purchase,RENT,1 year,29832,26.35,E,19.59,60,12400,10300.0,9800.0,Fully Paid,12301.05,2023-12-31
LN100432,CU20432,Ashley Sanchez,2023-12-10,2023-12-21,Central,Niger,Personal,OWN,3 years,44674,34.62,A,6.21,60,22100,19600.0,19600.0,Fully Paid,23966.99,2023-12-31
LN100433,CU20433,Kevin Clark,2022-12-15,2022-12-25,West,Oyo,Business Expansion,OWN,5 years,24568,12.9,C,13.03,36,1000,900.0,900.0,Current,315.74,2023-12-03
LN100434,CU20434,Michelle Martinez,2022-04-24,2022-04-28,West,Lagos,Education,OWN,10+ years,62584,2.53,D,16.12,36,7400,6400.0,6400.0,Fully Paid,7186.65,2023-12-31
LN100435,CU20435,Elizabeth Jackson,2021-08-16,2021-08-23,North,Sokoto,Agriculture,RENT,7 years,73510,12.7,A,7.41,60,18600,18600.0,18600.0,Fully Paid,20712.26,2023-12-31
LN100436,CU20436,Kimberly Taylor,2021-10-17,2021-10-26,Central,Plateau,Medical Expenses,MORTGAGE,10+ years,74071,11.11,B,9.06,36,9100,7600.0,7600.0,Current,5722.73,2023-11-17
LN100437,CU20437,Michelle Moore,2021-01-18,2021-01-22,North,Katsina,Medical Expenses,OWN,6 years,55697,30.03,D,16.98,60,7100,5300.0,5100.0,Charged Off,2828.64,2023-04-23
LN100438,CU20438,Joseph Harris,2022-10-09,2022-10-16,Central,Abuja FCT,Business Expansion,RENT,9 years,62321,4.69,A,7.59,36,6400,5200.0,5100.0,Fully Paid,6174.46,2023-12-31
LN100439,CU20439,Amanda Johnson,2023-12-21,2023-12-22,North,Kano,Home Improvement,RENT,5 years,53269,20.61,D,16.47,36,22500,20700.0,20300.0,Fully Paid,23920.38,2023-12-31
LN100440,CU20440,Karen Thomas,2021-05-07,2021-05-25,Central,Kogi,Business Expansion,MORTGAGE,4 years,34234,15.42,F,25.51,36,18500,17400.0,15300.0,Fully Paid,19447.54,2023-12-31
LN100441,CU20441,Betty Rodriguez,2023-12-03,2023-12-17,North,Katsina,Car Purchase,MORTGAGE,9 years,65342,24.43,F,25.49,36,23500,22100.0,22100.0,Current,1130.32,2023-12-12
LN100442,CU20442,Joshua Perez,2022-02-28,2022-03-05,West,Ogun,Medical Expenses,MORTGAGE,2 years,29379,2.54,C,13.74,36,7800,7600.0,7600.0,Fully Paid,9587.71,2023-12-31
LN100443,CU20443,William Ramirez,2022-10-13,2022-10-19,South,Delta,Business Expansion,OWN,8 years,54401,5.41,A,7.6,36,20200,17500.0,16600.0,Fully Paid,22993.1,2023-12-31
LN100444,CU20444,Mary Lee,2022-09-14,2022-09-19,West,Osun,Debt Consolidation,RENT,10+ years,55521,13.77,D,17.8,60,24400,22600.0,22500.0,Fully Paid,24453.91,2023-12-31
LN100445,CU20445,Mary Flores,2022-04-18,2022-04-30,Central,Kogi,Education,MORTGAGE,3 years,18609,22.04,A,6.69,36,22000,19200.0,18400.0,Current,11914.39,2023-12-23
LN100446,CU20446,Steven Hill,2022-01-12,2022-01-19,West,Oyo,Debt Consolidation,RENT,7 years,37101,34.58,A,7.42,36,26300,26300.0,26000.0,Fully Paid,30838.77,2023-12-31
LN100447,CU20447,Sarah Clark,2022-02-23,2022-03-15,South,Delta,Home Improvement,OWN,2 years,104232,24.51,B,11.78,60,7400,6600.0,6100.0,Fully Paid,7573.29,2023-12-31
LN100448,CU20448,Jessica Ramirez,2023-02-19,2023-03-08,West,Lagos,Medical Expenses,MORTGAGE,5 years,56782,25.12,D,16.18,36,19300,19300.0,18700.0,Charged Off,6339.09,2023-05-20
LN100449,CU20449,Jessica King,2021-03-22,2021-03-29,Central,Plateau,Medical Expenses,MORTGAGE,6 years,125331,30.05,A,7.55,36,6900,6200.0,6200.0,Fully Paid,7250.35,2023-12-31
LN100450,CU20450,Deborah Jackson,2023-05-16,2023-05-31,West,Ogun,Education,RENT,9 years,36717,3.88,A,8.76,36,16600,13200.0,13000.0,Fully Paid,15648.72,2023-12-31
LN100451,CU20451,Steven Davis,2023-03-17,2023-04-01,South,Delta,Medical Expenses,RENT,5 years,48967,24.75,E,19.8,36,10300,8600.0,8600.0,Fully Paid,10868.6,2023-12-31
LN100452,CU20452,Sandra Garcia,2021-12-02,2021-12-14,East,Imo,Wedding,MORTGAGE,1 year,54582,26.1,C,12.27,60,26200,21200.0,20400.0,Charged Off,9617.16,2023-12-31
LN100453,CU20453,Michelle Hernandez,2021-03-31,2021-04-06,West,Osun,Car Purchase,OWN,5 years,67355,2.69,C,13.7,36,13100,11900.0,11900.0,Fully Paid,13133.55,2023-12-31
LN100454,CU20454,Patricia Clark,2023-07-03,2023-07-10,East,Imo,Home Improvement,RENT,10+ years,77241,15.07,D,15.54,36,12700,12400.0,11900.0,Charged Off,5985.45,2023-08-21
LN100455,CU20455,Sandra Young,2023-10-08,2023-10-23,West,Lagos,Home Improvement,OWN,3 years,59441,14.47,A,7.77,60,15600,13700.0,12400.0,Fully Paid,14711.35,2023-12-31
LN100456,CU20456,James Thomas,2022-03-02,,Central,Kogi,Medical Expenses,OWN,2 years,49507,16.91,G,26.59,60,5800,0.0,0.0,Rejected,0.0,
LN100457,CU20457,John Martinez,2022-11-10,2022-11-16,North,Sokoto,Debt Consolidation,OWN,< 1 year,21867,23.77,E,18.44,36,4200,3600.0,3500.0,Fully Paid,4439.98,2023-12-31
LN100458,CU20458,Brian Hill,2023-07-22,2023-07-25,Central,Niger,Small Business Startup,MORTGAGE,9 years,61690,17.75,A,7.08,36,26600,20900.0,19200.0,Fully Paid,23969.09,2023-12-31
LN100459,CU20459,Matthew Jones,2022-08-23,2022-09-03,West,Lagos,Debt Consolidation,RENT,2 years,61554,8.89,B,9.37,60,9200,8000.0,8000.0,Fully Paid,9659.15,2023-12-31
LN100460,CU20460,Susan Flores,2023-12-20,2024-01-03,North,Kaduna,Medical Expenses,OWN,7 years,54981,28.5,B,11.17,60,8500,8400.0,8200.0,Fully Paid,9617.55,2023-12-31
LN100461,CU20461,Andrew Flores,2023-10-14,2023-11-03,East,Anambra,Business Expansion,MORTGAGE,10+ years,47415,16.28,B,10.49,36,14400,13400.0,13400.0,Fully Paid,15237.76,2023-12-31
LN100462,CU20462,James Davis,2021-08-30,2021-09-13,North,Katsina,Debt Consolidation,MORTGAGE,3 years,56540,22.79,C,14.4,60,18900,17700.0,17100.0,Charged Off,4864.4,2022-12-21
LN100463,CU20463,James Gonzalez,2021-05-19,2021-05-20,East,Imo,Debt Consolidation,RENT,4 years,59646,21.16,E,20.03,60,1000,1000.0,1000.0,Charged Off,266.64,2023-09-08
LN100464,CU20464,George Torres,2021-12-26,2022-01-11,Central,Abuja FCT,Small Business Startup,OWN,5 years,47215,34.42,A,8.5,60,9600,9600.0,8900.0,Fully Paid,11939.48,2023-12-31
LN100465,CU20465,Elizabeth Robinson,2023-08-06,2023-08-25,Central,Kogi,Business Expansion,RENT,< 1 year,71562,14.65,A,8.51,60,16700,13400.0,13200.0,Fully Paid,15338.32,2023-12-31
LN100466,CU20466,Mary Wilson,2022-12-26,2023-01-06,Central,Kogi,Business Expansion,OWN,2 years,84436,20.3,D,15.84,36,18600,17800.0,17800.0,Fully Paid,22035.57,2023-12-31
LN100467,CU20467,David Torres,2022-01-19,2022-01-30,Central,Plateau,Business Expansion,MORTGAGE,1 year,136297,9.28,F,25.46,60,22100,22100.0,22100.0,Fully Paid,25005.03,2023-12-31
LN100468,CU20468,Ashley Thomas,2022-09-12,2022-09-24,East,Abia,Education,OWN,8 years,62906,24.0,B,9.91,36,14100,12500.0,11900.0,Fully Paid,16041.71,2023-12-31
LN100469,CU20469,Jennifer Lewis,2023-09-16,2023-10-03,Central,Abuja FCT,Debt Consolidation,MORTGAGE,2 years,46284,18.89,B,9.57,60,10500,9400.0,9000.0,Fully Paid,10793.09,2023-12-31
LN100470,CU20470,Michael King,2021-03-16,2021-03-17,South,Delta,Education,RENT,6 years,53375,4.35,A,8.14,36,28600,26700.0,26700.0,Fully Paid,28387.68,2023-12-31
LN100471,CU20471,Joshua Garcia,2021-04-05,2021-04-06,East,Abia,Small Business Startup,OWN,8 years,53044,23.3,A,8.3,60,4300,4200.0,3700.0,Fully Paid,4803.3,2023-12-31
LN100472,CU20472,Susan Lee,2022-08-10,,South,Delta,Business Expansion,RENT,8 years,51731,24.58,G,27.28,60,22800,0.0,0.0,Rejected,0.0,
LN100473,CU20473,Kevin Davis,2021-11-19,2021-11-26,East,Anambra,Debt Consolidation,RENT,1 year,82381,15.56,A,6.05,36,26100,23300.0,22700.0,Fully Paid,28305.07,2023-12-31
LN100474,CU20474,Elizabeth Jackson,2021-12-17,2022-01-04,Central,Niger,Car Purchase,OWN,4 years,61595,14.97,B,10.84,60,12400,11900.0,11200.0,Fully Paid,12959.36,2023-12-31
LN100475,CU20475,Carol Brown,2021-04-21,2021-05-11,North,Katsina,Car Purchase,OWN,6 years,70754,4.4,C,13.18,60,14600,11900.0,11800.0,Fully Paid,13681.43,2023-12-31
LN100476,CU20476,Amanda Wright,2021-09-27,2021-10-12,North,Katsina,Agriculture,OWN,7 years,41909,15.18,B,9.29,60,17600,16900.0,15900.0,Fully Paid,22548.56,2023-12-31
LN100477,CU20477,Michelle Taylor,2022-01-11,2022-01-26,East,Abia,Home Improvement,MORTGAGE,10+ years,105917,29.48,D,15.99,60,1000,900.0,900.0,Fully Paid,962.65,2023-12-31
LN100478,CU20478,Daniel Walker,2022-08-02,2022-08-15,West,Ogun,Debt Consolidation,RENT,9 years,41572,20.1,B,10.72,36,19000,16000.0,16000.0,Fully Paid,20624.44,2023-12-31
LN100479,CU20479,Emily Jones,2023-04-01,2023-04-19,East,Abia,Debt Consolidation,MORTGAGE,6 years,37729,24.08,A,6.72,36,5600,4900.0,4900.0,Current,1167.68,2023-12-27
LN100480,CU20480,Nancy Wilson,2023-06-11,2023-06-17,Central,Plateau,Medical Expenses,MORTGAGE,5 years,22479,17.57,A,7.63,36,31800,31000.0,28800.0,Fully Paid,33274.42,2023-12-31
LN100481,CU20481,Amanda Torres,2023-08-07,2023-08-13,West,Lagos,Debt Consolidation,RENT,8 years,56890,10.62,B,9.29,60,26600,26600.0,26600.0,Fully Paid,31168.23,2023-12-31
LN100482,CU20482,Michael Hill,2023-10-10,2023-10-15,West,Oyo,Medical Expenses,MORTGAGE,10+ years,71155,6.4,C,12.18,36,10700,10100.0,10100.0,Fully Paid,13341.87,2023-12-31
LN100483,CU20483,James Martinez,2023-12-25,2024-01-01,South,Bayelsa,Home Improvement,RENT,6 years,21417,26.24,A,7.85,60,14700,13100.0,12100.0,Fully Paid,17203.28,2023-12-31
LN100484,CU20484,Andrew Martin,2021-07-02,2021-07-07,West,Oyo,Medical Expenses,MORTGAGE,< 1 year,47675,15.44,C,13.83,60,22700,21300.0,21300.0,Fully Paid,22763.8,2023-12-31
LN100485,CU20485,Emily Brown,2021-08-13,2021-08-24,North,Sokoto,Small Business Startup,RENT,< 1 year,42878,26.75,C,12.71,60,25500,25100.0,23600.0,Fully Paid,29412.43,2023-12-31
LN100486,CU20486,Paul Wilson,2021-10-12,2021-10-26,South,Bayelsa,Debt Consolidation,OWN,8 years,34354,12.11,B,10.15,60,32000,32000.0,29100.0,Current,15941.38,2023-11-19
LN100487,CU20487,William Rodriguez,2021-02-02,2021-02-05,North,Kaduna,Debt Consolidation,OWN,7 years,50618,9.06,A,7.97,36,4700,3700.0,3700.0,Current,3939.93,2023-12-02
LN100488,CU20488,Brian Hill,2023-07-20,2023-08-02,West,Ogun,Wedding,MORTGAGE,6 years,83462,2.66,F,24.21,60,33400,33400.0,33400.0,Fully Paid,36931.63,2023-12-31
LN100489,CU20489,James Torres,2023-10-25,,West,Ogun,Small Business Startup,RENT,6 years,31633,31.03,G,29.71,60,23100,0.0,0.0,Rejected,0.0,
LN100490,CU20490,John Williams,2023-01-25,2023-01-30,Central,Plateau,Home Improvement,OWN,9 years,60048,30.35,A,7.44,36,31400,30900.0,28800.0,Fully Paid,37324.8,2023-12-31
LN100491,CU20491,Edward Moore,2023-12-08,2023-12-26,West,Lagos,Wedding,MORTGAGE,1 year,26707,34.23,B,9.74,36,11700,10900.0,10900.0,Fully Paid,12466.87,2023-12-31
LN100492,CU20492,Nancy Wright,2023-07-19,2023-08-02,North,Katsina,Wedding,MORTGAGE,7 years,35766,33.87,D,16.72,60,7100,7100.0,7100.0,Fully Paid,9537.63,2023-12-31
LN100493,CU20493,Charles Hernandez,2022-06-18,2022-07-07,North,Sokoto,Medical Expenses,OWN,10+ years,20126,16.11,B,10.42,36,15400,15100.0,14300.0,Charged Off,8987.25,2023-12-31
LN100494,CU20494,Mary Jackson,2021-09-17,2021-09-26,West,Lagos,Home Improvement,MORTGAGE,1 year,25896,27.85,A,8.55,60,13100,12500.0,12300.0,Current,5862.07,2023-12-15
LN100495,CU20495,James Davis,2021-11-06,2021-11-15,Central,Niger,Agriculture,MORTGAGE,7 years,46365,13.19,A,7.11,36,18700,16100.0,15400.0,Fully Paid,18045.83,2023-12-31
LN100496,CU20496,Kimberly Williams,2021-10-25,2021-11-07,East,Enugu,Home Improvement,MORTGAGE,2 years,39962,30.89,E,21.35,60,21300,20300.0,20300.0,Current,9377.49,2023-11-21
LN100497,CU20497,David Wilson,2021-04-22,2021-04-24,Central,Kogi,Debt Consolidation,MORTGAGE,4 years,52428,12.94,D,17.27,36,17900,16500.0,15100.0,Current,15543.91,2023-12-12
LN100498,CU20498,Donald Wright,2023-03-10,,South,Bayelsa,Home Improvement,RENT,4 years,49667,30.43,E,18.58,60,24500,0.0,0.0,Rejected,0.0,
LN100499,CU20499,James Jackson,2022-10-09,2022-10-27,West,Osun,Car Purchase,MORTGAGE,10+ years,45983,30.33,E,21.82,36,17700,15300.0,15300.0,Fully Paid,20453.88,2023-12-31
LN100500,CU20500,Michelle Moore,2022-07-01,2022-07-16,East,Imo,Home Improvement,OWN,4 years,82293,7.57,E,20.62,60,15600,15600.0,15100.0,Fully Paid,19885.75,2023-12-31
LN100501,CU20501,Carol Nguyen,2022-01-04,2022-01-07,South,Akwa Ibom,Business Expansion,RENT,8 years,53125,8.24,A,6.03,36,24800,24800.0,23000.0,Charged Off,3691.46,2022-05-23
LN100502,CU20502,Carol Lewis,2022-08-04,2022-08-06,East,Anambra,Agriculture,RENT,3 years,137674,25.41,E,18.14,36,24700,24400.0,23300.0,Fully Paid,30426.35,2023-12-31
LN100503,CU20503,Susan Hill,2021-06-26,2021-06-30,North,Kaduna,Car Purchase,MORTGAGE,2 years,74600,3.56,A,7.13,36,13200,12300.0,11100.0,Fully Paid,13849.81,2023-12-31
LN100504,CU20504,Kevin Jones,2023-05-25,2023-06-03,West,Oyo,Home Improvement,MORTGAGE,10+ years,70050,11.84,F,25.08,60,10800,10300.0,10000.0,Current,1215.0,2023-12-28
LN100505,CU20505,Matthew Harris,2022-06-13,2022-06-20,East,Enugu,Business Expansion,RENT,2 years,55628,16.54,B,10.32,60,1000,1000.0,900.0,Fully Paid,1103.53,2023-12-31
LN100506,CU20506,Michael Martinez,2022-03-24,2022-04-02,Central,Plateau,Personal,MORTGAGE,10+ years,49562,4.42,B,9.32,60,23000,18100.0,15900.0,Current,6404.29,2023-11-25
LN100507,CU20507,George Taylor,2023-10-17,2023-10-30,West,Lagos,Wedding,OWN,10+ years,61303,15.83,A,7.92,36,23600,21200.0,20700.0,Fully Paid,26712.35,2023-12-31
LN100508,CU20508,Betty Torres,2023-09-07,2023-09-25,North,Katsina,Home Improvement,RENT,6 years,103058,34.86,C,14.53,36,21300,18800.0,18100.0,Current,1657.01,2023-11-17
LN100509,CU20509,Deborah Walker,2022-11-14,2022-11-26,North,Sokoto,Debt Consolidation,MORTGAGE,4 years,35539,5.97,B,10.2,36,19200,17200.0,16600.0,Fully Paid,23018.38,2023-12-31
LN100510,CU20510,Sandra Jackson,2021-03-22,2021-03-26,South,Delta,Debt Consolidation,RENT,10+ years,68403,13.51,C,12.57,60,26400,23100.0,22800.0,Fully Paid,26744.68,2023-12-31
LN100511,CU20511,Kenneth Lewis,2021-03-15,2021-03-31,South,Delta,Debt Consolidation,OWN,< 1 year,86144,13.26,G,28.88,36,11400,9900.0,9900.0,Fully Paid,12749.44,2023-12-31
LN100512,CU20512,Karen Young,2021-02-03,2021-02-16,Central,Plateau,Agriculture,OWN,5 years,49642,27.68,A,6.17,36,17200,16300.0,15800.0,Current,17258.18,2023-11-19
LN100513,CU20513,Kimberly Robinson,2022-04-23,2022-04-24,Central,Niger,Car Purchase,OWN,< 1 year,54262,30.3,B,11.21,60,15100,13200.0,11900.0,Fully Paid,17495.36,2023-12-31
LN100514,CU20514,Jessica Rodriguez,2021-04-13,2021-05-02,North,Kano,Agriculture,RENT,1 year,38843,29.31,B,10.37,36,8700,6800.0,6800.0,Charged Off,3459.4,2021-09-25
LN100515,CU20515,Ashley Hill,2021-05-10,2021-05-21,Central,Niger,Business Expansion,OWN,6 years,19263,5.52,B,10.01,60,14300,11900.0,11000.0,Current,6779.23,2023-11-27
LN100516,CU20516,William Lee,2021-12-22,2022-01-05,South,Rivers,Wedding,RENT,1 year,39276,22.95,A,6.36,36,16400,15900.0,15100.0,Current,11188.18,2023-12-21
LN100517,CU20517,Mark Thomas,2021-10-01,2021-10-02,Central,Abuja FCT,Debt Consolidation,OWN,10+ years,49194,27.39,E,20.45,36,12400,10500.0,9700.0,Fully Paid,11279.28,2023-12-31
LN100518,CU20518,Barbara Garcia,2023-05-03,2023-05-08,Central,Kogi,Business Expansion,MORTGAGE,7 years,25380,7.28,C,14.08,36,7900,7300.0,6400.0,Fully Paid,8810.56,2023-12-31
LN100519,CU20519,Jessica Lopez,2022-01-04,2022-01-14,Central,Abuja FCT,Wedding,MORTGAGE,7 years,31343,20.05,D,16.84,36,18400,15800.0,14900.0,Fully Paid,16611.66,2023-12-31
LN100520,CU20520,Richard Davis,2023-01-12,,Central,Abuja FCT,Home Improvement,MORTGAGE,8 years,46977,33.47,F,22.88,36,11900,0.0,0.0,Rejected,0.0,
LN100521,CU20521,Sarah Brown,2021-11-02,2021-11-04,South,Rivers,Debt Consolidation,MORTGAGE,7 years,40947,34.38,B,10.49,36,17200,15000.0,15000.0,Charged Off,4231.45,2022-07-06
LN100522,CU20522,Margaret Taylor,2021-03-30,2021-04-05,East,Abia,Debt Consolidation,OWN,< 1 year,25229,32.96,A,8.77,36,24500,22100.0,20900.0,Fully Paid,26420.96,2023-12-31
LN100523,CU20523,Robert Thomas,2023-05-09,2023-05-13,West,Oyo,Home Improvement,OWN,10+ years,31680,21.68,C,14.7,36,11800,11800.0,11300.0,Fully Paid,12737.15,2023-12-31
LN100524,CU20524,Anthony Gonzalez,2021-05-31,2021-06-05,West,Ogun,Home Improvement,RENT,9 years,42119,23.21,B,10.45,60,27900,27900.0,26400.0,Fully Paid,34395.96,2023-12-31
LN100525,CU20525,Matthew White,2022-02-02,2022-02-13,South,Bayelsa,Debt Consolidation,MORTGAGE,5 years,38711,5.63,C,14.93,36,18900,18600.0,17000.0,Current,12546.89,2023-12-28
LN100526,CU20526,Sarah Rodriguez,2023-07-29,2023-08-08,North,Katsina,Debt Consolidation,RENT,2 years,82139,9.95,C,14.28,36,9200,8100.0,7500.0,Fully Paid,10423.6,2023-12-31
LN100527,CU20527,Michelle Hernandez,2021-06-27,2021-07-16,Central,Niger,Debt Consolidation,RENT,8 years,48865,6.07,F,23.96,36,13300,12000.0,12000.0,Fully Paid,14265.95,2023-12-31
LN100528,CU20528,George Ramirez,2022-11-02,2022-11-21,South,Delta,Education,RENT,9 years,34090,20.28,E,18.89,36,3900,3200.0,2900.0,Fully Paid,3761.06,2023-12-31
LN100529,CU20529,John Walker,2023-05-22,2023-06-06,Central,Abuja FCT,Car Purchase,MORTGAGE,6 years,75169,3.64,B,10.44,36,16900,13300.0,13300.0,Fully Paid,14296.54,2023-12-31
LN100530,CU20530,James Clark,2023-01-05,2023-01-06,South,Delta,Small Business Startup,RENT,3 years,33700,13.29,B,10.94,36,14500,10800.0,10400.0,Fully Paid,12327.67,2023-12-31
LN100531,CU20531,Sandra Torres,2023-07-21,2023-07-27,Central,Abuja FCT,Small Business Startup,RENT,2 years,66955,13.28,C,14.62,60,19700,17800.0,17800.0,Fully Paid,20668.05,2023-12-31
LN100532,CU20532,Amanda Smith,2022-11-13,2022-12-03,North,Katsina,Small Business Startup,MORTGAGE,< 1 year,38181,26.47,C,12.89,60,18400,16100.0,15500.0,Fully Paid,20742.33,2023-12-31
LN100533,CU20533,Carol Garcia,2021-04-23,2021-04-27,Central,Kogi,Business Expansion,MORTGAGE,10+ years,101381,13.78,D,16.09,36,12400,11900.0,11700.0,Fully Paid,14156.31,2023-12-31
LN100534,CU20534,Lisa White,2022-02-24,2022-03-12,South,Rivers,Debt Consolidation,OWN,5 years,101676,26.7,B,9.72,36,3000,2700.0,2700.0,Fully Paid,3444.34,2023-12-31
LN100535,CU20535,Brian Wilson,2022-12-24,2022-12-26,South,Akwa Ibom,Business Expansion,RENT,8 years,112981,10.32,E,20.72,60,16800,15300.0,15300.0,Charged Off,4170.98,2023-12-31
LN100536,CU20536,Steven King,2023-12-26,2024-01-15,North,Katsina,Agriculture,MORTGAGE,8 years,28728,7.05,C,14.7,60,20400,20200.0,20200.0,Fully Paid,25290.24,2023-12-31
LN100537,CU20537,Robert Gonzalez,2021-06-14,2021-06-18,West,Lagos,Personal,RENT,2 years,86015,4.26,C,12.87,36,4300,3800.0,3400.0,Current,3219.88,2023-12-22
LN100538,CU20538,Ashley Martinez,2022-08-24,2022-09-09,South,Rivers,Business Expansion,RENT,10+ years,96519,13.22,E,20.17,36,19300,17300.0,15700.0,Fully Paid,20468.63,2023-12-31
LN100539,CU20539,Mary Jackson,2021-02-15,2021-03-06,South,Rivers,Debt Consolidation,OWN,8 years,130985,8.48,D,16.93,60,19600,15100.0,15000.0,Fully Paid,18781.61,2023-12-31
LN100540,CU20540,Ashley Nguyen,2023-07-27,2023-08-02,Central,Plateau,Business Expansion,RENT,9 years,72847,25.74,F,22.53,60,15400,13400.0,13200.0,Fully Paid,14981.66,2023-12-31
LN100541,CU20541,Charles Brown,2022-08-06,2022-08-24,South,Akwa Ibom,Home Improvement,RENT,2 years,121403,7.49,C,13.86,36,25300,20200.0,19700.0,Fully Paid,27107.63,2023-12-31
LN100542,CU20542,Amanda Martinez,2021-08-28,2021-09-06,South,Delta,Medical Expenses,OWN,5 years,51835,24.0,A,7.72,60,25900,25900.0,23700.0,Fully Paid,28789.06,2023-12-31
LN100543,CU20543,John Lee,2023-02-03,2023-02-07,East,Anambra,Home Improvement,RENT,8 years,62875,8.13,C,14.93,60,10600,9100.0,8500.0,Fully Paid,10659.46,2023-12-31
LN100544,CU20544,Deborah Martinez,2021-11-16,2021-11-26,West,Oyo,Home Improvement,OWN,8 years,116962,13.45,C,14.93,60,1000,800.0,800.0,Fully Paid,909.56,2023-12-31
LN100545,CU20545,Edward Torres,2022-11-25,2022-11-30,South,Bayelsa,Small Business Startup,MORTGAGE,1 year,102695,18.01,A,8.19,36,17900,17000.0,16400.0,Fully Paid,18446.07,2023-12-31
LN100546,CU20546,Betty Flores,2023-01-02,2023-01-21,South,Bayelsa,Business Expansion,OWN,5 years,23907,5.5,A,6.17,36,11100,10200.0,9200.0,Fully Paid,13100.73,2023-12-31
LN100547,CU20547,Sarah Gonzalez,2023-07-02,2023-07-09,North,Kaduna,Wedding,MORTGAGE,10+ years,31468,3.2,A,8.87,60,16600,15000.0,14200.0,Fully Paid,18464.27,2023-12-31
LN100548,CU20548,Patricia White,2023-05-26,2023-06-07,West,Ogun,Debt Consolidation,RENT,6 years,24068,21.06,B,10.12,60,1000,900.0,900.0,Fully Paid,1208.93,2023-12-31
LN100549,CU20549,Emily Garcia,2023-05-02,2023-05-16,South,Bayelsa,Business Expansion,RENT,4 years,100643,11.41,A,6.49,60,21400,21400.0,21400.0,Current,2716.57,2023-12-26
LN100550,CU20550,Elizabeth Wilson,2023-12-12,2023-12-15,East,Abia,Home Improvement,RENT,1 year,46588,32.51,B,11.8,60,14800,13900.0,13900.0,Charged Off,5829.7,2023-12-31
LN100551,CU20551,Anthony Lopez,2021-10-08,2021-10-26,Central,Plateau,Education,OWN,2 years,74577,20.45,B,11.5,60,11700,10800.0,10800.0,Fully Paid,14005.87,2023-12-31
LN100552,CU20552,Donna Martin,2022-04-05,2022-04-21,West,Osun,Debt Consolidation,OWN,< 1 year,23510,32.77,D,15.46,60,6800,6800.0,6700.0,Charged Off,2944.11,2023-12-31
LN100553,CU20553,Anthony Lopez,2021-02-28,2021-03-20,West,Ogun,Business Expansion,OWN,4 years,68696,22.58,E,19.97,36,17200,14800.0,14800.0,Fully Paid,18119.93,2023-12-31
LN100554,CU20554,Margaret Taylor,2023-02-04,2023-02-10,West,Lagos,Home Improvement,MORTGAGE,9 years,81415,26.96,A,6.05,60,2700,2400.0,2300.0,Fully Paid,2625.22,2023-12-31
LN100555,CU20555,Brian Rodriguez,2021-04-19,2021-04-21,East,Anambra,Home Improvement,RENT,5 years,41160,8.72,C,13.26,60,12600,12600.0,12000.0,Fully Paid,15231.93,2023-12-31
LN100556,CU20556,Robert Allen,2021-07-13,2021-07-23,South,Delta,Debt Consolidation,MORTGAGE,2 years,50128,28.95,B,10.63,60,21900,21900.0,20800.0,Fully Paid,27580.65,2023-12-31
LN100557,CU20557,Michael Wright,2021-10-22,,Central,Kogi,Debt Consolidation,OWN,2 years,29900,32.96,F,24.07,60,26400,0.0,0.0,Rejected,0.0,
LN100558,CU20558,Deborah Young,2021-11-30,2021-12-07,West,Oyo,Car Purchase,OWN,3 years,28327,32.67,D,15.46,36,19800,18000.0,17500.0,Fully Paid,21916.74,2023-12-31
LN100559,CU20559,Kimberly Wright,2023-05-05,2023-05-06,Central,Abuja FCT,Business Expansion,RENT,1 year,90037,34.23,B,9.35,36,22100,19500.0,19500.0,Fully Paid,22297.7,2023-12-31
LN100560,CU20560,William Lewis,2021-12-19,2021-12-27,Central,Kogi,Debt Consolidation,MORTGAGE,4 years,45066,9.22,F,22.12,36,24200,24200.0,21600.0,Charged Off,10820.36,2022-09-15
LN100561,CU20561,Karen Rodriguez,2021-06-10,2021-06-24,South,Delta,Business Expansion,RENT,1 year,43949,7.54,D,15.23,60,1000,800.0,800.0,Charged Off,123.13,2023-12-31
LN100562,CU20562,Donna Brown,2022-06-03,2022-06-07,West,Lagos,Agriculture,OWN,1 year,36829,21.73,A,6.9,36,8000,6900.0,6900.0,Fully Paid,9149.6,2023-12-31
LN100563,CU20563,Donna Gonzalez,2021-03-01,2021-03-20,South,Akwa Ibom,Education,OWN,2 years,79353,3.27,A,8.54,60,25200,23100.0,22500.0,Fully Paid,25367.66,2023-12-31
LN100564,CU20564,Deborah Flores,2021-07-22,2021-08-01,South,Rivers,Small Business Startup,MORTGAGE,< 1 year,15000,21.21,D,16.59,36,18000,14400.0,12100.0,Current,12911.99,2023-12-31
LN100565,CU20565,George Miller,2023-01-21,,South,Bayelsa,Business Expansion,MORTGAGE,9 years,38884,30.48,G,26.74,36,16900,0.0,0.0,Rejected,0.0,
LN100566,CU20566,Barbara Thompson,2022-03-15,2022-03-19,West,Osun,Education,MORTGAGE,3 years,48265,30.97,B,10.22,60,19200,16700.0,16300.0,Fully Paid,20138.84,2023-12-31
LN100567,CU20567,Edward White,2021-06-18,2021-07-03,East,Enugu,Personal,RENT,7 years,43438,30.31,C,12.35,60,1000,900.0,900.0,Fully Paid,1029.24,2023-12-31
LN100568,CU20568,Mark Anderson,2022-08-19,2022-08-31,Central,Plateau,Wedding,RENT,3 years,35437,9.51,C,14.57,60,11100,10100.0,10000.0,Current,3096.82,2023-11-30
LN100569,CU20569,Carol Miller,2023-12-07,2023-12-20,West,Osun,Personal,MORTGAGE,10+ years,110861,34.46,C,12.26,36,12300,12300.0,11900.0,Fully Paid,15094.16,2023-12-31
LN100570,CU20570,Melissa Hernandez,2022-02-12,2022-02-16,North,Sokoto,Medical Expenses,RENT,3 years,29775,2.89,B,10.78,60,18200,18200.0,15400.0,Fully Paid,21428.88,2023-12-31
LN100571,CU20571,Sarah Nguyen,2023-03-31,2023-04-16,Central,Kogi,Business Expansion,RENT,7 years,80320,32.59,B,11.0,60,2500,2400.0,2100.0,Fully Paid,2626.11,2023-12-31
LN100572,CU20572,Michael Davis,2023-10-16,2023-10-20,East,Abia,Small Business Startup,OWN,10+ years,41478,21.13,A,8.83,36,7100,6600.0,6200.0,Fully Paid,8574.02,2023-12-31
LN100573,CU20573,Carol Johnson,2022-11-01,2022-11-04,South,Bayelsa,Debt Consolidation,OWN,4 years,61226,10.54,A,7.87,36,1000,900.0,900.0,Fully Paid,1085.39,2023-12-31
LN100574,CU20574,Sandra Gonzalez,2023-10-02,2023-10-04,East,Abia,Medical Expenses,MORTGAGE,4 years,59487,2.2,F,24.17,36,15400,15400.0,14600.0,Fully Paid,20236.18,2023-12-31
LN100575,CU20575,Matthew Lewis,2023-06-26,,East,Abia,Car Purchase,RENT,< 1 year,56727,19.6,G,26.13,60,1000,0.0,0.0,Rejected,0.0,
LN100576,CU20576,Amanda Hernandez,2021-10-03,2021-10-22,West,Osun,Personal,RENT,6 years,42153,18.44,E,19.95,36,4000,4000.0,4000.0,Fully Paid,4992.09,2023-12-31
LN100577,CU20577,Paul Torres,2021-11-17,,West,Osun,Education,MORTGAGE,< 1 year,24175,27.48,G,27.57,60,25800,0.0,0.0,Rejected,0.0,
LN100578,CU20578,Donna Harris,2022-08-06,2022-08-11,Central,Kogi,Business Expansion,RENT,< 1 year,29469,27.8,B,9.08,36,26600,20600.0,20600.0,Fully Paid,23786.06,2023-12-31
LN100579,CU20579,Donna Johnson,2021-07-19,2021-07-31,East,Abia,Wedding,RENT,5 years,49580,10.61,B,11.98,60,2700,2600.0,2500.0,Charged Off,577.5,2022-12-23
LN100580,CU20580,Dorothy Martin,2021-05-15,2021-06-02,Central,Abuja FCT,Agriculture,RENT,1 year,60605,20.78,A,7.01,36,16900,14400.0,14400.0,Fully Paid,17111.13,2023-12-31
LN100581,CU20581,Margaret Torres,2022-07-01,2022-07-14,Central,Plateau,Debt Consolidation,OWN,7 years,76798,10.05,C,13.76,60,12700,10400.0,9100.0,Fully Paid,11925.95,2023-12-31
LN100582,CU20582,Ashley Miller,2023-10-15,2023-10-27,South,Akwa Ibom,Education,MORTGAGE,10+ years,37481,11.02,D,16.02,60,13900,11300.0,10400.0,Fully Paid,12548.96,2023-12-31
LN100583,CU20583,Robert Wright,2022-06-28,2022-07-06,South,Akwa Ibom,Education,OWN,4 years,37447,34.17,B,11.99,60,7300,5500.0,5400.0,Fully Paid,7355.6,2023-12-31
LN100584,CU20584,Donna Miller,2022-07-14,2022-07-28,Central,Kogi,Home Improvement,OWN,9 years,50043,25.63,D,17.4,60,8800,7800.0,7600.0,Current,2473.76,2023-11-20
LN100585,CU20585,Karen Allen,2022-10-04,2022-10-22,East,Abia,Medical Expenses,OWN,6 years,61628,3.0,D,16.21,60,11600,11600.0,11000.0,Current,2714.22,2023-11-16
LN100586,CU20586,Kimberly Lopez,2022-03-13,2022-04-01,Central,Plateau,Small Business Startup,MORTGAGE,7 years,42043,8.57,A,6.8,60,24700,20600.0,20100.0,Fully Paid,22000.07,2023-12-31
LN100587,CU20587,Lisa Robinson,2021-11-05,2021-11-19,South,Delta,Home Improvement,MORTGAGE,10+ years,40513,25.23,B,11.3,60,4100,3400.0,3300.0,Fully Paid,4416.82,2023-12-31
LN100588,CU20588,Kenneth Wilson,2022-08-11,2022-08-24,West,Oyo,Small Business Startup,MORTGAGE,2 years,47559,9.97,E,19.03,36,13400,12400.0,10900.0,Current,5635.08,2023-12-30
LN100589,CU20589,Jessica Martin,2023-06-13,2023-06-19,West,Osun,Wedding,RENT,10+ years,40774,24.68,E,21.62,36,23000,20800.0,18400.0,Fully Paid,22021.85,2023-12-31
LN100590,CU20590,Sarah Scott,2023-09-23,2023-10-04,South,Rivers,Car Purchase,OWN,< 1 year,32459,12.04,D,17.58,36,10200,10200.0,9700.0,Fully Paid,13363.55,2023-12-31
LN100591,CU20591,Anthony White,2021-10-15,,North,Katsina,Car Purchase,OWN,1 year,66610,22.12,G,28.28,36,5800,0.0,0.0,Rejected,0.0,
LN100592,CU20592,Kimberly Nguyen,2023-10-14,2023-10-25,Central,Kogi,Home Improvement,OWN,3 years,98774,13.01,C,13.8,60,22500,22500.0,22500.0,Fully Paid,28601.35,2023-12-31
LN100593,CU20593,Melissa Thomas,2021-10-23,2021-11-07,West,Ogun,Education,OWN,2 years,47986,12.24,A,6.64,60,2300,1900.0,1700.0,Fully Paid,2486.85,2023-12-31
LN100594,CU20594,Ashley Wright,2022-10-11,2022-10-20,East,Enugu,Business Expansion,MORTGAGE,6 years,33513,32.62,A,7.42,36,18200,17100.0,16300.0,Fully Paid,22761.67,2023-12-31
LN100595,CU20595,Donald White,2021-03-13,2021-03-21,East,Enugu,Wedding,MORTGAGE,10+ years,56293,29.53,D,17.4,36,8400,8400.0,8400.0,Fully Paid,9789.42,2023-12-31
LN100596,CU20596,Brian White,2023-06-26,2023-07-05,North,Kano,Debt Consolidation,RENT,< 1 year,15969,4.69,C,14.73,60,1100,900.0,900.0,Fully Paid,1197.81,2023-12-31
LN100597,CU20597,Jessica Martin,2023-06-18,2023-06-20,South,Delta,Car Purchase,MORTGAGE,5 years,16860,5.52,D,17.64,60,31300,29700.0,29400.0,Fully Paid,31898.64,2023-12-31
LN100598,CU20598,Ashley Walker,2023-05-16,2023-05-28,West,Oyo,Debt Consolidation,OWN,2 years,80710,3.63,A,8.1,36,10100,8700.0,7800.0,Fully Paid,11038.29,2023-12-31
LN100599,CU20599,Melissa Lee,2021-04-17,2021-04-22,West,Lagos,Small Business Startup,MORTGAGE,10+ years,61802,5.71,C,12.55,60,21600,21500.0,19400.0,Charged Off,4300.81,2023-02-06
LN100600,CU20600,Christopher Torres,2021-11-20,2021-12-10,North,Kaduna,Personal,OWN,8 years,84959,11.21,B,11.14,36,23600,22600.0,22600.0,Fully Paid,29104.11,2023-12-31
LN100601,CU20601,Mark Walker,2021-12-22,2021-12-29,South,Akwa Ibom,Medical Expenses,MORTGAGE,9 years,46335,3.32,A,8.48,60,21800,19300.0,18400.0,Current,8145.68,2023-12-06
LN100602,CU20602,Matthew Torres,2021-02-17,2021-02-20,South,Rivers,Debt Consolidation,MORTGAGE,10+ years,112618,17.48,B,10.84,36,16600,15600.0,13600.0,Fully Paid,17307.89,2023-12-23
LN100603,CU20603,David Brown,2022-06-17,2022-07-06,West,Osun,Debt Consolidation,OWN,1 year,41861,13.72,G,29.83,36,1000,1000.0,900.0,Charged Off,459.29,2023-10-24
LN100604,CU20604,Deborah Robinson,2022-04-05,2022-04-15,West,Lagos,Home Improvement,MORTGAGE,3 years,74181,23.63,A,6.57,60,15800,12300.0,10600.0,Fully Paid,14324.85,2023-12-31
LN100605,CU20605,Susan Hill,2022-01-23,2022-01-24,South,Akwa Ibom,Debt Consolidation,RENT,2 years,38219,15.9,D,16.23,36,20600,16400.0,15700.0,Fully Paid,18508.05,2023-12-31
LN100606,CU20606,Mark Thomas,2021-06-25,2021-07-08,East,Abia,Business Expansion,OWN,7 years,83326,5.01,C,12.4,60,18800,16600.0,15700.0,Fully Paid,20982.41,2023-12-31
LN100607,CU20607,Margaret Hill,2021-07-15,2021-07-31,East,Enugu,Debt Consolidation,MORTGAGE,< 1 year,82236,2.58,A,6.16,36,17400,15200.0,14300.0,Fully Paid,20505.13,2023-12-31
LN100608,CU20608,Kevin Hill,2022-06-04,2022-06-16,North,Kaduna,Business Expansion,MORTGAGE,9 years,76635,11.05,C,13.14,60,24500,24200.0,24200.0,Current,8231.63,2023-12-29
LN100609,CU20609,Donna Lopez,2023-10-29,2023-11-01,East,Anambra,Debt Consolidation,RENT,5 years,71864,33.77,B,11.63,36,18300,17500.0,17500.0,Fully Paid,21159.72,2023-12-31
LN100610,CU20610,Thomas Davis,2021-09-19,2021-09-29,East,Enugu,Wedding,RENT,4 years,85772,29.54,D,17.24,60,11300,9100.0,9100.0,Fully Paid,10273.58,2023-12-31
LN100611,CU20611,Edward Taylor,2023-06-12,2023-06-17,Central,Kogi,Small Business Startup,OWN,5 years,28637,25.5,A,8.21,60,17300,15000.0,15000.0,Fully Paid,19902.84,2023-12-31
LN100612,CU20612,Mark Brown,2021-04-22,2021-04-28,South,Delta,Debt Consolidation,OWN,2 years,48762,27.05,A,6.11,60,22000,20900.0,19300.0,Fully Paid,24681.42,2023-12-31
LN100613,CU20613,Ashley Williams,2023-09-21,2023-09-25,West,Oyo,Home Improvement,RENT,7 years,72078,26.91,A,6.34,36,28400,21900.0,21500.0,Fully Paid,24333.53,2023-12-31
LN100614,CU20614,Barbara Hernandez,2022-03-11,2022-03-25,Central,Kogi,Home Improvement,MORTGAGE,< 1 year,48043,13.7,B,10.58,36,2300,2100.0,2100.0,Fully Paid,2360.08,2023-12-31
LN100615,CU20615,Carol Miller,2022-08-06,2022-08-25,East,Enugu,Small Business Startup,MORTGAGE,10+ years,66883,7.57,A,6.37,60,17100,16400.0,16000.0,Fully Paid,17741.86,2023-12-31
LN100616,CU20616,Elizabeth Johnson,2023-09-10,2023-09-21,North,Katsina,Home Improvement,RENT,10+ years,58170,12.02,A,8.87,36,13600,12100.0,11900.0,Fully Paid,15086.91,2023-12-31
LN100617,CU20617,Mark Lee,2022-03-09,2022-03-12,Central,Niger,Debt Consolidation,OWN,10+ years,39361,23.64,C,12.85,36,23600,22500.0,22500.0,Fully Paid,27690.47,2023-12-31
LN100618,CU20618,Betty Taylor,2023-03-28,2023-04-10,South,Delta,Home Improvement,OWN,< 1 year,94862,17.03,A,8.56,36,16300,15600.0,14400.0,Fully Paid,17713.5,2023-12-31
LN100619,CU20619,Dorothy Martinez,2023-10-03,2023-10-15,North,Sokoto,Car Purchase,RENT,4 years,68466,5.53,G,29.61,36,9900,9200.0,9200.0,Fully Paid,11956.47,2023-12-31
LN100620,CU20620,Richard Young,2023-09-03,2023-09-17,West,Osun,Business Expansion,RENT,9 years,26505,12.24,B,10.8,36,18000,16400.0,15900.0,Fully Paid,20240.23,2023-12-31
LN100621,CU20621,Kenneth Ramirez,2023-11-18,2023-12-04,North,Kaduna,Home Improvement,RENT,7 years,91759,10.49,F,24.71,36,21700,17500.0,17200.0,Fully Paid,21772.93,2023-12-31
LN100622,CU20622,Charles Robinson,2023-09-06,2023-09-14,West,Lagos,Home Improvement,RENT,2 years,42735,15.37,D,17.95,60,7800,7700.0,7200.0,Fully Paid,8767.56,2023-12-31
LN100623,CU20623,Emily Jones,2023-11-12,2023-11-24,North,Kaduna,Personal,RENT,6 years,71941,33.86,B,9.28,60,5200,5100.0,4800.0,Fully Paid,5480.11,2023-12-31
LN100624,CU20624,Mary Davis,2022-01-09,2022-01-20,West,Ogun,Personal,RENT,< 1 year,56602,7.4,G,26.33,60,10200,10000.0,9400.0,Fully Paid,11864.99,2023-12-31
LN100625,CU20625,Mark Flores,2022-01-19,2022-01-23,East,Imo,Business Expansion,OWN,2 years,28864,7.5,A,6.23,60,29600,26800.0,26800.0,Fully Paid,28284.04,2023-12-31
LN100626,CU20626,Linda Smith,2023-08-01,2023-08-11,South,Bayelsa,Education,MORTGAGE,6 years,52130,16.71,E,21.48,60,23200,20500.0,18800.0,Fully Paid,27514.62,2023-12-31
LN100627,CU20627,Brian Sanchez,2021-09-14,2021-09-21,East,Enugu,Medical Expenses,OWN,< 1 year,62667,34.88,A,6.57,36,1000,900.0,900.0,Fully Paid,1001.49,2023-12-31
LN100628,CU20628,Elizabeth Thomas,2021-06-26,2021-06-27,West,Ogun,Medical Expenses,RENT,7 years,42540,15.56,E,18.59,60,28100,23400.0,22400.0,Charged Off,12898.26,2023-12-31
LN100629,CU20629,Ashley Walker,2022-05-12,2022-05-14,North,Katsina,Debt Consolidation,OWN,4 years,41968,8.98,A,7.71,60,18900,18900.0,17100.0,Fully Paid,20427.1,2023-12-31
LN100630,CU20630,Amanda Ramirez,2022-08-19,2022-08-27,West,Osun,Small Business Startup,OWN,7 years,49518,30.51,E,19.6,60,26500,24500.0,23400.0,Fully Paid,29608.07,2023-12-31
LN100631,CU20631,Andrew Lee,2022-07-03,2022-07-19,Central,Abuja FCT,Business Expansion,MORTGAGE,6 years,48655,25.7,C,14.67,36,14200,12600.0,12600.0,Fully Paid,15672.56,2023-12-31
LN100632,CU20632,Brian Ramirez,2022-08-13,2022-08-21,North,Kano,Medical Expenses,MORTGAGE,3 years,37884,9.81,B,10.41,60,23800,19000.0,17900.0,Fully Paid,23299.65,2023-12-31
LN100633,CU20633,Nancy Hill,2022-08-24,2022-09-09,West,Ogun,Agriculture,MORTGAGE,6 years,36110,8.74,D,17.88,60,1000,1000.0,1000.0,Fully Paid,1303.36,2023-12-31
LN100634,CU20634,Susan Jackson,2021-09-22,2021-09-26,North,Katsina,Business Expansion,OWN,3 years,53113,32.25,C,12.47,60,13200,12800.0,12800.0,Fully Paid,17061.33,2023-12-31
LN100635,CU20635,Karen Thomas,2021-02-07,2021-02-13,South,Rivers,Education,RENT,4 years,23682,32.19,A,7.07,36,13200,12000.0,12000.0,Fully Paid,15820.05,2023-12-31
LN100636,CU20636,Robert Perez,2022-04-10,2022-04-21,West,Lagos,Education,OWN,8 years,62977,14.4,A,6.67,60,17000,17000.0,16200.0,Fully Paid,21773.81,2023-12-31
LN100637,CU20637,Emily Moore,2021-04-14,2021-04-18,South,Rivers,Home Improvement,RENT,7 years,67730,25.44,A,8.89,36,13700,9700.0,8800.0,Fully Paid,11959.1,2023-12-31
LN100638,CU20638,Michael Scott,2021-12-09,2021-12-15,North,Kaduna,Medical Expenses,MORTGAGE,1 year,75425,33.87,A,8.61,60,18800,18500.0,17100.0,Fully Paid,23355.31,2023-12-31
LN100639,CU20639,Steven Young,2023-01-15,2023-01-30,North,Kano,Wedding,RENT,2 years,72232,4.59,D,15.37,36,17000,14600.0,14600.0,Fully Paid,18699.18,2023-12-31
LN100640,CU20640,Jessica Walker,2023-11-01,2023-11-13,East,Imo,Debt Consolidation,OWN,1 year,81519,11.28,B,9.8,60,3500,3200.0,3100.0,Fully Paid,3595.63,2023-12-31
LN100641,CU20641,Edward King,2021-10-10,2021-10-27,West,Ogun,Home Improvement,RENT,6 years,75213,6.84,A,8.75,60,19200,16900.0,16000.0,Fully Paid,19579.2,2023-12-31
LN100642,CU20642,Mark Martinez,2021-06-23,2021-07-07,North,Kaduna,Medical Expenses,RENT,5 years,51826,14.17,B,10.2,36,20300,19600.0,18900.0,Current,18193.35,2023-11-19
LN100643,CU20643,Dorothy Martinez,2023-12-01,2023-12-12,Central,Abuja FCT,Business Expansion,RENT,6 years,75347,31.96,D,16.21,60,14700,14200.0,14200.0,Fully Paid,14943.66,2023-12-31
LN100644,CU20644,Kimberly Flores,2023-07-03,2023-07-15,South,Bayelsa,Agriculture,MORTGAGE,3 years,38185,33.42,B,11.66,60,34100,33300.0,32500.0,Fully Paid,42772.82,2023-12-31
LN100645,CU20645,Deborah Gonzalez,2021-03-17,2021-04-03,East,Enugu,Car Purchase,MORTGAGE,5 years,49602,17.17,E,19.56,36,12600,11600.0,11300.0,Fully Paid,13168.07,2023-12-31
LN100646,CU20646,Steven Scott,2021-11-24,2021-12-02,East,Imo,Wedding,OWN,< 1 year,120400,6.93,C,14.67,60,6600,6200.0,6200.0,Fully Paid,7075.33,2023-12-31
LN100647,CU20647,Steven Davis,2022-06-16,2022-06-20,North,Sokoto,Debt Consolidation,MORTGAGE,8 years,34341,22.69,G,27.42,36,15300,13300.0,10800.0,Fully Paid,16249.02,2023-12-31
LN100648,CU20648,Sandra Perez,2022-12-19,2023-01-01,South,Delta,Car Purchase,RENT,4 years,51942,20.05,A,8.0,36,8100,8100.0,7800.0,Fully Paid,9106.75,2023-12-31
LN100649,CU20649,Kimberly Nguyen,2023-07-20,2023-07-23,South,Akwa Ibom,Agriculture,OWN,2 years,44083,30.87,A,8.13,60,11700,10100.0,9900.0,Current,895.31,2023-12-23
LN100650,CU20650,Donald Wilson,2023-01-27,2023-02-05,West,Lagos,Business Expansion,MORTGAGE,8 years,34016,9.71,D,16.21,60,4800,4700.0,4600.0,Fully Paid,5832.41,2023-12-31
LN100651,CU20651,Brian Young,2021-10-23,2021-10-28,West,Ogun,Debt Consolidation,MORTGAGE,2 years,31335,16.11,E,19.94,60,17000,14500.0,13800.0,Fully Paid,17457.36,2023-12-31
LN100652,CU20652,Linda Wilson,2021-03-08,2021-03-12,West,Osun,Education,MORTGAGE,2 years,55240,32.89,E,21.78,60,20200,14800.0,14800.0,Fully Paid,17354.27,2023-12-31
LN100653,CU20653,Lisa Torres,2023-12-07,2023-12-17,East,Enugu,Agriculture,OWN,1 year,29945,29.94,C,13.11,60,1000,1000.0,1000.0,Fully Paid,1058.39,2023-12-31
LN100654,CU20654,Elizabeth Nguyen,2022-09-17,2022-09-18,West,Lagos,Medical Expenses,RENT,3 years,19117,28.2,B,9.55,60,1000,900.0,900.0,Current,236.77,2023-12-29
LN100655,CU20655,Anthony Walker,2023-07-16,2023-07-21,Central,Kogi,Small Business Startup,RENT,6 years,45818,12.13,B,10.43,36,4900,4500.0,4500.0,Fully Paid,5347.26,2023-12-31
LN100656,CU20656,Kevin Lewis,2021-07-02,2021-07-10,South,Akwa Ibom,Business Expansion,MORTGAGE,10+ years,111867,33.86,B,10.87,60,3800,3400.0,3000.0,Fully Paid,3915.78,2023-12-31
LN100657,CU20657,Kevin Lewis,2021-12-06,2021-12-24,East,Enugu,Car Purchase,MORTGAGE,< 1 year,93179,13.18,B,10.72,60,11600,11000.0,10500.0,Fully Paid,13674.92,2023-12-31
LN100658,CU20658,Richard Flores,2023-12-05,2023-12-09,Central,Abuja FCT,Agriculture,OWN,7 years,59081,25.85,B,10.51,36,20000,18100.0,17400.0,Fully Paid,21893.0,2023-12-31
LN100659,CU20659,Sarah Wilson,2021-06-23,2021-07-09,South,Bayelsa,Education,MORTGAGE,9 years,47658,32.47,A,6.96,36,16900,16000.0,16000.0,Fully Paid,16911.66,2023-12-31
LN100660,CU20660,Barbara Clark,2023-02-22,2023-03-12,North,Sokoto,Personal,RENT,1 year,87287,24.18,B,9.34,36,19700,15100.0,14700.0,Current,3856.56,2023-12-15
LN100661,CU20661,Deborah Garcia,2023-04-15,2023-04-21,South,Akwa Ibom,Debt Consolidation,MORTGAGE,2 years,90028,19.81,B,9.18,60,9800,8300.0,8100.0,Charged Off,1072.78,2023-12-31
LN100662,CU20662,Michael Lee,2022-10-26,2022-10-28,South,Bayelsa,Wedding,RENT,6 years,63901,13.93,C,14.82,36,10500,7500.0,7500.0,Fully Paid,9567.3,2023-12-31
LN100663,CU20663,Jessica Young,2021-08-24,2021-08-27,Central,Plateau,Medical Expenses,RENT,< 1 year,83425,3.66,F,23.27,60,33700,32100.0,30700.0,Fully Paid,37629.17,2023-12-31
LN100664,CU20664,Mary Moore,2022-05-20,2022-06-08,Central,Abuja FCT,Home Improvement,MORTGAGE,10+ years,55321,14.29,B,11.36,60,14400,13500.0,13100.0,Fully Paid,14514.83,2023-12-31
LN100665,CU20665,Steven Wilson,2021-12-11,2021-12-13,South,Akwa Ibom,Debt Consolidation,OWN,8 years,52371,3.8,A,8.86,60,10800,10800.0,10800.0,Charged Off,3589.12,2023-08-27
LN100666,CU20666,Dorothy Hernandez,2023-09-15,2023-09-27,North,Kaduna,Debt Consolidation,RENT,9 years,81788,12.52,A,6.75,60,4300,3700.0,3700.0,Fully Paid,4121.16,2023-12-31
LN100667,CU20667,Steven Jackson,2023-12-30,2024-01-03,North,Kano,Debt Consolidation,MORTGAGE,1 year,76665,27.83,A,6.9,60,26000,24700.0,23400.0,Fully Paid,31307.8,2023-12-31
LN100668,CU20668,Margaret Wilson,2022-12-03,2022-12-12,Central,Kogi,Agriculture,MORTGAGE,4 years,36981,4.39,B,11.94,60,8800,8300.0,8300.0,Fully Paid,11162.72,2023-12-31
LN100669,CU20669,Susan Robinson,2021-02-02,2021-02-22,Central,Kogi,Debt Consolidation,MORTGAGE,2 years,33862,15.27,F,24.59,36,5200,4500.0,4300.0,Fully Paid,5941.95,2023-12-26
LN100670,CU20670,Barbara Clark,2023-03-16,2023-04-03,Central,Plateau,Business Expansion,MORTGAGE,1 year,31728,28.5,D,17.36,36,11900,10000.0,9500.0,Charged Off,5160.42,2023-12-31
LN100671,CU20671,Mark Davis,2023-01-04,2023-01-08,East,Abia,Wedding,RENT,2 years,39205,5.49,D,17.52,36,5800,5500.0,5500.0,Fully Paid,7319.81,2023-12-31
LN100672,CU20672,James Anderson,2023-01-03,2023-01-11,North,Sokoto,Small Business Startup,OWN,1 year,21216,7.76,C,14.45,60,23500,23500.0,23500.0,Fully Paid,28156.35,2023-12-31
LN100673,CU20673,John Moore,2021-01-15,2021-02-03,West,Ogun,Agriculture,OWN,10+ years,103640,26.98,E,19.58,60,17400,16500.0,16500.0,Fully Paid,18168.86,2023-12-31
LN100674,CU20674,Kevin Torres,2021-05-14,2021-05-23,Central,Niger,Debt Consolidation,MORTGAGE,2 years,72907,7.74,C,14.24,36,23800,23800.0,23800.0,Fully Paid,31098.12,2023-12-31
LN100675,CU20675,Kimberly Moore,2023-12-28,2023-12-29,South,Rivers,Agriculture,MORTGAGE,4 years,49090,34.39,B,11.04,60,24800,21600.0,19400.0,Fully Paid,26833.46,2023-12-31
LN100676,CU20676,Dorothy Brown,2023-04-14,2023-04-30,East,Abia,Small Business Startup,RENT,1 year,87336,20.13,A,8.04,60,29000,25000.0,22600.0,Fully Paid,31942.66,2023-12-31
LN100677,CU20677,George Anderson,2023-05-11,2023-05-18,North,Sokoto,Agriculture,MORTGAGE,7 years,54616,27.15,A,6.95,60,25000,24300.0,24300.0,Fully Paid,31930.92,2023-12-31
LN100678,CU20678,Mary Anderson,2022-05-27,,West,Lagos,Business Expansion,OWN,2 years,53592,16.92,G,27.32,36,12400,0.0,0.0,Rejected,0.0,
LN100679,CU20679,Kenneth Miller,2023-06-04,2023-06-13,North,Katsina,Small Business Startup,OWN,9 years,36495,25.91,B,11.39,60,13100,11300.0,10600.0,Fully Paid,13470.42,2023-12-31
LN100680,CU20680,Patricia Perez,2021-05-30,2021-06-14,Central,Niger,Wedding,MORTGAGE,9 years,15000,16.62,B,10.32,36,3200,3200.0,3100.0,Fully Paid,3442.11,2023-12-31
LN100681,CU20681,John Harris,2021-09-19,2021-09-22,East,Enugu,Business Expansion,OWN,7 years,28592,11.16,C,12.16,60,22100,20800.0,20800.0,Current,9438.33,2023-12-28
LN100682,CU20682,Charles Harris,2023-04-22,2023-05-07,West,Lagos,Debt Consolidation,OWN,9 years,75876,18.81,C,14.36,36,1000,900.0,900.0,Fully Paid,1159.69,2023-12-31
LN100683,CU20683,Michelle Flores,2021-02-23,2021-02-27,North,Sokoto,Business Expansion,RENT,8 years,67517,10.02,A,6.98,36,39900,38400.0,36900.0,Current,39504.42,2023-12-27
LN100684,CU20684,Donna Gonzalez,2023-11-09,2023-11-15,Central,Niger,Home Improvement,RENT,5 years,26581,23.29,B,10.26,60,23400,20200.0,19500.0,Fully Paid,26039.98,2023-12-31
LN100685,CU20685,William Martin,2023-11-17,2023-11-22,Central,Plateau,Home Improvement,MORTGAGE,5 years,100633,2.24,G,27.24,36,20900,19300.0,19300.0,Fully Paid,23758.28,2023-12-31
LN100686,CU20686,Lisa Smith,2021-04-28,2021-05-12,Central,Niger,Personal,OWN,8 years,51963,17.12,C,14.46,36,16200,14800.0,13800.0,Fully Paid,19875.71,2023-12-31
LN100687,CU20687,Richard Jones,2023-09-02,2023-09-21,East,Anambra,Home Improvement,MORTGAGE,7 years,136583,13.77,C,13.8,60,5100,4200.0,4200.0,Fully Paid,4832.93,2023-12-31
LN100688,CU20688,Anthony Perez,2023-07-20,2023-07-28,South,Rivers,Home Improvement,OWN,7 years,76488,32.1,F,22.88,36,20800,20300.0,20300.0,Fully Paid,24156.21,2023-12-31
LN100689,CU20689,Jessica Walker,2022-02-25,2022-03-09,East,Abia,Debt Consolidation,RENT,2 years,131044,20.39,B,11.48,36,9500,9500.0,8800.0,Charged Off,2649.96,2023-10-28
LN100690,CU20690,Linda Martinez,2022-02-03,2022-02-05,East,Abia,Business Expansion,MORTGAGE,9 years,52039,24.88,D,17.74,60,1000,1000.0,1000.0,Fully Paid,1109.74,2023-12-31
LN100691,CU20691,Barbara Anderson,2022-11-27,2022-12-03,East,Anambra,Car Purchase,MORTGAGE,3 years,57167,3.97,E,18.71,36,12800,12500.0,12200.0,Fully Paid,16539.93,2023-12-31
LN100692,CU20692,Carol Rodriguez,2022-11-25,2022-12-07,West,Lagos,Small Business Startup,OWN,4 years,20059,13.62,A,7.37,60,12600,11300.0,10200.0,Fully Paid,15055.54,2023-12-31
LN100693,CU20693,Michelle Ramirez,2021-10-23,,North,Kaduna,Business Expansion,OWN,3 years,49718,34.62,F,22.77,60,27900,0.0,0.0,Rejected,0.0,
LN100694,CU20694,Brian White,2022-05-16,2022-05-21,East,Abia,Home Improvement,OWN,9 years,47834,7.18,B,10.76,60,19900,18600.0,18100.0,Fully Paid,19827.19,2023-12-31
LN100695,CU20695,Sarah Rodriguez,2022-03-05,2022-03-11,Central,Plateau,Agriculture,MORTGAGE,1 year,56982,20.24,C,14.35,36,26800,25100.0,24500.0,Fully Paid,32012.35,2023-12-31
LN100696,CU20696,Edward Allen,2023-11-29,,East,Abia,Education,RENT,2 years,40503,17.98,G,27.29,60,15700,0.0,0.0,Rejected,0.0,
LN100697,CU20697,Kimberly Walker,2022-07-04,,West,Osun,Agriculture,MORTGAGE,6 years,21604,31.92,G,28.55,36,9400,0.0,0.0,Rejected,0.0,
LN100698,CU20698,Susan Anderson,2022-04-26,2022-05-15,South,Bayelsa,Business Expansion,RENT,3 years,28448,13.46,A,6.92,60,22100,19000.0,18500.0,Current,6776.96,2023-12-15
LN100699,CU20699,Emily Garcia,2022-08-28,2022-09-12,South,Rivers,Small Business Startup,RENT,8 years,77881,23.37,D,16.05,36,19000,18700.0,18200.0,Fully Paid,21522.06,2023-12-31
LN100700,CU20700,Sandra Ramirez,2023-10-16,2023-10-31,West,Oyo,Debt Consolidation,RENT,4 years,30908,17.92,C,13.15,36,14700,13400.0,13300.0,Fully Paid,16664.33,2023-12-31
LN100701,CU20701,Jennifer Jackson,2022-07-21,2022-07-23,Central,Abuja FCT,Business Expansion,OWN,1 year,24050,15.56,D,15.36,60,21500,18200.0,17100.0,Fully Paid,20932.32,2023-12-31
LN100702,CU20702,Nancy Taylor,2022-01-26,2022-01-27,East,Imo,Debt Consolidation,MORTGAGE,9 years,64515,2.33,C,14.99,60,16200,15500.0,15500.0,Fully Paid,17585.58,2023-12-31
LN100703,CU20703,Betty Sanchez,2023-08-25,2023-09-07,Central,Abuja FCT,Debt Consolidation,MORTGAGE,8 years,58494,18.78,D,17.97,36,18600,16400.0,15500.0,Fully Paid,20778.81,2023-12-31
LN100704,CU20704,Donald Anderson,2023-08-03,2023-08-17,Central,Plateau,Debt Consolidation,RENT,1 year,38133,8.17,D,15.94,36,23300,23100.0,22500.0,Fully Paid,29091.73,2023-12-31
LN100705,CU20705,Mark Lewis,2023-02-07,2023-02-08,Central,Abuja FCT,Small Business Startup,OWN,9 years,46354,24.09,A,8.62,60,13300,13300.0,12100.0,Fully Paid,16593.8,2023-12-31
LN100706,CU20706,Nancy Anderson,2023-04-07,2023-04-26,West,Osun,Wedding,MORTGAGE,8 years,59211,10.86,G,27.2,36,8000,7400.0,7400.0,Fully Paid,9817.16,2023-12-31
LN100707,CU20707,Nancy Torres,2023-02-20,2023-02-27,Central,Plateau,Debt Consolidation,OWN,6 years,55428,21.33,B,9.19,60,1000,1000.0,900.0,Fully Paid,1148.65,2023-12-31
LN100708,CU20708,Kenneth Martin,2021-08-02,2021-08-03,North,Kano,Medical Expenses,MORTGAGE,8 years,38209,13.75,A,6.53,60,19400,15800.0,13900.0,Fully Paid,16919.39,2023-12-31
LN100709,CU20709,Charles Wilson,2023-12-10,2023-12-16,South,Akwa Ibom,Education,OWN,7 years,54089,32.36,A,6.17,36,11400,9200.0,9200.0,Fully Paid,12171.08,2023-12-31
LN100710,CU20710,David Davis,2023-09-07,2023-09-12,South,Bayelsa,Small Business Startup,MORTGAGE,1 year,53134,4.86,D,16.17,36,7700,6700.0,6500.0,Fully Paid,7657.61,2023-12-31
LN100711,CU20711,Amanda Walker,2022-02-20,2022-02-21,South,Akwa Ibom,Debt Consolidation,MORTGAGE,10+ years,21355,14.67,D,16.38,36,11600,11200.0,10500.0,Fully Paid,13257.66,2023-12-31
LN100712,CU20712,Betty Hill,2023-10-03,2023-10-13,South,Akwa Ibom,Home Improvement,RENT,7 years,41900,21.19,F,24.3,36,34100,34100.0,32200.0,Fully Paid,45205.3,2023-12-31
LN100713,CU20713,Brian Martin,2023-05-01,2023-05-16,West,Ogun,Education,OWN,2 years,51442,32.91,A,8.7,60,6400,5700.0,5300.0,Fully Paid,7112.03,2023-12-31
LN100714,CU20714,Andrew Miller,2022-05-06,2022-05-09,West,Lagos,Debt Consolidation,OWN,4 years,70607,26.04,A,8.65,60,10900,10900.0,10600.0,Fully Paid,13807.28,2023-12-31
LN100715,CU20715,Ashley Clark,2023-01-26,2023-02-09,Central,Abuja FCT,Debt Consolidation,OWN,1 year,183697,29.01,B,10.51,60,6400,5600.0,5600.0,Fully Paid,6304.65,2023-12-31
LN100716,CU20716,John Robinson,2023-08-04,2023-08-17,North,Kaduna,Car Purchase,RENT,5 years,111934,6.57,B,11.24,36,17500,14100.0,14100.0,Charged Off,3176.77,2023-12-31
LN100717,CU20717,Christopher Robinson,2021-05-20,2021-05-25,West,Osun,Small Business Startup,OWN,8 years,46821,26.96,C,13.97,60,8300,8300.0,7900.0,Fully Paid,9410.06,2023-12-31
LN100718,CU20718,David Johnson,2021-12-29,2022-01-04,Central,Abuja FCT,Business Expansion,RENT,1 year,61674,31.58,E,20.14,60,21600,18200.0,17200.0,Charged Off,8768.66,2023-08-16
LN100719,CU20719,Elizabeth Lewis,2022-03-20,2022-04-04,East,Anambra,Home Improvement,MORTGAGE,< 1 year,33929,6.45,B,11.68,36,5900,4600.0,4000.0,Fully Paid,5984.37,2023-12-31
LN100720,CU20720,Kimberly Miller,2023-06-29,2023-07-06,West,Oyo,Car Purchase,OWN,9 years,34993,26.97,E,18.02,60,24500,24500.0,23100.0,Fully Paid,28478.64,2023-12-31
LN100721,CU20721,Richard Garcia,2021-02-27,2021-03-07,North,Katsina,Home Improvement,OWN,5 years,26872,20.32,A,8.46,36,20800,19800.0,19700.0,Fully Paid,21363.82,2023-12-29
LN100722,CU20722,Kevin Hernandez,2023-05-02,2023-05-20,South,Rivers,Home Improvement,MORTGAGE,1 year,41374,2.53,D,17.45,60,3200,2700.0,2600.0,Fully Paid,3340.99,2023-12-31
LN100723,CU20723,Paul Sanchez,2022-04-21,2022-04-22,West,Lagos,Wedding,OWN,1 year,77816,20.54,B,10.07,36,19800,19800.0,19800.0,Fully Paid,22668.47,2023-12-31
LN100724,CU20724,Susan Robinson,2022-07-25,2022-08-01,South,Rivers,Home Improvement,MORTGAGE,9 years,38718,26.6,C,13.11,36,3000,3000.0,2900.0,Fully Paid,3840.79,2023-12-31
LN100725,CU20725,Michael Wright,2022-05-31,2022-06-05,Central,Niger,Small Business Startup,OWN,9 years,67060,5.25,C,12.97,60,17200,14500.0,14300.0,Fully Paid,17988.79,2023-12-31
LN100726,CU20726,Brian Lee,2022-11-18,2022-12-01,West,Lagos,Business Expansion,OWN,9 years,55045,16.45,A,8.74,60,8900,8000.0,8000.0,Fully Paid,10180.35,2023-12-31
LN100727,CU20727,Donna Smith,2021-09-12,2021-10-02,South,Rivers,Medical Expenses,RENT,3 years,36478,33.73,A,8.21,36,12900,12900.0,11900.0,Charged Off,2177.23,2023-03-26
LN100728,CU20728,Charles Gonzalez,2022-02-23,2022-03-06,South,Bayelsa,Education,MORTGAGE,< 1 year,40011,2.13,F,22.95,60,23700,22200.0,21500.0,Charged Off,5744.68,2022-06-25
LN100729,CU20729,Kimberly Clark,2022-04-15,2022-05-03,East,Enugu,Car Purchase,MORTGAGE,5 years,60719,12.04,A,7.03,36,1000,900.0,800.0,Current,568.83,2023-12-16
LN100730,CU20730,Carol Anderson,2023-12-04,2023-12-07,Central,Plateau,Debt Consolidation,RENT,2 years,31592,11.41,A,7.33,36,12200,10200.0,10100.0,Fully Paid,10924.15,2023-12-31
LN100731,CU20731,Patricia Martinez,2021-07-07,2021-07-15,South,Delta,Business Expansion,OWN,9 years,42265,34.65,B,10.65,36,28400,25000.0,25000.0,Fully Paid,29446.8,2023-12-31
LN100732,CU20732,Karen Hernandez,2023-05-19,2023-06-07,South,Delta,Home Improvement,OWN,9 years,15000,30.87,D,15.75,60,16300,14300.0,14300.0,Fully Paid,17741.74,2023-12-31
LN100733,CU20733,Donald Garcia,2023-02-13,2023-02-18,East,Abia,Business Expansion,OWN,7 years,21738,33.73,B,10.32,60,12800,11500.0,10800.0,Fully Paid,14812.78,2023-12-31
LN100734,CU20734,Edward Harris,2022-09-07,2022-09-16,West,Lagos,Debt Consolidation,MORTGAGE,8 years,49951,17.32,B,9.46,36,25900,22800.0,22800.0,Fully Paid,26032.0,2023-12-31
LN100735,CU20735,Matthew Scott,2021-05-28,2021-06-02,Central,Plateau,Home Improvement,RENT,2 years,29932,9.77,B,11.14,36,14500,14500.0,14400.0,Fully Paid,15243.19,2023-12-31
LN100736,CU20736,Steven White,2023-05-02,2023-05-21,West,Osun,Personal,RENT,5 years,49443,28.77,B,10.15,60,10300,8700.0,8700.0,Charged Off,4719.75,2023-12-31
LN100737,CU20737,Matthew Torres,2023-06-13,2023-06-25,South,Delta,Small Business Startup,RENT,5 years,71613,31.84,A,7.53,60,15200,12700.0,11600.0,Fully Paid,15814.95,2023-12-31
LN100738,CU20738,Margaret Thomas,2021-03-12,,South,Bayelsa,Personal,RENT,10+ years,58086,7.51,F,24.83,36,4400,0.0,0.0,Rejected,0.0,
LN100739,CU20739,Brian Martinez,2021-10-29,2021-10-30,East,Abia,Medical Expenses,RENT,3 years,51343,2.64,A,7.81,36,16200,13000.0,12900.0,Current,9518.89,2023-11-16
LN100740,CU20740,Matthew Sanchez,2023-11-28,2023-12-07,Central,Abuja FCT,Medical Expenses,OWN,6 years,43793,32.0,A,6.5,60,1000,800.0,800.0,Fully Paid,960.16,2023-12-31
LN100741,CU20741,Kevin Harris,2023-04-23,2023-04-28,Central,Kogi,Medical Expenses,MORTGAGE,1 year,33416,22.46,F,22.44,60,15000,13300.0,12000.0,Fully Paid,14801.01,2023-12-31
LN100742,CU20742,Betty Martin,2023-10-05,2023-10-22,North,Kano,Debt Consolidation,OWN,1 year,43145,10.76,D,15.21,60,9300,8300.0,7200.0,Fully Paid,9432.97,2023-12-31
LN100743,CU20743,David Lopez,2021-10-03,,East,Anambra,Small Business Startup,OWN,7 years,37924,6.93,F,22.73,36,5600,0.0,0.0,Rejected,0.0,
LN100744,CU20744,Mark Torres,2022-02-16,2022-02-25,South,Delta,Small Business Startup,OWN,2 years,69569,14.66,F,25.24,36,22700,19500.0,17200.0,Fully Paid,25573.95,2023-12-31
LN100745,CU20745,Kenneth Flores,2021-06-13,2021-06-16,North,Kano,Home Improvement,RENT,1 year,51440,10.66,A,7.13,60,12200,11600.0,9700.0,Fully Paid,14218.05,2023-12-31
LN100746,CU20746,Ashley Miller,2022-06-29,2022-07-03,North,Kaduna,Personal,OWN,10+ years,38698,9.11,B,10.75,36,8200,8000.0,7700.0,Fully Paid,10300.29,2023-12-31
LN100747,CU20747,Joshua King,2023-08-28,2023-09-08,East,Abia,Medical Expenses,RENT,9 years,56612,22.31,B,10.29,60,3700,3300.0,3300.0,Fully Paid,4273.68,2023-12-31
LN100748,CU20748,Lisa Sanchez,2022-12-31,2023-01-05,West,Lagos,Medical Expenses,RENT,1 year,77142,5.09,B,9.01,60,6700,6100.0,6100.0,Charged Off,984.83,2023-12-31
LN100749,CU20749,Sarah Thomas,2023-09-01,2023-09-12,East,Abia,Home Improvement,MORTGAGE,6 years,20225,28.79,D,16.98,36,14800,14600.0,14200.0,Charged Off,4089.5,2023-11-27
LN100750,CU20750,Melissa Lee,2023-09-20,2023-10-04,West,Ogun,Wedding,RENT,9 years,37638,9.55,A,8.38,60,13600,12300.0,11900.0,Fully Paid,16389.05,2023-12-31
LN100751,CU20751,Kevin Miller,2022-02-04,2022-02-09,West,Oyo,Agriculture,MORTGAGE,2 years,118412,25.19,B,11.61,36,18600,18000.0,17900.0,Fully Paid,19370.29,2023-12-31
LN100752,CU20752,Carol Scott,2023-07-03,2023-07-11,West,Ogun,Medical Expenses,OWN,7 years,46509,6.17,B,10.99,36,11700,10400.0,10400.0,Fully Paid,13270.15,2023-12-31
LN100753,CU20753,Brian Garcia,2021-03-01,2021-03-09,North,Katsina,Debt Consolidation,OWN,5 years,46265,20.04,C,14.71,60,9800,8700.0,8700.0,Fully Paid,10873.08,2023-12-31
LN100754,CU20754,Kevin Davis,2021-07-05,2021-07-16,South,Bayelsa,Debt Consolidation,MORTGAGE,5 years,64758,19.71,A,8.62,36,11100,9300.0,7800.0,Fully Paid,11766.67,2023-12-31
LN100755,CU20755,George Harris,2022-04-23,2022-04-27,Central,Plateau,Debt Consolidation,OWN,4 years,44258,32.64,A,6.35,36,13900,13700.0,13100.0,Current,8456.61,2023-12-19
LN100756,CU20756,Melissa Davis,2021-09-18,2021-09-28,Central,Kogi,Medical Expenses,RENT,6 years,66331,8.16,A,7.73,36,19000,15600.0,14000.0,Current,12639.98,2023-12-07
LN100757,CU20757,Margaret Lee,2023-12-01,2023-12-14,East,Anambra,Education,MORTGAGE,9 years,35042,10.27,A,7.77,36,9700,9600.0,9300.0,Charged Off,5051.34,2023-12-31
LN100758,CU20758,Elizabeth Jackson,2023-07-23,2023-08-12,South,Bayelsa,Agriculture,OWN,9 years,26230,4.59,B,9.85,36,25300,25300.0,24800.0,Fully Paid,30378.05,2023-12-31
LN100759,CU20759,Linda Moore,2022-03-18,2022-03-20,Central,Plateau,Small Business Startup,RENT,4 years,45606,3.32,D,17.11,60,35000,32500.0,32200.0,Fully Paid,37373.16,2023-12-31
LN100760,CU20760,Amanda Wilson,2022-01-02,2022-01-03,South,Rivers,Home Improvement,RENT,6 years,32417,21.36,C,12.9,36,24800,22100.0,19600.0,Fully Paid,25442.03,2023-12-31
LN100761,CU20761,Donald Thompson,2021-05-28,2021-06-15,West,Osun,Education,MORTGAGE,4 years,39285,23.32,D,15.85,36,25600,22000.0,22000.0,Fully Paid,23963.94,2023-12-31
LN100762,CU20762,Donna Brown,2021-12-02,2021-12-12,East,Abia,Education,MORTGAGE,2 years,48232,17.97,F,23.77,60,6600,5700.0,5700.0,Fully Paid,6343.7,2023-12-31
LN100763,CU20763,Melissa Gonzalez,2021-07-28,,North,Sokoto,Small Business Startup,MORTGAGE,2 years,49720,24.34,F,23.51,60,20500,0.0,0.0,Rejected,0.0,
LN100764,CU20764,Carol Hernandez,2022-12-30,2023-01-16,North,Kaduna,Medical Expenses,RENT,2 years,57057,18.42,A,8.84,36,12200,10300.0,9000.0,Fully Paid,12648.58,2023-12-31
LN100765,CU20765,Kenneth Sanchez,2021-09-01,2021-09-14,South,Rivers,Medical Expenses,OWN,6 years,26724,20.94,A,7.47,36,15100,15100.0,14000.0,Fully Paid,20344.97,2023-12-31
LN100766,CU20766,Kevin Garcia,2022-07-18,2022-07-22,West,Osun,Wedding,MORTGAGE,10+ years,84764,17.98,B,10.34,36,24500,21500.0,20600.0,Current,10338.65,2023-11-20
LN100767,CU20767,Kevin Allen,2023-09-10,2023-09-23,South,Rivers,Debt Consolidation,RENT,1 year,34918,13.77,F,25.18,36,18100,17100.0,15400.0,Fully Paid,21261.78,2023-12-31
LN100768,CU20768,Karen Torres,2022-10-29,2022-11-11,South,Rivers,Debt Consolidation,OWN,8 years,66775,10.08,A,6.55,36,13300,12700.0,12500.0,Fully Paid,15378.75,2023-12-31
LN100769,CU20769,Kimberly Young,2022-03-01,2022-03-02,North,Kaduna,Business Expansion,MORTGAGE,1 year,73453,28.54,A,6.54,36,15300,13600.0,13600.0,Fully Paid,17546.09,2023-12-31
LN100770,CU20770,John Rodriguez,2021-11-27,2021-11-30,Central,Niger,Debt Consolidation,OWN,8 years,52472,31.02,C,12.77,36,10900,9900.0,9400.0,Fully Paid,11898.26,2023-12-31
LN100771,CU20771,Paul Hernandez,2022-05-24,2022-06-11,West,Lagos,Home Improvement,RENT,< 1 year,42439,24.15,F,25.78,60,1000,800.0,800.0,Fully Paid,978.5,2023-12-31
LN100772,CU20772,Christopher King,2021-07-22,2021-07-27,East,Anambra,Medical Expenses,MORTGAGE,< 1 year,58638,6.17,D,15.71,36,9100,8500.0,8400.0,Fully Paid,11048.2,2023-12-31
LN100773,CU20773,Joshua Scott,2022-07-23,2022-08-01,South,Akwa Ibom,Car Purchase,OWN,9 years,125256,27.41,B,10.27,60,6900,6600.0,6400.0,Fully Paid,8719.25,2023-12-31
LN100774,CU20774,Sandra Garcia,2021-10-21,2021-10-28,East,Abia,Business Expansion,MORTGAGE,3 years,88732,21.17,B,9.21,60,10100,10100.0,10100.0,Fully Paid,12312.84,2023-12-31
LN100775,CU20775,Steven Hill,2021-11-11,2021-11-14,South,Bayelsa,Car Purchase,RENT,6 years,46216,10.66,A,7.14,36,24000,19000.0,18200.0,Fully Paid,22979.38,2023-12-31
LN100776,CU20776,Emily Clark,2021-07-02,2021-07-10,North,Sokoto,Car Purchase,RENT,5 years,72615,17.71,A,8.33,36,15100,13300.0,11900.0,Fully Paid,14355.81,2023-12-31
LN100777,CU20777,Matthew Miller,2023-12-15,2023-12-19,North,Kano,Wedding,MORTGAGE,4 years,22502,18.56,D,16.77,60,25700,25700.0,25700.0,Fully Paid,32385.51,2023-12-31
LN100778,CU20778,Charles Scott,2021-04-09,2021-04-15,East,Enugu,Debt Consolidation,OWN,5 years,15000,19.88,E,21.79,60,17900,15100.0,14400.0,Fully Paid,19213.08,2023-12-31
LN100779,CU20779,Paul Scott,2023-09-04,2023-09-09,Central,Plateau,Education,MORTGAGE,2 years,38029,14.64,A,6.78,36,3000,3000.0,2800.0,Current,271.28,2023-12-14
LN100780,CU20780,Patricia White,2023-07-27,2023-08-13,South,Bayelsa,Education,OWN,7 years,34862,22.18,A,8.96,60,28700,25500.0,23800.0,Fully Paid,34062.51,2023-12-31
LN100781,CU20781,Amanda Anderson,2022-09-18,2022-09-21,East,Enugu,Small Business Startup,RENT,5 years,46759,2.31,G,29.38,36,19900,18200.0,15800.0,Fully Paid,24268.97,2023-12-31
LN100782,CU20782,Andrew Brown,2023-10-07,2023-10-23,North,Sokoto,Business Expansion,OWN,6 years,62753,30.67,C,14.03,36,8800,8200.0,7500.0,Fully Paid,10295.4,2023-12-31
LN100783,CU20783,Paul Davis,2022-01-25,2022-02-02,West,Lagos,Home Improvement,MORTGAGE,< 1 year,72079,7.38,A,8.14,60,18200,17200.0,16500.0,Fully Paid,21471.66,2023-12-31
LN100784,CU20784,Kimberly Hill,2021-12-12,2021-12-15,North,Katsina,Small Business Startup,MORTGAGE,8 years,58274,20.23,B,11.71,36,11500,9900.0,9300.0,Fully Paid,10790.96,2023-12-31
LN100785,CU20785,Patricia Ramirez,2021-12-16,2022-01-03,West,Osun,Car Purchase,RENT,1 year,40071,18.0,A,7.01,36,5300,4400.0,4300.0,Fully Paid,5752.3,2023-12-31
LN100786,CU20786,Karen Walker,2022-03-13,2022-03-23,East,Imo,Debt Consolidation,OWN,10+ years,56955,30.88,B,10.71,36,10400,10100.0,10100.0,Fully Paid,13511.18,2023-12-31
LN100787,CU20787,John Robinson,2021-04-28,2021-05-08,Central,Plateau,Medical Expenses,RENT,< 1 year,57082,8.86,A,7.85,60,7100,6700.0,6500.0,Fully Paid,7045.36,2023-12-31
LN100788,CU20788,George Lopez,2021-01-19,2021-02-05,West,Oyo,Agriculture,OWN,6 years,47806,4.57,D,16.48,36,14900,13700.0,12400.0,Fully Paid,15016.75,2023-12-31
LN100789,CU20789,Ashley Smith,2022-04-09,2022-04-23,South,Akwa Ibom,Business Expansion,RENT,6 years,44886,11.07,C,13.12,60,6700,5800.0,5100.0,Fully Paid,7023.38,2023-12-31
LN100790,CU20790,Michael Lewis,2021-10-14,2021-10-18,West,Ogun,Business Expansion,RENT,6 years,55044,34.65,A,6.02,36,15900,15400.0,14900.0,Current,11189.38,2023-12-06
LN100791,CU20791,Anthony Perez,2022-02-12,2022-02-26,North,Kano,Home Improvement,RENT,10+ years,114668,4.24,C,14.95,36,13700,11900.0,11100.0,Fully Paid,14264.18,2023-12-31
LN100792,CU20792,Amanda Rodriguez,2023-10-25,2023-10-26,East,Abia,Medical Expenses,MORTGAGE,6 years,64251,30.43,B,9.39,36,15200,12500.0,11700.0,Current,730.29,2023-12-31
LN100793,CU20793,Deborah Thomas,2023-05-30,2023-06-09,North,Sokoto,Debt Consolidation,MORTGAGE,< 1 year,60222,33.15,B,10.3,60,31800,27100.0,27100.0,Fully Paid,34641.12,2023-12-31
LN100794,CU20794,Michelle Martinez,2022-05-26,2022-06-09,Central,Niger,Home Improvement,RENT,1 year,16716,17.54,C,14.59,36,17400,15600.0,15000.0,Current,9105.81,2023-12-25
LN100795,CU20795,Brian Allen,2022-01-22,2022-01-26,Central,Niger,Education,MORTGAGE,10+ years,61670,34.5,C,13.9,36,9800,9600.0,9600.0,Current,6168.63,2023-12-19
LN100796,CU20796,Elizabeth Ramirez,2021-07-06,2021-07-14,North,Kano,Agriculture,OWN,6 years,18431,14.32,C,13.22,60,36600,36600.0,36600.0,Fully Paid,43108.31,2023-12-31
LN100797,CU20797,Steven Ramirez,2021-08-14,2021-08-28,North,Sokoto,Debt Consolidation,RENT,5 years,16384,21.43,C,12.84,60,20500,17500.0,17500.0,Fully Paid,23074.31,2023-12-31
LN100798,CU20798,John Smith,2022-03-11,2022-03-25,North,Sokoto,Home Improvement,RENT,7 years,64169,34.2,A,6.84,36,10200,9300.0,9000.0,Current,6196.7,2023-12-08
LN100799,CU20799,Nancy Martin,2021-01-28,2021-02-08,North,Kaduna,Agriculture,MORTGAGE,8 years,44072,7.36,C,14.31,36,14000,13600.0,13600.0,Fully Paid,17584.94,2023-12-08
LN100800,CU20800,Deborah Nguyen,2022-05-03,2022-05-06,Central,Kogi,Business Expansion,MORTGAGE,4 years,108751,9.15,B,9.63,60,17900,14300.0,12400.0,Fully Paid,15574.78,2023-12-31
LN100801,CU20801,Joshua Davis,2022-01-31,2022-02-18,North,Kano,Home Improvement,MORTGAGE,7 years,183005,12.06,E,21.7,36,7000,6800.0,6300.0,Fully Paid,7755.01,2023-12-31
LN100802,CU20802,Edward Gonzalez,2021-03-31,2021-04-18,Central,Niger,Business Expansion,OWN,3 years,99462,14.13,C,13.25,60,12600,12600.0,12600.0,Fully Paid,16612.77,2023-12-31
LN100803,CU20803,Kenneth Davis,2023-09-16,2023-09-22,West,Lagos,Home Improvement,RENT,8 years,37986,2.76,C,14.79,36,10200,9600.0,9000.0,Fully Paid,12086.51,2023-12-31
LN100804,CU20804,Charles Williams,2022-01-25,2022-01-31,Central,Abuja FCT,Debt Consolidation,MORTGAGE,6 years,32300,4.48,C,13.49,36,17900,17900.0,16500.0,Fully Paid,21529.82,2023-12-31
LN100805,CU20805,Deborah Harris,2022-02-28,2022-03-19,West,Oyo,Education,OWN,< 1 year,33933,19.7,B,9.48,36,17600,15600.0,15600.0,Fully Paid,20494.45,2023-12-31
LN100806,CU20806,Steven Robinson,2022-09-14,2022-09-20,Central,Kogi,Personal,OWN,4 years,55476,15.36,C,14.12,36,9100,6700.0,6400.0,Fully Paid,8107.47,2023-12-31
LN100807,CU20807,John Martinez,2022-07-08,2022-07-26,East,Anambra,Small Business Startup,OWN,10+ years,26118,29.61,B,11.94,36,2800,2800.0,2800.0,Current,1450.87,2023-11-21
LN100808,CU20808,Joshua White,2022-06-25,,East,Enugu,Debt Consolidation,MORTGAGE,2 years,38559,18.92,E,19.63,60,14400,0.0,0.0,Rejected,0.0,
LN100809,CU20809,Christopher Brown,2022-03-26,2022-04-13,North,Sokoto,Car Purchase,MORTGAGE,4 years,45780,13.32,A,6.53,36,23500,19600.0,16500.0,Fully Paid,25683.73,2023-12-31
LN100810,CU20810,Deborah Nguyen,2022-06-12,2022-06-27,North,Katsina,Car Purchase,MORTGAGE,10+ years,46909,33.73,B,10.81,36,25100,22600.0,20900.0,Current,11755.6,2023-11-24
LN100811,CU20811,Kenneth Sanchez,2022-04-20,2022-04-23,South,Bayelsa,Home Improvement,MORTGAGE,6 years,65555,19.91,C,13.11,60,6200,5200.0,5000.0,Fully Paid,6176.65,2023-12-31
LN100812,CU20812,Barbara Gonzalez,2022-01-05,2022-01-11,Central,Plateau,Home Improvement,MORTGAGE,4 years,64434,32.7,C,12.06,36,24400,20600.0,19200.0,Fully Paid,25877.93,2023-12-31
LN100813,CU20813,Robert Martinez,2022-05-18,2022-06-04,North,Katsina,Wedding,RENT,10+ years,51344,20.49,A,8.91,36,1000,1000.0,1000.0,Current,587.19,2023-12-31
LN100814,CU20814,Joshua Miller,2021-02-12,2021-02-17,West,Osun,Education,OWN,< 1 year,109781,10.56,C,14.29,36,15000,14400.0,14400.0,Fully Paid,15481.13,2023-12-31
LN100815,CU20815,Kenneth Hill,2021-08-06,2021-08-13,North,Kaduna,Wedding,MORTGAGE,5 years,23154,8.33,B,11.56,36,3000,2600.0,2600.0,Current,2333.11,2023-12-03
LN100816,CU20816,David Martin,2021-11-13,2021-12-01,East,Abia,Car Purchase,OWN,< 1 year,38659,15.49,F,24.17,60,11400,9700.0,9700.0,Charged Off,4970.89,2022-07-29
LN100817,CU20817,Paul Jackson,2021-10-18,2021-10-31,North,Katsina,Debt Consolidation,OWN,3 years,90729,26.27,C,12.07,60,16000,15100.0,14600.0,Current,7186.57,2023-12-17
LN100818,CU20818,Carol Harris,2021-12-14,,North,Katsina,Small Business Startup,OWN,3 years,110644,3.82,F,22.41,60,20500,0.0,0.0,Rejected,0.0,
LN100819,CU20819,Daniel Jones,2021-08-31,2021-09-06,Central,Kogi,Debt Consolidation,RENT,1 year,103155,32.25,D,17.69,36,20000,20000.0,19500.0,Fully Paid,23009.06,2023-12-31
LN100820,CU20820,Carol Ramirez,2022-08-11,2022-08-23,South,Akwa Ibom,Car Purchase,RENT,1 year,30749,26.11,B,9.81,60,8600,8200.0,7800.0,Fully Paid,10604.37,2023-12-31
LN100821,CU20821,Robert Smith,2022-10-18,2022-10-21,South,Delta,Car Purchase,OWN,6 years,31280,21.15,E,19.79,60,19200,18600.0,17100.0,Charged Off,5835.31,2023-12-31
LN100822,CU20822,Elizabeth Garcia,2022-01-08,2022-01-24,East,Anambra,Medical Expenses,RENT,5 years,63051,8.97,B,9.96,60,7500,6800.0,6800.0,Fully Paid,7984.45,2023-12-31
LN100823,CU20823,Kenneth Perez,2023-02-24,2023-03-14,South,Delta,Home Improvement,RENT,8 years,81881,34.05,B,10.49,60,8300,7500.0,6800.0,Fully Paid,8392.76,2023-12-31
LN100824,CU20824,Donna Clark,2021-06-28,2021-07-10,Central,Niger,Car Purchase,OWN,5 years,54274,23.47,C,12.01,36,13800,13000.0,12900.0,Fully Paid,17384.7,2023-12-31
LN100825,CU20825,Linda Brown,2021-10-13,2021-10-21,East,Imo,Business Expansion,RENT,7 years,42489,12.78,C,12.43,60,15900,14800.0,14300.0,Fully Paid,16537.17,2023-12-31
LN100826,CU20826,William Davis,2021-02-23,2021-03-14,South,Bayelsa,Home Improvement,MORTGAGE,6 years,40675,10.67,B,10.12,36,19000,15300.0,14900.0,Current,16265.15,2023-12-21
LN100827,CU20827,Mary Martinez,2021-06-11,2021-06-16,East,Anambra,Home Improvement,OWN,1 year,70905,25.64,C,12.04,60,21500,21500.0,20500.0,Fully Paid,25604.98,2023-12-31
LN100828,CU20828,Melissa King,2023-04-23,2023-05-03,East,Abia,Medical Expenses,MORTGAGE,5 years,51493,18.51,D,16.33,36,4200,4200.0,4200.0,Current,941.73,2023-11-20
LN100829,CU20829,John Hill,2021-01-23,2021-02-10,South,Delta,Agriculture,RENT,6 years,57156,31.13,B,11.04,60,27000,27000.0,27000.0,Fully Paid,30440.24,2023-12-31
LN100830,CU20830,Steven Martin,2021-11-18,2021-11-25,South,Bayelsa,Personal,RENT,1 year,60854,3.76,A,7.56,36,15400,13700.0,13700.0,Fully Paid,14615.15,2023-12-31
LN100831,CU20831,Barbara Scott,2023-08-18,2023-08-31,Central,Abuja FCT,Debt Consolidation,RENT,5 years,33655,12.11,D,16.96,60,23800,22900.0,22900.0,Current,1710.63,2023-11-20
LN100832,CU20832,Margaret Gonzalez,2021-08-02,2021-08-03,East,Enugu,Car Purchase,OWN,5 years,52239,24.75,B,10.81,60,4800,3900.0,3900.0,Fully Paid,4285.43,2023-12-31
LN100833,CU20833,Robert Wilson,2022-09-26,2022-10-04,Central,Abuja FCT,Debt Consolidation,OWN,8 years,98409,19.73,A,6.61,36,17600,15300.0,14300.0,Fully Paid,20547.88,2023-12-31
LN100834,CU20834,John Torres,2021-04-09,2021-04-21,West,Lagos,Small Business Startup,RENT,1 year,46981,32.44,B,11.83,36,17100,16800.0,16400.0,Fully Paid,22472.04,2023-12-31
LN100835,CU20835,Richard Lee,2021-09-23,2021-10-10,West,Oyo,Debt Consolidation,MORTGAGE,10+ years,45559,32.81,D,15.29,60,8000,8000.0,8000.0,Charged Off,4029.98,2022-09-12
LN100836,CU20836,Mary Nguyen,2021-03-18,2021-03-21,West,Osun,Debt Consolidation,RENT,2 years,54317,4.6,D,15.45,60,5900,5000.0,5000.0,Fully Paid,5389.94,2023-12-31
LN100837,CU20837,Joseph Wilson,2023-10-25,2023-11-09,South,Delta,Business Expansion,MORTGAGE,9 years,62342,11.99,C,13.95,60,9200,8800.0,8200.0,Fully Paid,10135.01,2023-12-31
LN100838,CU20838,Michelle Ramirez,2022-05-05,2022-05-24,North,Katsina,Business Expansion,OWN,9 years,58306,26.7,B,10.82,36,19400,17700.0,17300.0,Fully Paid,21226.85,2023-12-31
LN100839,CU20839,James Martinez,2023-10-19,2023-10-25,East,Enugu,Medical Expenses,OWN,7 years,97601,23.76,A,6.94,60,8800,8700.0,8100.0,Current,472.62,2023-12-09
LN100840,CU20840,Jennifer Jones,2022-06-13,2022-06-18,South,Bayelsa,Car Purchase,RENT,4 years,43747,25.39,C,14.29,60,8600,8600.0,8100.0,Fully Paid,11536.94,2023-12-31
LN100841,CU20841,John White,2023-04-18,2023-05-05,East,Abia,Small Business Startup,MORTGAGE,10+ years,39422,31.01,C,12.39,60,14600,13300.0,13300.0,Fully Paid,17763.66,2023-12-31
LN100842,CU20842,Jennifer Clark,2022-06-23,2022-07-01,Central,Plateau,Debt Consolidation,MORTGAGE,< 1 year,132472,23.52,B,10.86,36,8800,8600.0,8500.0,Fully Paid,10476.87,2023-12-31
LN100843,CU20843,Michael Jackson,2023-03-29,2023-04-01,West,Ogun,Home Improvement,OWN,3 years,45645,9.59,A,7.16,60,7700,7200.0,6300.0,Fully Paid,8571.94,2023-12-31
LN100844,CU20844,Sandra Miller,2021-08-10,2021-08-13,North,Kano,Business Expansion,RENT,6 years,73167,26.01,B,9.6,60,24100,21900.0,21700.0,Fully Paid,29541.6,2023-12-31
LN100845,CU20845,Susan Walker,2023-07-20,2023-07-25,North,Sokoto,Education,OWN,8 years,41288,8.8,A,6.47,60,4400,3700.0,3400.0,Fully Paid,4240.41,2023-12-31
LN100846,CU20846,Joshua Harris,2023-05-31,2023-06-14,North,Sokoto,Agriculture,RENT,3 years,97474,16.5,C,12.16,36,14500,13800.0,13800.0,Fully Paid,17121.75,2023-12-31
LN100847,CU20847,Elizabeth Jones,2021-06-17,2021-06-26,East,Abia,Agriculture,RENT,7 years,79805,28.08,C,14.61,36,6400,4900.0,4300.0,Current,4116.25,2023-12-04
LN100848,CU20848,Nancy Martin,2022-12-17,2022-12-31,South,Delta,Home Improvement,RENT,7 years,24040,8.49,A,7.43,36,10600,10600.0,10600.0,Fully Paid,13333.43,2023-12-31
LN100849,CU20849,James Scott,2021-06-09,2021-06-20,Central,Niger,Medical Expenses,MORTGAGE,10+ years,40955,3.78,B,10.74,36,16000,12300.0,11600.0,Fully Paid,15953.73,2023-12-31
LN100850,CU20850,Melissa Lee,2023-07-29,2023-08-12,North,Kano,Business Expansion,OWN,7 years,63088,15.21,B,11.59,36,15100,13600.0,13600.0,Fully Paid,17226.93,2023-12-31
LN100851,CU20851,William Lewis,2021-03-16,2021-04-05,Central,Abuja FCT,Education,OWN,3 years,47136,10.5,E,19.68,36,30000,29900.0,27900.0,Fully Paid,34517.33,2023-12-31
LN100852,CU20852,Richard Torres,2023-01-16,2023-02-01,North,Sokoto,Wedding,OWN,4 years,33060,34.74,A,8.69,36,17300,15700.0,13300.0,Fully Paid,18632.75,2023-12-31
LN100853,CU20853,Daniel Thompson,2023-12-08,2023-12-22,Central,Plateau,Agriculture,RENT,1 year,36896,2.08,B,11.78,60,15400,12800.0,12800.0,Fully Paid,15562.57,2023-12-31
LN100854,CU20854,Paul Ramirez,2023-06-15,2023-06-18,West,Oyo,Car Purchase,MORTGAGE,4 years,30366,4.63,A,8.11,36,10200,9800.0,9800.0,Fully Paid,10595.21,2023-12-31
LN100855,CU20855,Mary Flores,2023-10-14,2023-10-29,West,Lagos,Medical Expenses,MORTGAGE,9 years,37935,18.82,B,11.78,36,12100,12100.0,10400.0,Fully Paid,15630.31,2023-12-31
LN100856,CU20856,Charles Clark,2023-07-21,2023-07-25,South,Delta,Medical Expenses,MORTGAGE,6 years,40901,7.41,F,22.46,60,7000,7000.0,7000.0,Fully Paid,9016.88,2023-12-31
LN100857,CU20857,Anthony Sanchez,2022-04-04,2022-04-14,North,Sokoto,Small Business Startup,MORTGAGE,4 years,37414,31.49,B,9.8,60,16100,15300.0,14600.0,Fully Paid,19714.68,2023-12-31
LN100858,CU20858,Carol Thomas,2021-03-08,2021-03-25,North,Katsina,Debt Consolidation,OWN,< 1 year,55211,12.39,E,18.61,60,14300,12700.0,12400.0,Fully Paid,15620.79,2023-12-31
LN100859,CU20859,David Torres,2023-03-13,2023-04-01,West,Ogun,Home Improvement,OWN,9 years,73835,34.43,A,7.93,36,13500,12900.0,12500.0,Fully Paid,17180.45,2023-12-31
LN100860,CU20860,George Lopez,2023-11-26,2023-12-13,West,Oyo,Debt Consolidation,OWN,6 years,73862,27.0,F,22.92,36,22400,19500.0,18300.0,Charged Off,7575.1,2023-12-31
LN100861,CU20861,Edward Taylor,2022-10-23,2022-10-24,Central,Niger,Car Purchase,OWN,1 year,94086,27.87,B,9.28,60,12500,11300.0,11200.0,Fully Paid,13876.25,2023-12-31
LN100862,CU20862,Michelle Wright,2021-02-21,2021-02-27,North,Katsina,Home Improvement,MORTGAGE,2 years,76456,12.39,B,11.95,60,12200,11000.0,9900.0,Fully Paid,14513.1,2023-12-31
LN100863,CU20863,Richard Wright,2022-06-18,2022-06-19,South,Bayelsa,Small Business Startup,MORTGAGE,< 1 year,75468,5.16,A,6.82,36,24000,23600.0,23600.0,Fully Paid,28881.83,2023-12-31
LN100864,CU20864,Linda Robinson,2021-08-08,2021-08-11,Central,Abuja FCT,Home Improvement,OWN,4 years,35913,3.31,D,15.79,36,13500,11100.0,11100.0,Charged Off,5797.66,2022-04-10
LN100865,CU20865,Betty Miller,2023-04-28,2023-05-05,West,Lagos,Car Purchase,OWN,7 years,139541,17.06,D,17.88,36,10800,10800.0,10700.0,Fully Paid,12555.82,2023-12-31
LN100866,CU20866,Kenneth Lewis,2022-09-04,2022-09-08,South,Delta,Business Expansion,OWN,2 years,60214,15.4,B,10.98,36,10900,10900.0,10600.0,Fully Paid,14694.53,2023-12-31
LN100867,CU20867,Michelle Hill,2021-11-21,2021-12-11,Central,Abuja FCT,Business Expansion,MORTGAGE,4 years,40156,28.21,C,14.78,36,12700,11200.0,10600.0,Charged Off,1249.01,2023-06-18
LN100868,CU20868,Edward Martinez,2021-08-24,2021-08-27,South,Akwa Ibom,Personal,OWN,< 1 year,74487,10.85,G,27.31,36,7600,6900.0,6600.0,Fully Paid,9190.49,2023-12-31
LN100869,CU20869,Sarah Walker,2022-12-15,2022-12-31,South,Rivers,Personal,MORTGAGE,8 years,40354,13.1,D,16.96,60,25200,20000.0,20000.0,Fully Paid,26678.07,2023-12-31
LN100870,CU20870,Richard Taylor,2022-07-30,2022-08-05,South,Delta,Home Improvement,RENT,1 year,70969,7.6,F,24.33,60,1000,1000.0,900.0,Fully Paid,1336.13,2023-12-31
LN100871,CU20871,Margaret Lewis,2022-10-15,2022-10-22,West,Oyo,Business Expansion,MORTGAGE,1 year,73442,29.5,B,10.82,60,24000,19300.0,17000.0,Fully Paid,22430.23,2023-12-31
LN100872,CU20872,Robert Lewis,2023-11-14,2023-11-27,South,Rivers,Business Expansion,RENT,9 years,83463,6.68,B,10.23,60,12900,12900.0,12900.0,Charged Off,2450.38,2023-12-31
LN100873,CU20873,Margaret Lopez,2021-05-29,2021-06-09,East,Anambra,Small Business Startup,OWN,10+ years,45376,21.33,D,16.11,36,23800,22700.0,21700.0,Current,20481.35,2023-12-31
LN100874,CU20874,Amanda Perez,2022-10-21,2022-11-10,South,Bayelsa,Medical Expenses,OWN,8 years,26857,34.61,E,18.26,60,10900,10400.0,10400.0,Current,2326.84,2023-11-26
LN100875,CU20875,Sarah Hill,2023-06-11,2023-06-27,North,Katsina,Debt Consolidation,RENT,5 years,71620,18.49,C,12.59,36,21000,21000.0,21000.0,Fully Paid,28288.64,2023-12-31
LN100876,CU20876,Linda Davis,2022-11-01,2022-11-11,West,Ogun,Home Improvement,MORTGAGE,6 years,32341,19.48,A,6.71,36,22000,20800.0,19300.0,Charged Off,10226.38,2023-12-31
LN100877,CU20877,James Robinson,2023-04-05,2023-04-16,East,Anambra,Home Improvement,OWN,8 years,41582,27.69,A,8.75,36,19000,17600.0,17600.0,Fully Paid,18846.72,2023-12-31
LN100878,CU20878,Anthony Martin,2022-12-10,2022-12-26,East,Imo,Debt Consolidation,RENT,1 year,30803,33.81,B,10.67,60,1000,900.0,800.0,Fully Paid,1051.2,2023-12-31
LN100879,CU20879,Sandra Young,2021-07-30,2021-08-04,North,Sokoto,Medical Expenses,OWN,3 years,61153,12.59,B,9.14,36,13200,10400.0,10400.0,Current,8783.5,2023-11-17
LN100880,CU20880,George Ramirez,2021-06-30,2021-07-02,South,Delta,Business Expansion,OWN,5 years,33281,27.85,B,11.45,36,10000,8000.0,7200.0,Fully Paid,10283.87,2023-12-31
LN100881,CU20881,Patricia Martin,2022-11-06,2022-11-15,North,Sokoto,Debt Consolidation,MORTGAGE,9 years,26758,28.93,D,17.37,60,12800,12800.0,12800.0,Fully Paid,16991.46,2023-12-31
LN100882,CU20882,Sandra Davis,2021-10-31,2021-11-17,South,Akwa Ibom,Home Improvement,MORTGAGE,6 years,26152,26.11,B,10.91,36,8900,6600.0,6500.0,Fully Paid,8074.21,2023-12-31
LN100883,CU20883,Ashley Moore,2022-04-08,2022-04-20,East,Abia,Agriculture,OWN,4 years,29903,14.47,B,11.3,36,10000,8300.0,8300.0,Fully Paid,10888.45,2023-12-31
LN100884,CU20884,Dorothy Wilson,2023-10-10,2023-10-25,North,Kaduna,Debt Consolidation,OWN,3 years,22997,15.44,A,6.04,36,13700,11300.0,11300.0,Fully Paid,12502.04,2023-12-31
LN100885,CU20885,Nancy Wilson,2022-10-01,2022-10-06,Central,Kogi,Debt Consolidation,MORTGAGE,7 years,33443,7.74,A,7.97,36,11100,11100.0,11100.0,Fully Paid,12865.93,2023-12-31
LN100886,CU20886,Michelle Allen,2022-01-20,2022-02-08,South,Bayelsa,Home Improvement,OWN,4 years,56062,26.2,B,10.27,60,13000,12700.0,11000.0,Fully Paid,13896.17,2023-12-31
LN100887,CU20887,Michael Davis,2023-08-02,2023-08-14,South,Rivers,Business Expansion,OWN,4 years,67266,8.7,A,6.09,60,35000,31600.0,29300.0,Fully Paid,41967.27,2023-12-31
LN100888,CU20888,Daniel Ramirez,2023-03-24,2023-04-08,South,Delta,Education,MORTGAGE,6 years,53427,28.16,D,16.52,36,6800,6800.0,6800.0,Fully Paid,7339.54,2023-12-31
LN100889,CU20889,Matthew Ramirez,2022-01-23,2022-02-09,South,Akwa Ibom,Debt Consolidation,RENT,2 years,85158,9.13,B,10.78,60,5300,5000.0,4500.0,Fully Paid,6271.74,2023-12-31
LN100890,CU20890,Jessica Davis,2021-04-19,2021-05-07,South,Rivers,Agriculture,OWN,9 years,109531,34.37,B,9.8,36,25100,20600.0,20600.0,Charged Off,4392.59,2023-03-03
LN100891,CU20891,Brian Sanchez,2021-07-27,2021-08-03,West,Osun,Medical Expenses,OWN,4 years,34796,4.3,D,16.49,36,12600,12600.0,12300.0,Fully Paid,14318.61,2023-12-31
LN100892,CU20892,Charles Smith,2023-10-28,2023-11-05,North,Kano,Business Expansion,MORTGAGE,9 years,105365,2.87,B,10.43,60,12100,12100.0,11900.0,Current,666.84,2023-12-21
LN100893,CU20893,Barbara Perez,2021-01-27,2021-02-02,West,Ogun,Business Expansion,MORTGAGE,7 years,49455,33.99,A,7.28,36,8600,8100.0,8100.0,Fully Paid,10646.46,2023-12-31
LN100894,CU20894,Carol Smith,2023-08-29,2023-09-14,Central,Kogi,Agriculture,MORTGAGE,< 1 year,36409,23.27,C,13.46,36,9500,8000.0,8000.0,Current,748.56,2023-11-25
LN100895,CU20895,Carol Jackson,2021-10-28,2021-11-12,South,Delta,Debt Consolidation,OWN,1 year,38852,15.81,B,9.91,60,6800,6800.0,6100.0,Fully Paid,7855.59,2023-12-31
LN100896,CU20896,Thomas Young,2023-07-29,2023-08-15,East,Imo,Home Improvement,OWN,5 years,99203,26.64,E,19.2,60,14900,14200.0,13200.0,Fully Paid,18560.63,2023-12-31
LN100897,CU20897,Joshua Walker,2023-11-30,2023-12-08,North,Sokoto,Debt Consolidation,MORTGAGE,10+ years,46692,26.56,B,9.06,60,23900,22900.0,22900.0,Fully Paid,25018.02,2023-12-31
LN100898,CU20898,Mary Thomas,2023-01-07,2023-01-11,Central,Plateau,Business Expansion,OWN,1 year,42095,18.05,F,22.78,60,26800,25100.0,25100.0,Fully Paid,32959.89,2023-12-31
LN100899,CU20899,Paul Lewis,2022-06-28,2022-07-17,Central,Niger,Debt Consolidation,MORTGAGE,5 years,128585,29.39,C,14.66,60,11200,10500.0,9600.0,Fully Paid,14155.92,2023-12-31
LN100900,CU20900,Richard Williams,2021-09-09,2021-09-19,Central,Kogi,Education,RENT,7 years,31759,7.23,A,7.7,60,12700,11400.0,10200.0,Current,5136.41,2023-11-18
LN100901,CU20901,Elizabeth Robinson,2021-11-30,2021-12-01,South,Akwa Ibom,Education,RENT,7 years,93341,22.41,D,15.86,60,12900,10600.0,10600.0,Fully Paid,11821.09,2023-12-31
LN100902,CU20902,Donna Davis,2022-09-19,2022-09-21,North,Katsina,Business Expansion,OWN,6 years,98497,9.49,A,7.06,36,1000,800.0,800.0,Fully Paid,924.05,2023-12-31
LN100903,CU20903,Steven Scott,2022-07-09,2022-07-19,South,Rivers,Car Purchase,OWN,3 years,47722,34.19,E,19.73,36,1400,1100.0,1100.0,Current,556.31,2023-12-09
LN100904,CU20904,Jessica Harris,2021-07-20,2021-08-08,West,Osun,Debt Consolidation,RENT,4 years,34352,25.62,F,24.39,36,20500,16800.0,16800.0,Fully Paid,22054.7,2023-12-31
LN100905,CU20905,Donna Rodriguez,2021-10-05,,South,Akwa Ibom,Agriculture,RENT,8 years,69242,21.25,F,22.8,60,15000,0.0,0.0,Rejected,0.0,
LN100906,CU20906,Jennifer Martin,2022-01-11,2022-01-22,Central,Plateau,Debt Consolidation,RENT,6 years,114274,9.97,A,6.29,60,1000,900.0,900.0,Fully Paid,1129.99,2023-12-31
LN100907,CU20907,Sandra Thompson,2023-05-12,2023-05-26,West,Osun,Business Expansion,RENT,7 years,57993,27.1,C,12.08,36,26600,22100.0,20500.0,Charged Off,3763.47,2023-12-31
LN100908,CU20908,Jessica Nguyen,2021-09-18,2021-09-20,Central,Kogi,Debt Consolidation,MORTGAGE,8 years,35027,12.21,A,8.7,60,8900,8500.0,7700.0,Fully Paid,9926.28,2023-12-31
LN100909,CU20909,Kevin Smith,2021-04-22,,West,Osun,Debt Consolidation,OWN,< 1 year,40998,23.14,E,19.08,36,14700,0.0,0.0,Rejected,0.0,
LN100910,CU20910,Nancy Hill,2023-09-14,2023-10-03,North,Sokoto,Debt Consolidation,MORTGAGE,5 years,37568,15.74,D,17.59,36,19400,19400.0,19000.0,Fully Paid,24673.1,2023-12-31
LN100911,CU20911,Brian Wilson,2023-10-12,2023-10-22,Central,Niger,Debt Consolidation,OWN,3 years,34988,24.93,D,17.69,36,17700,16200.0,16000.0,Fully Paid,20505.03,2023-12-31
LN100912,CU20912,James Young,2021-08-23,2021-09-09,Central,Niger,Business Expansion,OWN,< 1 year,32025,12.89,F,22.61,36,21700,21500.0,17900.0,Charged Off,4346.16,2023-02-06
LN100913,CU20913,Mary Allen,2021-04-24,2021-05-02,West,Osun,Home Improvement,OWN,4 years,35454,16.64,A,7.21,36,7600,6900.0,6500.0,Fully Paid,8376.71,2023-12-31
LN100914,CU20914,Michelle Lewis,2023-06-05,2023-06-13,Central,Abuja FCT,Medical Expenses,OWN,10+ years,54779,33.56,D,15.06,36,22500,20800.0,19200.0,Current,3852.33,2023-11-27
LN100915,CU20915,Richard Walker,2022-08-16,2022-08-28,West,Oyo,Home Improvement,MORTGAGE,1 year,42537,17.47,A,8.88,60,17100,16000.0,14900.0,Fully Paid,18677.71,2023-12-31
LN100916,CU20916,Michael Robinson,2021-10-31,2021-11-01,West,Osun,Home Improvement,OWN,4 years,22035,34.08,B,10.37,60,18800,16900.0,16800.0,Fully Paid,17917.8,2023-12-31
LN100917,CU20917,Kevin Flores,2022-12-28,2023-01-06,West,Lagos,Debt Consolidation,OWN,7 years,76778,12.54,D,17.65,60,24000,23600.0,22700.0,Charged Off,4228.11,2023-12-31
LN100918,CU20918,Steven Wilson,2023-11-17,2023-12-06,East,Abia,Business Expansion,OWN,2 years,83585,16.07,A,7.97,60,11700,11700.0,11200.0,Fully Paid,14795.29,2023-12-31
LN100919,CU20919,William Moore,2021-05-20,2021-06-09,East,Abia,Car Purchase,MORTGAGE,7 years,93474,19.86,C,13.13,60,17300,15400.0,14900.0,Fully Paid,18831.3,2023-12-31
LN100920,CU20920,Steven King,2022-10-26,2022-10-29,East,Anambra,Agriculture,MORTGAGE,9 years,76912,24.25,C,13.04,60,19500,18500.0,15600.0,Charged Off,9731.29,2023-10-19
LN100921,CU20921,Joseph Miller,2023-09-03,2023-09-07,North,Katsina,Wedding,RENT,3 years,34084,32.18,B,11.94,36,13200,11400.0,10100.0,Fully Paid,12565.07,2023-12-31
LN100922,CU20922,Matthew Clark,2022-05-28,2022-06-12,North,Kaduna,Car Purchase,OWN,< 1 year,24083,21.59,A,8.54,36,19900,19600.0,19300.0,Fully Paid,24146.42,2023-12-31
LN100923,CU20923,Mary Lopez,2023-07-10,2023-07-17,East,Enugu,Business Expansion,RENT,2 years,22702,14.97,C,14.97,36,11900,10200.0,10200.0,Fully Paid,12048.8,2023-12-31
LN100924,CU20924,Joseph Gonzalez,2023-12-19,2023-12-26,South,Bayelsa,Debt Consolidation,OWN,1 year,40527,7.7,D,16.75,36,11000,10900.0,10200.0,Charged Off,1856.07,2023-12-31
LN100925,CU20925,Lisa Clark,2022-11-29,2022-12-06,Central,Abuja FCT,Agriculture,OWN,10+ years,20461,30.83,B,11.19,60,1000,1000.0,1000.0,Fully Paid,1221.11,2023-12-31
LN100926,CU20926,Steven Thompson,2021-05-18,2021-06-06,East,Anambra,Debt Consolidation,RENT,6 years,59928,31.94,B,10.88,36,17400,13100.0,13000.0,Charged Off,6434.64,2022-05-07
LN100927,CU20927,Michael Davis,2021-04-16,2021-04-26,West,Ogun,Education,MORTGAGE,8 years,103028,30.42,D,15.99,36,10000,8200.0,8200.0,Fully Paid,9228.4,2023-12-31
LN100928,CU20928,Daniel Jones,2021-06-03,2021-06-16,South,Akwa Ibom,Home Improvement,MORTGAGE,9 years,33845,30.96,C,12.72,60,21600,21600.0,21000.0,Fully Paid,26217.7,2023-12-31
LN100929,CU20929,Linda Nguyen,2021-03-03,2021-03-14,West,Oyo,Debt Consolidation,OWN,5 years,66702,11.35,C,13.26,36,11600,11600.0,10300.0,Fully Paid,12386.68,2023-12-31
LN100930,CU20930,Emily Perez,2023-10-08,2023-10-20,North,Kano,Wedding,OWN,9 years,35809,17.08,E,21.62,36,27300,24500.0,24500.0,Fully Paid,32706.82,2023-12-31
LN100931,CU20931,Melissa Flores,2021-09-23,2021-10-10,North,Katsina,Home Improvement,RENT,< 1 year,17022,16.52,B,9.31,60,28400,25000.0,23500.0,Fully Paid,28876.93,2023-12-31
LN100932,CU20932,Karen Anderson,2021-02-23,2021-02-24,North,Kaduna,Business Expansion,OWN,8 years,37664,21.27,B,10.82,60,8300,6700.0,6600.0,Fully Paid,7139.8,2023-12-31
LN100933,CU20933,Matthew Rodriguez,2021-10-10,2021-10-22,West,Osun,Debt Consolidation,OWN,7 years,20250,3.18,E,18.47,60,3200,2900.0,2900.0,Current,1338.95,2023-12-28
LN100934,CU20934,Jessica Anderson,2022-04-11,2022-04-19,North,Kaduna,Debt Consolidation,RENT,8 years,61444,28.75,B,10.7,36,3000,2700.0,2600.0,Fully Paid,2897.06,2023-12-31
LN100935,CU20935,Mark Lopez,2022-10-06,2022-10-16,East,Enugu,Debt Consolidation,RENT,9 years,29190,2.3,D,16.97,36,15900,15200.0,13500.0,Current,6263.84,2023-11-19
LN100936,CU20936,Linda Jones,2022-02-26,2022-03-13,North,Sokoto,Medical Expenses,RENT,5 years,78994,4.87,B,11.69,36,9900,9900.0,9200.0,Fully Paid,13191.04,2023-12-31
LN100937,CU20937,Emily Jackson,2022-10-16,2022-10-28,South,Akwa Ibom,Home Improvement,MORTGAGE,8 years,147053,33.77,A,7.51,36,18500,18500.0,18500.0,Fully Paid,23340.53,2023-12-31
LN100938,CU20938,Ashley Moore,2021-10-08,2021-10-12,North,Kano,Agriculture,MORTGAGE,3 years,51905,9.83,B,9.91,36,15300,14100.0,14100.0,Fully Paid,18258.29,2023-12-31
LN100939,CU20939,John Thomas,2021-08-22,2021-08-31,West,Osun,Debt Consolidation,OWN,7 years,37116,23.92,D,17.51,60,22200,20100.0,19600.0,Fully Paid,22916.49,2023-12-31
LN100940,CU20940,Patricia Moore,2023-10-12,2023-10-20,Central,Plateau,Car Purchase,OWN,6 years,84480,18.36,E,19.54,36,23800,20900.0,18900.0,Current,1193.23,2023-12-04
LN100941,CU20941,Paul Brown,2022-12-14,2022-12-23,East,Enugu,Agriculture,OWN,9 years,26703,13.75,D,17.26,60,11400,10000.0,9300.0,Fully Paid,12272.88,2023-12-31
LN100942,CU20942,Mary Perez,2023-05-26,2023-06-05,Central,Plateau,Business Expansion,MORTGAGE,< 1 year,71712,34.41,B,11.42,60,9200,8600.0,8000.0,Fully Paid,11449.98,2023-12-31
LN100943,CU20943,Margaret Torres,2021-11-29,2021-12-04,Central,Kogi,Medical Expenses,RENT,7 years,36865,19.05,B,11.24,36,14200,13100.0,12900.0,Fully Paid,14858.15,2023-12-31
LN100944,CU20944,Sarah Garcia,2022-11-23,2022-12-05,South,Akwa Ibom,Debt Consolidation,MORTGAGE,6 years,33606,7.73,B,9.12,60,9200,8400.0,7500.0,Fully Paid,9451.29,2023-12-31
LN100945,CU20945,Deborah Hill,2022-09-21,2022-09-27,North,Kaduna,Debt Consolidation,MORTGAGE,10+ years,75061,7.42,D,15.96,60,15400,14900.0,14300.0,Fully Paid,15722.18,2023-12-31
LN100946,CU20946,Sandra Williams,2022-03-23,2022-04-01,East,Abia,Debt Consolidation,RENT,< 1 year,31541,10.69,B,10.74,36,1000,900.0,900.0,Fully Paid,1093.89,2023-12-31
LN100947,CU20947,Mark Lopez,2022-06-16,2022-06-21,East,Imo,Debt Consolidation,RENT,2 years,79297,20.69,E,18.91,36,4700,3100.0,2900.0,Fully Paid,3865.06,2023-12-31
LN100948,CU20948,Linda Williams,2022-10-12,2022-10-21,South,Bayelsa,Car Purchase,OWN,8 years,54382,3.91,E,20.87,36,18500,14000.0,12700.0,Fully Paid,14767.7,2023-12-31
LN100949,CU20949,Daniel Wright,2022-12-18,2023-01-04,North,Kano,Debt Consolidation,OWN,1 year,47558,27.2,C,13.52,36,6400,5000.0,4800.0,Charged Off,1010.1,2023-12-31
LN100950,CU20950,Lisa Clark,2022-08-03,2022-08-14,North,Katsina,Wedding,OWN,< 1 year,82266,6.06,A,6.98,60,11600,10300.0,10300.0,Fully Paid,13587.94,2023-12-31
LN100951,CU20951,Donald Jackson,2021-11-25,2021-12-14,Central,Abuja FCT,Medical Expenses,RENT,< 1 year,21864,21.04,D,15.87,36,23700,21300.0,21300.0,Charged Off,8616.26,2022-11-29
LN100952,CU20952,Steven Allen,2022-03-17,2022-03-30,Central,Kogi,Home Improvement,RENT,9 years,26923,10.65,B,9.1,36,7000,6500.0,6500.0,Fully Paid,8090.96,2023-12-31
LN100953,CU20953,Joseph Torres,2021-09-06,2021-09-17,Central,Plateau,Small Business Startup,MORTGAGE,< 1 year,162772,32.37,A,7.82,60,15800,13800.0,13100.0,Fully Paid,17951.08,2023-12-31
LN100954,CU20954,Jessica Perez,2022-04-18,2022-04-26,South,Akwa Ibom,Agriculture,RENT,5 years,63895,26.17,A,8.24,36,16600,14500.0,14000.0,Fully Paid,19390.6,2023-12-31
LN100955,CU20955,Lisa Garcia,2023-01-12,2023-01-26,East,Enugu,Small Business Startup,MORTGAGE,7 years,30341,9.07,C,13.82,60,14600,12600.0,12300.0,Fully Paid,16359.16,2023-12-31
LN100956,CU20956,Paul Thomas,2022-06-18,,West,Ogun,Agriculture,RENT,5 years,142517,22.32,E,19.26,36,27500,0.0,0.0,Rejected,0.0,
LN100957,CU20957,Anthony Clark,2023-10-10,2023-10-11,Central,Niger,Medical Expenses,MORTGAGE,3 years,43278,14.33,B,11.7,60,9600,7800.0,7400.0,Current,414.49,2023-11-26
LN100958,CU20958,Amanda Walker,2021-03-11,2021-03-16,North,Kano,Home Improvement,RENT,< 1 year,47688,24.76,E,20.76,36,22600,19700.0,18800.0,Fully Paid,23813.22,2023-12-31
LN100959,CU20959,Margaret Thompson,2022-05-10,2022-05-29,South,Bayelsa,Home Improvement,MORTGAGE,4 years,48908,2.32,E,18.48,60,18200,15500.0,14500.0,Fully Paid,16776.14,2023-12-31
LN100960,CU20960,John Jones,2023-04-18,2023-04-28,East,Abia,Small Business Startup,MORTGAGE,7 years,52183,32.12,B,11.22,60,20700,20700.0,20700.0,Fully Paid,26082.71,2023-12-31
LN100961,CU20961,Barbara Nguyen,2021-11-08,2021-11-21,Central,Abuja FCT,Medical Expenses,OWN,9 years,55888,26.17,C,13.78,60,15300,14500.0,14500.0,Fully Paid,15993.74,2023-12-31
LN100962,CU20962,Donna Moore,2022-09-01,2022-09-11,North,Kano,Agriculture,RENT,5 years,15000,20.84,B,9.14,60,10500,10500.0,10400.0,Fully Paid,12028.52,2023-12-31
LN100963,CU20963,Elizabeth Williams,2023-11-30,2023-12-04,South,Bayelsa,Debt Consolidation,RENT,9 years,29125,6.07,C,14.64,60,17600,16500.0,15500.0,Fully Paid,18144.68,2023-12-31
LN100964,CU20964,Sarah Young,2021-12-13,2021-12-21,West,Ogun,Car Purchase,RENT,4 years,39017,23.24,C,14.97,36,2400,1800.0,1700.0,Fully Paid,1966.14,2023-12-31
LN100965,CU20965,Emily Allen,2021-03-23,,South,Rivers,Agriculture,MORTGAGE,8 years,69208,27.79,F,25.2,36,11700,0.0,0.0,Rejected,0.0,
LN100966,CU20966,Ashley Johnson,2022-08-01,2022-08-16,East,Anambra,Agriculture,MORTGAGE,6 years,62965,20.64,A,8.2,36,4800,4800.0,4800.0,Fully Paid,5197.85,2023-12-31
LN100967,CU20967,Linda Lewis,2022-06-23,2022-07-05,West,Osun,Medical Expenses,OWN,2 years,52278,16.87,E,21.97,36,1200,1100.0,1100.0,Fully Paid,1400.61,2023-12-31
LN100968,CU20968,George Jones,2023-11-05,2023-11-16,East,Anambra,Car Purchase,RENT,4 years,106743,4.2,C,13.36,36,16900,15000.0,14400.0,Fully Paid,15922.61,2023-12-31
LN100969,CU20969,Amanda King,2021-03-14,2021-04-02,East,Anambra,Business Expansion,MORTGAGE,10+ years,84340,23.24,C,12.02,36,7500,6400.0,6400.0,Fully Paid,8530.87,2023-12-31
LN100970,CU20970,Richard Taylor,2023-09-20,2023-09-23,West,Ogun,Education,OWN,7 years,91890,24.98,A,6.85,36,19500,18500.0,18500.0,Fully Paid,24182.22,2023-12-31
LN100971,CU20971,Susan Smith,2023-10-02,2023-10-04,West,Lagos,Home Improvement,MORTGAGE,9 years,42657,11.77,B,9.63,36,1000,900.0,900.0,Fully Paid,1016.03,2023-12-31
LN100972,CU20972,Kenneth Nguyen,2023-09-19,2023-09-27,South,Akwa Ibom,Business Expansion,MORTGAGE,10+ years,53625,13.24,C,14.86,60,20400,20400.0,19700.0,Fully Paid,25508.01,2023-12-31
LN100973,CU20973,Kenneth Sanchez,2023-09-13,2023-09-27,Central,Kogi,Home Improvement,RENT,1 year,44399,5.42,B,9.66,60,14000,13900.0,13500.0,Fully Paid,15951.91,2023-12-31
LN100974,CU20974,Margaret Davis,2022-10-16,2022-10-21,South,Bayelsa,Home Improvement,MORTGAGE,1 year,79965,14.6,C,13.04,60,7200,7200.0,6600.0,Fully Paid,8604.88,2023-12-31
LN100975,CU20975,Ashley Hill,2021-03-01,2021-03-03,West,Ogun,Business Expansion,RENT,4 years,107897,5.55,E,20.03,60,12100,11800.0,11200.0,Fully Paid,13534.1,2023-12-31
LN100976,CU20976,Christopher Clark,2023-05-21,2023-06-06,West,Osun,Home Improvement,RENT,4 years,41355,10.48,G,29.65,60,11200,11200.0,9800.0,Fully Paid,12901.87,2023-12-31
LN100977,CU20977,John Martin,2022-03-30,2022-04-19,West,Osun,Small Business Startup,MORTGAGE,2 years,53479,3.35,C,13.61,36,25500,19800.0,18500.0,Fully Paid,21557.54,2023-12-31
LN100978,CU20978,Mary Johnson,2022-11-14,2022-12-01,West,Lagos,Debt Consolidation,RENT,8 years,35868,30.14,F,22.25,36,10800,7200.0,7100.0,Current,2808.83,2023-12-21
LN100979,CU20979,Paul Sanchez,2021-11-27,2021-11-28,South,Akwa Ibom,Home Improvement,RENT,5 years,56352,15.95,C,13.24,36,18800,17800.0,17800.0,Charged Off,1958.25,2023-06-20
LN100980,CU20980,Michael Allen,2021-03-28,2021-04-05,West,Osun,Wedding,OWN,4 years,67217,8.75,D,15.9,36,11900,11900.0,11100.0,Charged Off,5652.0,2022-05-26
LN100981,CU20981,Dorothy Sanchez,2021-06-23,2021-06-24,South,Akwa Ibom,Home Improvement,OWN,1 year,55409,9.45,A,7.51,60,14500,14500.0,14000.0,Charged Off,7469.32,2022-05-30
LN100982,CU20982,Michael Nguyen,2022-10-02,2022-10-12,West,Ogun,Car Purchase,RENT,6 years,34486,30.78,C,13.54,36,11100,10100.0,10100.0,Fully Paid,11219.08,2023-12-31
LN100983,CU20983,Dorothy Torres,2022-08-20,2022-09-07,West,Osun,Medical Expenses,RENT,1 year,83632,6.47,D,15.67,60,7300,6500.0,6100.0,Fully Paid,7379.62,2023-12-31
LN100984,CU20984,Paul Allen,2021-02-05,2021-02-20,South,Bayelsa,Car Purchase,RENT,6 years,65283,19.42,F,25.81,36,1000,900.0,800.0,Current,974.34,2023-12-06
LN100985,CU20985,Deborah Anderson,2023-09-04,,West,Oyo,Medical Expenses,MORTGAGE,1 year,47247,23.7,G,28.57,60,22900,0.0,0.0,Rejected,0.0,
LN100986,CU20986,Elizabeth Garcia,2022-03-02,2022-03-15,North,Kano,Personal,RENT,9 years,72302,21.84,B,9.75,36,16100,15900.0,14800.0,Fully Paid,18953.66,2023-12-31
LN100987,CU20987,Andrew Anderson,2022-06-01,2022-06-03,North,Katsina,Education,RENT,4 years,55634,23.81,B,11.22,36,26900,20400.0,18400.0,Fully Paid,24879.71,2023-12-31
LN100988,CU20988,James Moore,2023-10-21,2023-11-06,South,Bayelsa,Debt Consolidation,RENT,10+ years,105351,18.88,G,26.94,60,10300,8600.0,7600.0,Fully Paid,11245.32,2023-12-31
LN100989,CU20989,Jennifer Miller,2023-02-09,2023-02-15,West,Lagos,Business Expansion,OWN,< 1 year,44718,6.45,C,12.49,36,39900,36700.0,36700.0,Current,11524.44,2023-12-24
LN100990,CU20990,John Ramirez,2023-12-11,2023-12-24,West,Ogun,Business Expansion,RENT,2 years,79652,23.05,F,25.0,60,10000,9000.0,8900.0,Charged Off,1429.12,2023-12-31
LN100991,CU20991,George Moore,2023-02-01,2023-02-18,Central,Kogi,Home Improvement,MORTGAGE,10+ years,66815,3.05,B,9.5,60,11500,10300.0,9700.0,Fully Paid,13295.69,2023-12-31
LN100992,CU20992,Amanda White,2023-08-25,2023-08-31,Central,Kogi,Wedding,RENT,3 years,35858,2.19,C,14.81,36,1000,900.0,800.0,Fully Paid,1168.94,2023-12-31
LN100993,CU20993,Christopher Clark,2023-08-22,2023-08-29,South,Delta,Car Purchase,OWN,< 1 year,67753,33.21,D,15.94,36,29600,24400.0,24400.0,Fully Paid,29556.19,2023-12-31
LN100994,CU20994,Michael Brown,2021-11-17,2021-11-29,Central,Plateau,Debt Consolidation,OWN,5 years,48119,24.67,C,13.91,36,18100,16400.0,15400.0,Fully Paid,21785.17,2023-12-31
LN100995,CU20995,Charles Ramirez,2023-01-23,2023-01-26,Central,Kogi,Debt Consolidation,MORTGAGE,6 years,72641,29.94,B,11.8,36,15600,15600.0,15500.0,Fully Paid,16861.93,2023-12-31
LN100996,CU20996,Sarah Lopez,2021-09-17,2021-09-28,East,Enugu,Small Business Startup,MORTGAGE,9 years,43199,31.38,B,10.93,60,26500,22100.0,21400.0,Fully Paid,28863.04,2023-12-31
LN100997,CU20997,Sarah Flores,2021-12-11,2021-12-31,West,Ogun,Small Business Startup,OWN,3 years,34588,2.62,C,14.97,36,25900,21900.0,20100.0,Current,14960.95,2023-12-31
LN100998,CU20998,Christopher Jones,2023-11-14,2023-11-24,North,Kano,Car Purchase,RENT,6 years,86024,25.23,D,16.99,60,21900,15000.0,14100.0,Fully Paid,16277.83,2023-12-31
LN100999,CU20999,Betty Harris,2022-12-29,2023-01-18,West,Osun,Debt Consolidation,RENT,8 years,51792,10.2,B,9.95,36,11600,10000.0,9100.0,Fully Paid,13366.08,2023-12-31
LN101000,CU21000,Kenneth Moore,2023-06-24,2023-07-06,South,Bayelsa,Debt Consolidation,RENT,4 years,34682,6.28,D,17.06,60,18600,18600.0,18600.0,Current,1751.38,2023-12-02
LN101001,CU21001,Deborah Thompson,2022-01-27,2022-02-03,West,Ogun,Agriculture,RENT,5 years,30559,6.82,A,6.54,36,7200,6000.0,6000.0,Fully Paid,7246.8,2023-12-31
LN101002,CU21002,Donna Martin,2023-01-26,2023-01-28,East,Enugu,Business Expansion,RENT,8 years,55576,13.09,D,17.76,60,17800,17300.0,16700.0,Fully Paid,21495.29,2023-12-31
LN101003,CU21003,John Taylor,2021-03-04,2021-03-20,East,Enugu,Car Purchase,MORTGAGE,7 years,60693,22.16,A,8.99,60,20700,20700.0,20100.0,Fully Paid,26392.1,2023-12-31
LN101004,CU21004,Edward Wright,2023-01-27,2023-02-02,North,Kaduna,Education,OWN,9 years,24654,20.65,C,14.68,36,16900,15500.0,13700.0,Fully Paid,16887.16,2023-12-31
LN101005,CU21005,Linda Brown,2022-10-06,2022-10-26,West,Lagos,Agriculture,OWN,8 years,37427,10.33,C,12.83,36,18300,17600.0,15900.0,Fully Paid,20236.47,2023-12-31
LN101006,CU21006,Christopher Hernandez,2023-11-24,2023-11-27,Central,Kogi,Business Expansion,OWN,10+ years,33919,14.14,D,16.21,36,7700,6800.0,6800.0,Current,378.83,2023-12-22
LN101007,CU21007,George Moore,2023-06-28,2023-07-04,North,Kano,Medical Expenses,OWN,4 years,56261,22.34,D,16.83,60,13200,11800.0,11100.0,Fully Paid,15371.12,2023-12-31
LN101008,CU21008,James Martin,2021-08-30,2021-09-18,East,Imo,Wedding,RENT,7 years,29744,27.27,D,16.7,36,28800,23500.0,22200.0,Fully Paid,25296.54,2023-12-31
LN101009,CU21009,Jennifer Lopez,2022-10-13,2022-10-14,North,Kano,Medical Expenses,MORTGAGE,10+ years,41066,24.24,G,29.86,36,1000,900.0,900.0,Current,369.66,2023-12-26
LN101010,CU21010,George Thomas,2021-09-29,2021-10-05,East,Anambra,Agriculture,RENT,< 1 year,73536,13.48,A,7.14,60,13000,11600.0,11400.0,Fully Paid,14146.34,2023-12-31
LN101011,CU21011,Joseph Gonzalez,2021-12-29,2022-01-01,East,Anambra,Agriculture,RENT,4 years,87313,15.84,D,17.09,60,15600,13300.0,13300.0,Fully Paid,16274.0,2023-12-31
LN101012,CU21012,Deborah King,2021-03-17,2021-03-31,West,Ogun,Wedding,MORTGAGE,6 years,62505,21.19,D,15.47,36,10000,9100.0,8700.0,Fully Paid,11768.78,2023-12-31
LN101013,CU21013,Charles Wilson,2021-07-05,2021-07-14,East,Imo,Car Purchase,MORTGAGE,3 years,41399,2.39,B,9.77,60,20600,16100.0,16100.0,Charged Off,2538.15,2022-08-29
LN101014,CU21014,Donald Rodriguez,2023-02-02,,West,Oyo,Agriculture,MORTGAGE,6 years,17874,10.78,F,24.63,36,33300,0.0,0.0,Rejected,0.0,
LN101015,CU21015,Christopher Miller,2021-11-22,,East,Enugu,Small Business Startup,RENT,7 years,69696,14.48,G,27.34,36,7700,0.0,0.0,Rejected,0.0,
LN101016,CU21016,Barbara Thompson,2023-08-15,2023-09-04,East,Anambra,Debt Consolidation,MORTGAGE,2 years,15000,11.7,D,17.26,60,1000,900.0,800.0,Fully Paid,1100.51,2023-12-31
LN101017,CU21017,George Sanchez,2022-06-02,2022-06-15,West,Ogun,Home Improvement,MORTGAGE,5 years,49904,7.19,C,13.8,60,3600,3500.0,3400.0,Fully Paid,4694.3,2023-12-31
LN101018,CU21018,Joseph Allen,2023-05-23,2023-05-29,North,Katsina,Debt Consolidation,RENT,9 years,31415,10.73,C,13.2,36,29100,27000.0,27000.0,Fully Paid,35821.06,2023-12-31
LN101019,CU21019,Joshua King,2021-09-24,2021-09-27,South,Delta,Medical Expenses,MORTGAGE,5 years,69515,16.27,B,11.37,36,11100,10600.0,10600.0,Fully Paid,13565.32,2023-12-31
LN101020,CU21020,Daniel Robinson,2023-08-02,2023-08-12,West,Ogun,Home Improvement,OWN,10+ years,32408,11.78,B,9.44,36,7700,6700.0,6000.0,Fully Paid,7406.03,2023-12-31
LN101021,CU21021,Susan Ramirez,2021-11-12,2021-11-13,North,Kano,Business Expansion,MORTGAGE,8 years,28812,16.8,A,8.54,60,5800,5500.0,5400.0,Fully Paid,6343.77,2023-12-31
LN101022,CU21022,Emily Sanchez,2023-02-10,2023-02-23,South,Bayelsa,Home Improvement,RENT,3 years,42940,30.75,B,11.29,36,5100,4700.0,4700.0,Current,1454.99,2023-12-23
LN101023,CU21023,Betty Lee,2023-03-18,2023-03-26,East,Abia,Agriculture,MORTGAGE,1 year,17845,17.35,F,23.39,36,16600,15700.0,14900.0,Fully Paid,17324.13,2023-12-31
LN101024,CU21024,Lisa White,2023-03-27,2023-04-03,East,Enugu,Debt Consolidation,OWN,10+ years,64869,11.61,A,6.69,60,24800,23300.0,23300.0,Current,3653.29,2023-12-26
LN101025,CU21025,Nancy Harris,2021-11-05,2021-11-07,South,Bayelsa,Debt Consolidation,RENT,4 years,43522,18.54,A,7.16,60,8800,7800.0,7800.0,Fully Paid,10424.74,2023-12-31
LN101026,CU21026,David Sanchez,2023-08-11,2023-08-24,Central,Abuja FCT,Business Expansion,OWN,5 years,30246,16.11,C,14.06,36,28800,28200.0,27500.0,Fully Paid,29713.42,2023-12-31
LN101027,CU21027,William Torres,2023-07-21,2023-08-04,Central,Plateau,Business Expansion,OWN,7 years,53769,11.51,C,13.96,60,8800,7200.0,6700.0,Fully Paid,8214.38,2023-12-31
LN101028,CU21028,Melissa Davis,2023-10-26,2023-10-30,Central,Plateau,Car Purchase,RENT,7 years,50387,8.24,C,14.14,60,29300,21400.0,21400.0,Fully Paid,28766.32,2023-12-31
LN101029,CU21029,Edward Harris,2021-01-15,2021-01-29,North,Kano,Home Improvement,RENT,9 years,53072,4.47,C,12.77,60,18600,17000.0,16300.0,Charged Off,4094.57,2021-11-03
LN101030,CU21030,Ashley Robinson,2023-01-27,2023-01-28,East,Enugu,Agriculture,RENT,6 years,63899,16.55,B,10.01,60,25100,23300.0,22100.0,Fully Paid,25714.31,2023-12-31
LN101031,CU21031,Anthony Johnson,2022-09-02,2022-09-04,West,Oyo,Debt Consolidation,MORTGAGE,< 1 year,40370,13.03,B,10.79,60,1000,900.0,900.0,Fully Paid,1051.98,2023-12-31
LN101032,CU21032,Jennifer Wright,2021-10-24,2021-11-05,North,Kano,Agriculture,MORTGAGE,7 years,88623,18.66,A,7.29,60,20900,19800.0,19800.0,Fully Paid,24882.61,2023-12-31
LN101033,CU21033,George King,2021-03-25,2021-04-14,Central,Plateau,Business Expansion,OWN,5 years,72030,18.37,B,10.12,36,17100,17100.0,16500.0,Fully Paid,21226.99,2023-12-31
LN101034,CU21034,Michael Harris,2022-11-23,2022-11-29,Central,Abuja FCT,Home Improvement,MORTGAGE,4 years,38703,26.51,D,16.27,36,17900,16000.0,14500.0,Fully Paid,18032.92,2023-12-31
LN101035,CU21035,Melissa Garcia,2022-01-28,2022-01-30,West,Lagos,Business Expansion,MORTGAGE,4 years,30073,26.39,D,17.98,36,15200,13200.0,12800.0,Fully Paid,15732.76,2023-12-31
LN101036,CU21036,Margaret Moore,2023-10-25,2023-11-04,South,Akwa Ibom,Business Expansion,MORTGAGE,< 1 year,16967,15.15,B,10.81,36,24500,22500.0,22500.0,Fully Paid,26373.48,2023-12-31
LN101037,CU21037,Anthony Rodriguez,2023-08-06,2023-08-14,East,Imo,Debt Consolidation,MORTGAGE,10+ years,30710,31.81,D,15.95,36,21500,21200.0,20700.0,Charged Off,5560.85,2023-11-17
LN101038,CU21038,Michelle Jackson,2023-05-12,2023-05-28,Central,Plateau,Debt Consolidation,MORTGAGE,9 years,54332,4.36,B,9.99,60,26600,21100.0,19400.0,Fully Paid,22234.55,2023-12-31
LN101039,CU21039,Christopher Thompson,2023-08-05,2023-08-18,West,Ogun,Medical Expenses,MORTGAGE,7 years,46258,7.22,E,18.84,36,10900,10300.0,9400.0,Fully Paid,10914.7,2023-12-31
LN101040,CU21040,Andrew Garcia,2021-06-20,2021-07-01,West,Oyo,Debt Consolidation,OWN,8 years,75458,2.61,F,23.48,60,12000,11300.0,8900.0,Fully Paid,13449.42,2023-12-31
LN101041,CU21041,Michelle Nguyen,2023-06-03,2023-06-21,South,Akwa Ibom,Home Improvement,RENT,< 1 year,96498,27.82,A,8.25,60,6400,6300.0,5900.0,Fully Paid,8485.5,2023-12-31
LN101042,CU21042,Paul Rodriguez,2021-07-18,2021-08-06,West,Lagos,Debt Consolidation,RENT,3 years,32610,9.42,B,9.63,36,36800,36800.0,36600.0,Fully Paid,48188.42,2023-12-31
LN101043,CU21043,Deborah Sanchez,2022-12-22,2023-01-02,Central,Plateau,Education,OWN,6 years,79444,3.57,B,11.7,60,8200,6900.0,6600.0,Fully Paid,8549.67,2023-12-31
LN101044,CU21044,Carol Lee,2022-04-07,2022-04-22,Central,Plateau,Car Purchase,RENT,7 years,95232,7.28,B,11.27,60,26500,20000.0,19500.0,Current,7540.01,2023-12-06
LN101045,CU21045,Charles Smith,2023-08-09,2023-08-22,Central,Kogi,Education,MORTGAGE,2 years,75011,20.28,A,8.05,36,10600,9400.0,8700.0,Fully Paid,11049.04,2023-12-31
LN101046,CU21046,Anthony Gonzalez,2021-10-11,,North,Kano,Agriculture,MORTGAGE,9 years,24835,16.48,G,28.01,36,23700,0.0,0.0,Rejected,0.0,
LN101047,CU21047,Joshua Torres,2022-10-28,2022-10-31,West,Lagos,Business Expansion,MORTGAGE,3 years,69002,19.56,C,12.5,60,8300,8100.0,8100.0,Fully Paid,8560.21,2023-12-31
LN101048,CU21048,Dorothy Harris,2021-11-27,2021-12-03,Central,Niger,Wedding,RENT,5 years,32341,7.7,B,11.17,36,15000,14700.0,12800.0,Fully Paid,18578.42,2023-12-31
LN101049,CU21049,Christopher Rodriguez,2021-03-05,2021-03-25,East,Enugu,Debt Consolidation,OWN,9 years,33613,17.86,E,19.84,36,9100,8400.0,7800.0,Fully Paid,9429.55,2023-12-31
LN101050,CU21050,Sandra Allen,2021-11-23,2021-11-24,North,Sokoto,Car Purchase,OWN,7 years,38573,17.26,D,17.17,36,23000,20200.0,20100.0,Fully Paid,25343.06,2023-12-31
LN101051,CU21051,Kimberly Walker,2023-05-05,2023-05-20,West,Lagos,Debt Consolidation,RENT,8 years,58944,17.5,A,6.36,36,10200,10000.0,10000.0,Fully Paid,12678.1,2023-12-31
LN101052,CU21052,Betty Williams,2023-11-14,2023-11-18,East,Abia,Debt Consolidation,MORTGAGE,10+ years,73580,23.05,B,10.32,36,18600,18400.0,16800.0,Current,956.22,2023-11-24
LN101053,CU21053,Edward Davis,2023-04-26,2023-05-12,South,Akwa Ibom,Wedding,MORTGAGE,5 years,34794,18.23,B,9.43,36,12600,12300.0,11400.0,Fully Paid,13273.39,2023-12-31
LN101054,CU21054,Brian Jones,2022-05-17,2022-05-28,West,Osun,Personal,RENT,5 years,34023,20.99,A,6.89,60,13000,13000.0,13000.0,Fully Paid,16378.29,2023-12-31
LN101055,CU21055,Sarah Hill,2021-10-31,2021-11-19,North,Kano,Personal,MORTGAGE,4 years,35549,7.8,A,6.08,60,24400,21700.0,21700.0,Fully Paid,24680.83,2023-12-31
LN101056,CU21056,Amanda Hernandez,2023-09-01,2023-09-06,Central,Kogi,Personal,MORTGAGE,7 years,19380,22.31,B,11.02,36,4700,4500.0,4400.0,Current,391.44,2023-12-07
LN101057,CU21057,Thomas Anderson,2022-09-13,2022-09-30,North,Kano,Education,OWN,9 years,40869,10.34,D,15.04,60,15000,13800.0,13500.0,Fully Paid,18613.93,2023-12-31
LN101058,CU21058,Donald Flores,2021-11-16,2021-11-29,South,Akwa Ibom,Medical Expenses,MORTGAGE,8 years,22500,23.3,F,23.26,60,20700,18000.0,18000.0,Fully Paid,21520.33,2023-12-31
LN101059,CU21059,Kimberly Walker,2023-02-17,2023-02-25,South,Bayelsa,Debt Consolidation,OWN,10+ years,92833,26.38,D,17.84,60,17300,16000.0,15100.0,Fully Paid,17876.69,2023-12-31
LN101060,CU21060,Joshua Davis,2023-10-19,2023-11-05,South,Akwa Ibom,Wedding,RENT,9 years,67296,24.99,F,25.65,36,7400,6000.0,5400.0,Fully Paid,7634.48,2023-12-31
LN101061,CU21061,Kevin Williams,2022-11-06,2022-11-08,West,Lagos,Medical Expenses,MORTGAGE,1 year,30893,18.3,D,15.81,36,19900,19900.0,19900.0,Fully Paid,24017.0,2023-12-31
LN101062,CU21062,Thomas Lopez,2023-07-24,2023-08-11,South,Delta,Car Purchase,OWN,< 1 year,53827,31.55,B,11.94,60,12700,12500.0,12500.0,Fully Paid,15911.66,2023-12-31
LN101063,CU21063,Robert Rodriguez,2021-05-05,2021-05-20,Central,Kogi,Agriculture,OWN,3 years,78278,5.81,G,26.98,60,6800,6100.0,6100.0,Charged Off,3299.0,2021-10-01
LN101064,CU21064,Christopher Jones,2021-08-27,2021-09-14,South,Bayelsa,Education,RENT,1 year,22249,34.11,C,13.43,36,15800,14500.0,14500.0,Fully Paid,17827.58,2023-12-31
LN101065,CU21065,Andrew Smith,2021-08-17,2021-09-05,Central,Plateau,Debt Consolidation,MORTGAGE,7 years,32328,30.02,C,14.33,36,11400,10500.0,10500.0,Fully Paid,12960.4,2023-12-31
LN101066,CU21066,James Taylor,2023-10-06,2023-10-23,West,Oyo,Debt Consolidation,MORTGAGE,2 years,75587,8.52,B,9.99,60,16200,13800.0,12900.0,Fully Paid,17161.46,2023-12-31
LN101067,CU21067,Paul Thomas,2023-10-28,2023-11-13,East,Imo,Medical Expenses,RENT,10+ years,45603,25.78,A,7.32,36,10600,10600.0,9200.0,Charged Off,5794.85,2023-12-31
LN101068,CU21068,Donald Young,2021-05-15,2021-05-26,South,Delta,Small Business Startup,RENT,10+ years,75650,24.22,A,6.91,60,15900,13900.0,12900.0,Fully Paid,16840.92,2023-12-31
LN101069,CU21069,Richard Miller,2022-09-22,2022-09-26,South,Delta,Car Purchase,MORTGAGE,4 years,64186,26.08,A,6.96,60,21800,19100.0,19100.0,Fully Paid,25369.87,2023-12-31
LN101070,CU21070,Andrew Martinez,2022-01-29,2022-02-09,East,Anambra,Debt Consolidation,RENT,2 years,61619,14.31,A,8.56,36,16500,14900.0,14900.0,Fully Paid,20030.76,2023-12-31
LN101071,CU21071,Joshua Clark,2022-06-23,2022-07-04,East,Anambra,Agriculture,RENT,4 years,65439,5.2,A,7.11,60,12800,12800.0,11300.0,Fully Paid,16624.25,2023-12-31
LN101072,CU21072,Mark Martin,2023-05-05,2023-05-17,West,Osun,Agriculture,OWN,6 years,39146,22.26,C,12.17,60,7900,6900.0,6600.0,Fully Paid,7534.66,2023-12-31
LN101073,CU21073,Deborah Moore,2022-03-04,2022-03-05,North,Kano,Business Expansion,MORTGAGE,4 years,57647,32.97,D,15.88,60,19300,19300.0,17900.0,Fully Paid,24844.43,2023-12-31
LN101074,CU21074,Emily Scott,2023-10-28,2023-11-03,South,Delta,Home Improvement,RENT,4 years,28788,16.52,C,12.32,36,31400,25300.0,23700.0,Fully Paid,30205.79,2023-12-31
LN101075,CU21075,Donna Walker,2023-09-25,2023-09-27,North,Katsina,Debt Consolidation,OWN,4 years,72191,24.01,B,11.96,60,21500,17300.0,16300.0,Current,947.99,2023-12-14
LN101076,CU21076,Paul White,2021-08-16,2021-08-27,West,Oyo,Education,RENT,2 years,166230,20.66,C,14.64,36,10300,9000.0,8900.0,Fully Paid,11427.61,2023-12-31
LN101077,CU21077,Elizabeth Martinez,2022-02-14,,Central,Kogi,Debt Consolidation,MORTGAGE,1 year,27064,18.02,G,27.75,60,13100,0.0,0.0,Rejected,0.0,
LN101078,CU21078,Andrew Wright,2021-02-14,2021-02-26,East,Imo,Medical Expenses,OWN,1 year,88032,32.02,B,11.61,60,16300,13400.0,12300.0,Fully Paid,15862.28,2023-12-31
LN101079,CU21079,Susan Lopez,2022-04-12,2022-04-21,East,Abia,Debt Consolidation,RENT,5 years,20517,17.55,E,19.33,60,10600,9900.0,9500.0,Fully Paid,13165.06,2023-12-31
LN101080,CU21080,Linda Clark,2023-09-24,2023-09-25,West,Osun,Debt Consolidation,OWN,8 years,63500,12.99,B,9.18,60,18100,18100.0,17500.0,Fully Paid,24411.4,2023-12-31
LN101081,CU21081,Christopher Wright,2022-11-15,2022-12-03,West,Oyo,Debt Consolidation,MORTGAGE,1 year,69409,31.24,C,14.2,36,21300,19900.0,19300.0,Fully Paid,24069.62,2023-12-31
LN101082,CU21082,Steven Garcia,2022-01-26,2022-02-10,Central,Plateau,Debt Consolidation,OWN,10+ years,19123,9.92,A,7.29,60,12800,11100.0,11000.0,Fully Paid,14587.2,2023-12-31
LN101083,CU21083,Elizabeth Perez,2022-11-27,2022-11-28,North,Kano,Small Business Startup,RENT,8 years,88412,2.18,E,21.12,60,24400,23900.0,23900.0,Fully Paid,27201.64,2023-12-31
LN101084,CU21084,Matthew Johnson,2022-10-23,2022-11-11,North,Kano,Home Improvement,RENT,2 years,42835,5.29,C,12.78,36,17500,17000.0,17000.0,Fully Paid,19515.76,2023-12-31
LN101085,CU21085,Dorothy Gonzalez,2021-11-09,2021-11-13,Central,Kogi,Home Improvement,OWN,2 years,45315,31.82,A,6.62,36,25900,18700.0,15600.0,Charged Off,7497.97,2022-01-22
LN101086,CU21086,Deborah Rodriguez,2021-05-22,2021-05-29,Central,Kogi,Wedding,RENT,5 years,28842,12.45,C,14.79,36,3400,3200.0,3000.0,Fully Paid,3767.31,2023-12-31
LN101087,CU21087,Joseph Wilson,2021-10-09,2021-10-10,East,Enugu,Car Purchase,RENT,1 year,76048,32.9,D,17.5,60,15100,15100.0,14000.0,Fully Paid,19225.06,2023-12-31
LN101088,CU21088,Susan Harris,2023-06-18,2023-07-07,North,Katsina,Business Expansion,RENT,3 years,36528,34.29,A,6.62,60,25800,23700.0,23700.0,Fully Paid,25545.18,2023-12-31
LN101089,CU21089,Steven Nguyen,2021-11-30,2021-12-11,Central,Abuja FCT,Debt Consolidation,OWN,1 year,36912,26.99,C,14.82,60,28100,24300.0,23100.0,Fully Paid,27048.29,2023-12-31
LN101090,CU21090,Steven White,2023-11-08,2023-11-22,West,Oyo,Agriculture,OWN,7 years,30379,14.63,E,18.06,60,27800,24100.0,22800.0,Fully Paid,31504.67,2023-12-31
LN101091,CU21091,Lisa Martin,2022-09-08,2022-09-24,North,Katsina,Personal,OWN,1 year,31428,10.62,C,13.95,60,20800,19400.0,18300.0,Charged Off,11293.07,2023-12-31
LN101092,CU21092,John Martinez,2021-01-19,2021-01-21,South,Delta,Debt Consolidation,OWN,8 years,35249,18.24,D,15.47,60,16900,15800.0,15000.0,Charged Off,7918.8,2022-10-13
LN101093,CU21093,Lisa Flores,2023-05-09,2023-05-15,West,Ogun,Debt Consolidation,OWN,2 years,56734,4.41,B,11.81,36,19600,19600.0,19300.0,Fully Paid,26018.73,2023-12-31
LN101094,CU21094,David Johnson,2022-09-19,2022-10-09,West,Ogun,Car Purchase,RENT,10+ years,80258,9.67,G,27.49,60,9300,8800.0,8200.0,Fully Paid,11307.83,2023-12-31
LN101095,CU21095,Mary Walker,2023-04-15,2023-04-21,North,Kano,Education,OWN,8 years,48297,32.51,C,13.13,36,11000,8900.0,8900.0,Charged Off,2441.57,2023-12-31
LN101096,CU21096,Jennifer Clark,2023-09-02,2023-09-07,North,Kaduna,Education,RENT,6 years,66217,14.92,E,21.42,60,12700,11600.0,11200.0,Fully Paid,14996.8,2023-12-31
LN101097,CU21097,Karen Walker,2021-09-20,2021-10-06,West,Oyo,Wedding,RENT,10+ years,35248,31.75,B,10.62,36,9100,9100.0,8600.0,Fully Paid,11823.87,2023-12-31
LN101098,CU21098,Richard Rodriguez,2021-10-20,2021-11-02,South,Delta,Business Expansion,OWN,10+ years,140523,6.15,F,22.33,36,1000,700.0,700.0,Fully Paid,864.15,2023-12-31
LN101099,CU21099,Joseph Taylor,2022-11-05,2022-11-10,South,Akwa Ibom,Education,MORTGAGE,7 years,23592,8.08,A,8.01,60,15700,13100.0,13100.0,Fully Paid,15227.85,2023-12-31
LN101100,CU21100,Donna Williams,2022-02-10,2022-02-18,West,Lagos,Business Expansion,OWN,< 1 year,82634,14.41,B,9.43,36,14300,12900.0,12400.0,Current,8264.73,2023-11-25
LN101101,CU21101,Donald Walker,2023-04-11,2023-04-29,East,Anambra,Medical Expenses,RENT,3 years,75276,8.65,B,10.36,60,21300,16900.0,15900.0,Fully Paid,21521.95,2023-12-31
LN101102,CU21102,Deborah Allen,2022-01-17,2022-02-04,East,Imo,Home Improvement,RENT,5 years,32761,8.77,A,8.42,60,10700,9900.0,9500.0,Fully Paid,10681.62,2023-12-31
LN101103,CU21103,Nancy King,2023-01-19,2023-01-23,East,Enugu,Personal,RENT,10+ years,53228,31.91,B,9.08,36,7100,7100.0,7000.0,Fully Paid,8429.33,2023-12-31
LN101104,CU21104,Linda Scott,2022-12-13,2022-12-30,East,Anambra,Debt Consolidation,RENT,7 years,20654,25.93,D,16.31,36,15300,15200.0,15200.0,Current,5689.89,2023-11-29
LN101105,CU21105,Richard Martinez,2022-02-11,2022-03-02,South,Rivers,Debt Consolidation,MORTGAGE,5 years,19291,30.4,B,10.58,36,16200,14700.0,14700.0,Fully Paid,17750.45,2023-12-31
LN101106,CU21106,Paul White,2023-12-24,2024-01-13,Central,Niger,Home Improvement,OWN,5 years,59349,11.06,E,18.63,36,3300,2500.0,2400.0,Current,142.45,2023-11-16
LN101107,CU21107,Elizabeth Wright,2022-02-19,,Central,Plateau,Home Improvement,RENT,< 1 year,59764,34.48,G,29.84,60,10800,0.0,0.0,Rejected,0.0,
LN101108,CU21108,Charles Harris,2023-09-03,2023-09-04,Central,Plateau,Debt Consolidation,RENT,5 years,45875,18.55,C,12.41,60,24200,23100.0,22600.0,Charged Off,10491.34,2023-12-31
LN101109,CU21109,Susan Flores,2021-05-02,2021-05-10,Central,Abuja FCT,Agriculture,RENT,2 years,16676,12.23,A,6.43,36,9600,8100.0,8000.0,Fully Paid,8892.45,2023-12-31
LN101110,CU21110,Betty Nguyen,2022-12-19,2022-12-24,South,Delta,Debt Consolidation,OWN,3 years,47921,17.85,F,25.85,60,23900,20100.0,17600.0,Fully Paid,21849.53,2023-12-31
LN101111,CU21111,Donna Martinez,2021-10-19,2021-10-23,South,Bayelsa,Business Expansion,MORTGAGE,4 years,32860,22.43,B,11.28,36,13700,11300.0,10900.0,Fully Paid,13642.18,2023-12-31
LN101112,CU21112,Kenneth Hill,2023-06-17,2023-06-22,West,Ogun,Personal,RENT,1 year,121928,13.85,E,20.17,60,22000,19900.0,19600.0,Charged Off,11730.98,2023-12-31
LN101113,CU21113,Sarah Williams,2021-08-20,2021-09-05,West,Oyo,Small Business Startup,MORTGAGE,7 years,55633,17.77,B,10.28,36,29700,25000.0,24500.0,Fully Paid,27934.75,2023-12-31
LN101114,CU21114,Jennifer Hill,2022-05-10,2022-05-24,Central,Kogi,Home Improvement,MORTGAGE,7 years,26748,2.94,F,25.35,60,10000,8000.0,7600.0,Charged Off,1220.76,2023-12-31
LN101115,CU21115,George Moore,2023-05-10,2023-05-11,East,Imo,Education,MORTGAGE,4 years,65020,4.94,E,21.93,36,28300,27200.0,25400.0,Charged Off,13681.48,2023-12-31
LN101116,CU21116,Donna Young,2022-06-29,2022-07-19,South,Bayelsa,Business Expansion,OWN,7 years,69915,30.34,B,10.68,60,16500,15800.0,14700.0,Fully Paid,20975.65,2023-12-31
LN101117,CU21117,John Hill,2021-07-14,2021-07-27,North,Kaduna,Small Business Startup,OWN,3 years,69971,19.19,B,10.08,60,14800,13100.0,12300.0,Fully Paid,13911.67,2023-12-31
LN101118,CU21118,Mark Robinson,2023-03-28,2023-04-04,Central,Abuja FCT,Agriculture,MORTGAGE,6 years,56619,4.39,B,11.01,36,10700,10100.0,9400.0,Fully Paid,10678.16,2023-12-31
LN101119,CU21119,Nancy Miller,2021-02-28,,East,Abia,Agriculture,MORTGAGE,7 years,39662,21.85,E,21.4,60,24000,0.0,0.0,Rejected,0.0,
LN101120,CU21120,Daniel Thompson,2022-07-21,2022-07-27,East,Anambra,Small Business Startup,RENT,< 1 year,87165,17.34,C,12.97,60,15000,13900.0,12600.0,Fully Paid,17809.27,2023-12-31
LN101121,CU21121,Dorothy Lee,2021-12-19,2021-12-30,West,Oyo,Agriculture,RENT,1 year,66639,10.39,D,16.0,36,22600,20300.0,20300.0,Fully Paid,21931.91,2023-12-31
LN101122,CU21122,Jennifer Sanchez,2022-01-17,2022-01-29,East,Abia,Education,RENT,3 years,64137,26.6,A,6.79,60,32700,20000.0,20000.0,Fully Paid,23626.61,2023-12-31
LN101123,CU21123,Edward Hernandez,2021-02-02,2021-02-20,South,Akwa Ibom,Debt Consolidation,OWN,3 years,40974,34.11,B,10.75,60,11400,9800.0,9800.0,Fully Paid,11460.04,2023-12-31
LN101124,CU21124,Robert Gonzalez,2023-04-09,2023-04-22,North,Kaduna,Debt Consolidation,RENT,2 years,92981,27.91,D,17.15,60,8700,7700.0,7600.0,Current,1085.99,2023-12-13
LN101125,CU21125,Michelle Torres,2022-04-06,2022-04-15,North,Sokoto,Business Expansion,RENT,< 1 year,44385,21.83,C,12.74,36,4300,3700.0,3500.0,Charged Off,785.27,2022-12-25
LN101126,CU21126,Jessica Anderson,2021-10-25,2021-11-14,West,Ogun,Agriculture,OWN,4 years,73992,29.65,A,6.73,36,11500,10400.0,10400.0,Fully Paid,12289.52,2023-12-31
LN101127,CU21127,Emily Torres,2022-01-17,2022-01-26,South,Bayelsa,Home Improvement,MORTGAGE,9 years,19534,24.89,C,13.2,60,10400,9900.0,9200.0,Fully Paid,13311.29,2023-12-31
LN101128,CU21128,Thomas Ramirez,2022-04-26,2022-05-07,East,Imo,Car Purchase,RENT,8 years,97874,34.79,C,13.07,36,13600,11700.0,10600.0,Fully Paid,15746.76,2023-12-31
LN101129,CU21129,Paul Nguyen,2023-11-06,2023-11-26,South,Rivers,Debt Consolidation,MORTGAGE,7 years,224094,34.14,C,13.61,36,20400,15700.0,15700.0,Current,826.02,2023-11-17
LN101130,CU21130,Dorothy Scott,2022-07-06,2022-07-22,South,Bayelsa,Education,MORTGAGE,< 1 year,38328,30.15,C,13.38,60,12400,10900.0,10900.0,Fully Paid,11656.43,2023-12-31
LN101131,CU21131,Mary Scott,2022-12-13,2022-12-16,West,Lagos,Home Improvement,RENT,2 years,18085,10.3,A,6.19,60,13400,13100.0,12800.0,Fully Paid,14840.04,2023-12-31
LN101132,CU21132,George Johnson,2023-06-02,2023-06-17,Central,Plateau,Home Improvement,MORTGAGE,2 years,63843,2.3,B,11.96,36,10700,8900.0,8800.0,Fully Paid,11206.54,2023-12-31
LN101133,CU21133,Nancy Anderson,2021-10-23,2021-11-12,Central,Plateau,Education,MORTGAGE,10+ years,33225,28.28,C,13.76,36,24100,17900.0,17900.0,Charged Off,8542.47,2023-08-05
LN101134,CU21134,Linda Jones,2023-12-21,2024-01-10,Central,Abuja FCT,Home Improvement,RENT,2 years,51540,20.35,A,8.2,36,9900,9000.0,9000.0,Fully Paid,12121.89,2023-12-31
LN101135,CU21135,Barbara Johnson,2022-11-11,2022-11-25,West,Lagos,Medical Expenses,OWN,1 year,72917,19.63,C,14.84,60,23200,22000.0,19200.0,Fully Paid,26231.09,2023-12-31
LN101136,CU21136,Nancy Lopez,2022-12-29,2023-01-01,North,Sokoto,Wedding,OWN,6 years,24878,4.34,C,14.64,60,21700,17500.0,17500.0,Current,3710.75,2023-12-17
LN101137,CU21137,Daniel Garcia,2021-07-12,2021-07-30,East,Abia,Home Improvement,MORTGAGE,4 years,32656,5.45,A,6.06,36,36600,35700.0,35100.0,Current,30368.0,2023-12-21
LN101138,CU21138,James King,2022-11-01,,North,Kaduna,Business Expansion,RENT,4 years,53360,30.56,F,22.11,60,8400,0.0,0.0,Rejected,0.0,
LN101139,CU21139,Robert Lopez,2022-01-08,2022-01-13,South,Bayelsa,Business Expansion,MORTGAGE,3 years,110573,26.75,B,11.93,36,28100,25900.0,24600.0,Fully Paid,31654.86,2023-12-31
LN101140,CU21140,Mark Lopez,2023-07-01,2023-07-11,Central,Niger,Personal,OWN,9 years,70507,33.62,A,6.12,36,13700,12700.0,12200.0,Fully Paid,13745.62,2023-12-31
LN101141,CU21141,Barbara Nguyen,2021-07-24,2021-08-08,Central,Niger,Agriculture,RENT,3 years,52447,22.79,B,10.81,60,20700,20400.0,20400.0,Fully Paid,24773.64,2023-12-31
LN101142,CU21142,Mark Davis,2022-11-24,,Central,Abuja FCT,Small Business Startup,OWN,5 years,43612,31.76,G,26.57,60,16200,0.0,0.0,Rejected,0.0,
LN101143,CU21143,Richard Sanchez,2021-05-01,,North,Sokoto,Business Expansion,RENT,10+ years,156781,19.48,G,28.83,36,4400,0.0,0.0,Rejected,0.0,
LN101144,CU21144,Kimberly Garcia,2022-02-16,2022-02-26,East,Abia,Small Business Startup,RENT,5 years,44382,6.6,E,18.54,36,19700,15700.0,14800.0,Fully Paid,18492.96,2023-12-31
LN101145,CU21145,Matthew Garcia,2023-10-04,2023-10-14,West,Lagos,Agriculture,OWN,5 years,131538,5.01,D,16.68,60,22600,20600.0,20600.0,Fully Paid,26489.7,2023-12-31
LN101146,CU21146,Deborah Brown,2022-01-21,2022-02-01,Central,Abuja FCT,Small Business Startup,OWN,4 years,29684,8.86,B,11.68,36,22000,21200.0,21000.0,Fully Paid,25658.1,2023-12-31
LN101147,CU21147,Karen Harris,2021-04-18,2021-05-05,South,Akwa Ibom,Education,MORTGAGE,6 years,41203,14.86,D,17.22,36,7700,7100.0,6700.0,Fully Paid,8944.26,2023-12-31
LN101148,CU21148,Susan Miller,2022-03-30,2022-04-15,West,Ogun,Home Improvement,MORTGAGE,5 years,30353,31.79,C,12.22,36,15800,14700.0,14700.0,Current,8951.18,2023-12-31
LN101149,CU21149,John Harris,2022-08-18,2022-08-24,South,Rivers,Debt Consolidation,OWN,3 years,102084,9.26,C,13.98,60,18000,14600.0,14100.0,Fully Paid,18950.39,2023-12-31
LN101150,CU21150,Betty Williams,2022-05-20,2022-06-08,South,Delta,Car Purchase,MORTGAGE,10+ years,62833,10.76,D,15.77,60,22400,21800.0,21100.0,Fully Paid,28789.65,2023-12-31
LN101151,CU21151,Susan Moore,2023-05-02,2023-05-18,West,Lagos,Debt Consolidation,RENT,6 years,54460,14.62,A,6.83,36,24300,23700.0,20300.0,Fully Paid,24959.16,2023-12-31
LN101152,CU21152,Betty Williams,2022-04-02,2022-04-18,West,Ogun,Education,OWN,10+ years,103512,3.58,C,12.34,36,13800,11500.0,11300.0,Charged Off,4237.4,2022-11-05
LN101153,CU21153,Melissa Taylor,2022-08-10,2022-08-23,West,Oyo,Debt Consolidation,RENT,9 years,37790,31.99,B,9.78,36,17400,15100.0,15000.0,Fully Paid,19859.64,2023-12-31
LN101154,CU21154,Jennifer Scott,2021-09-18,2021-09-22,West,Ogun,Medical Expenses,MORTGAGE,< 1 year,56731,11.41,A,7.41,36,19900,19600.0,18100.0,Fully Paid,25478.6,2023-12-31
LN101155,CU21155,Jennifer Jones,2023-01-30,2023-02-16,South,Bayelsa,Business Expansion,RENT,2 years,34722,28.36,B,10.33,36,14400,12200.0,12000.0,Fully Paid,13501.63,2023-12-31
LN101156,CU21156,George Lee,2021-11-09,2021-11-24,North,Kaduna,Wedding,RENT,4 years,45369,17.77,G,29.69,60,8600,7700.0,7000.0,Current,3518.32,2023-12-06
LN101157,CU21157,Matthew Martinez,2022-04-07,2022-04-08,East,Enugu,Debt Consolidation,OWN,10+ years,53350,22.67,G,26.78,60,8200,7900.0,7700.0,Fully Paid,8459.44,2023-12-31
LN101158,CU21158,Joshua King,2021-10-21,,East,Anambra,Home Improvement,MORTGAGE,5 years,31281,27.15,F,22.23,36,7900,0.0,0.0,Rejected,0.0,
LN101159,CU21159,Anthony King,2021-12-14,2021-12-18,Central,Abuja FCT,Debt Consolidation,MORTGAGE,5 years,29864,18.8,B,10.11,36,20900,20400.0,18100.0,Fully Paid,21456.12,2023-12-31
LN101160,CU21160,Andrew Brown,2022-04-05,2022-04-06,West,Lagos,Business Expansion,MORTGAGE,< 1 year,26825,22.92,A,7.69,36,22900,22200.0,22200.0,Fully Paid,29376.0,2023-12-31
LN101161,CU21161,Andrew Harris,2023-07-10,2023-07-22,East,Abia,Business Expansion,MORTGAGE,3 years,47379,9.42,B,11.05,60,27300,24200.0,22600.0,Fully Paid,30032.42,2023-12-31
LN101162,CU21162,Elizabeth Robinson,2022-04-04,2022-04-17,Central,Kogi,Education,OWN,4 years,67822,21.13,C,13.91,36,12400,12400.0,11200.0,Fully Paid,16300.81,2023-12-31
LN101163,CU21163,Melissa Johnson,2021-10-22,2021-11-04,West,Oyo,Education,OWN,7 years,59141,8.03,D,16.23,36,7100,7100.0,6900.0,Current,5609.66,2023-12-18
LN101164,CU21164,Betty Clark,2023-07-16,2023-07-27,West,Osun,Business Expansion,RENT,6 years,50056,9.49,D,16.39,60,19300,15000.0,15000.0,Fully Paid,16349.02,2023-12-31
LN101165,CU21165,Susan Thomas,2022-02-03,2022-02-18,South,Delta,Business Expansion,MORTGAGE,10+ years,115014,16.31,C,14.35,60,12900,11200.0,11200.0,Fully Paid,14326.96,2023-12-31
LN101166,CU21166,Lisa Martin,2021-10-17,2021-10-27,South,Bayelsa,Debt Consolidation,RENT,1 year,65953,18.58,F,24.17,60,16900,15000.0,14700.0,Fully Paid,20050.8,2023-12-31
LN101167,CU21167,Michelle Clark,2022-03-21,2022-04-07,North,Kano,Debt Consolidation,RENT,8 years,32295,27.96,A,8.67,60,25300,22200.0,21400.0,Fully Paid,29591.71,2023-12-31
LN101168,CU21168,Brian Wilson,2022-07-14,2022-07-27,West,Ogun,Business Expansion,MORTGAGE,10+ years,45254,13.51,B,10.69,36,12400,12400.0,11800.0,Fully Paid,15999.11,2023-12-31
LN101169,CU21169,Anthony Lee,2021-09-25,2021-09-29,West,Ogun,Debt Consolidation,RENT,5 years,32962,27.62,F,24.44,36,3500,3500.0,3300.0,Fully Paid,3765.04,2023-12-31
LN101170,CU21170,Patricia Perez,2023-01-01,2023-01-04,North,Sokoto,Agriculture,OWN,2 years,56608,21.05,D,17.87,60,17700,15800.0,14200.0,Fully Paid,20899.82,2023-12-31
LN101171,CU21171,Mark Walker,2022-08-17,2022-08-22,East,Anambra,Education,RENT,1 year,50380,2.85,A,8.41,36,30400,28300.0,27000.0,Fully Paid,30720.56,2023-12-31
LN101172,CU21172,Michelle Clark,2022-07-30,2022-08-14,South,Bayelsa,Home Improvement,MORTGAGE,3 years,33032,33.89,C,14.93,36,22500,20100.0,20100.0,Charged Off,2405.75,2023-10-08
LN101173,CU21173,Donald Harris,2021-02-10,2021-02-25,West,Ogun,Agriculture,MORTGAGE,5 years,40923,6.25,C,14.79,36,20700,20700.0,20100.0,Fully Paid,27760.54,2023-12-12
LN101174,CU21174,Kevin Torres,2021-06-24,2021-07-07,East,Imo,Business Expansion,RENT,1 year,36201,28.19,C,12.53,60,18600,16000.0,15800.0,Fully Paid,17332.66,2023-12-31
LN101175,CU21175,Kevin Gonzalez,2021-06-20,2021-06-21,East,Imo,Agriculture,RENT,9 years,45927,5.57,C,14.95,60,18200,16800.0,16400.0,Fully Paid,20615.23,2023-12-31
LN101176,CU21176,Lisa Taylor,2023-12-02,2023-12-04,South,Akwa Ibom,Business Expansion,OWN,7 years,102280,22.53,A,6.96,36,2000,1800.0,1800.0,Fully Paid,2268.28,2023-12-31
LN101177,CU21177,Mark Ramirez,2022-07-13,2022-07-24,East,Enugu,Business Expansion,MORTGAGE,10+ years,35781,14.78,C,13.37,36,13300,13300.0,12700.0,Fully Paid,14486.29,2023-12-31
LN101178,CU21178,Michelle Smith,2022-09-12,2022-09-25,Central,Abuja FCT,Home Improvement,RENT,3 years,52182,4.64,E,21.62,60,11500,9600.0,9500.0,Charged Off,4185.14,2023-12-31
LN101179,CU21179,Nancy White,2023-04-14,2023-04-23,Central,Plateau,Debt Consolidation,MORTGAGE,5 years,41238,18.97,B,9.4,60,8900,8500.0,8500.0,Fully Paid,10171.52,2023-12-31
LN101180,CU21180,Jennifer Lewis,2023-11-09,2023-11-17,North,Sokoto,Business Expansion,OWN,< 1 year,101302,15.68,C,14.43,36,11300,10600.0,10200.0,Charged Off,3038.96,2023-12-31
LN101181,CU21181,Andrew Thomas,2021-01-20,2021-02-09,North,Kaduna,Agriculture,MORTGAGE,< 1 year,48756,22.1,A,8.21,60,7200,6100.0,5400.0,Current,3869.38,2023-12-02
LN101182,CU21182,Kenneth Perez,2021-04-26,2021-05-02,North,Kaduna,Debt Consolidation,MORTGAGE,2 years,73959,9.09,D,15.6,36,12700,12700.0,12500.0,Charged Off,7311.34,2021-06-04
LN101183,CU21183,Margaret Anderson,2021-06-12,2021-06-28,South,Rivers,Agriculture,RENT,5 years,65585,16.29,B,10.88,36,9500,8600.0,7800.0,Fully Paid,10857.25,2023-12-31
LN101184,CU21184,Joshua Lopez,2021-05-06,2021-05-12,West,Oyo,Home Improvement,RENT,2 years,79936,24.45,B,10.52,36,19100,19100.0,17800.0,Fully Paid,21563.49,2023-12-31
LN101185,CU21185,Paul Torres,2021-06-05,2021-06-11,South,Rivers,Education,OWN,2 years,54912,18.02,E,21.39,36,1000,900.0,900.0,Fully Paid,1170.73,2023-12-31
LN101186,CU21186,Joshua Clark,2022-03-23,2022-04-09,Central,Kogi,Medical Expenses,RENT,4 years,43863,8.42,D,17.47,36,19500,19200.0,17500.0,Charged Off,10469.34,2023-01-21
LN101187,CU21187,Charles Hernandez,2021-05-09,2021-05-29,North,Kaduna,Car Purchase,RENT,5 years,50551,17.11,B,11.71,36,16000,15500.0,15500.0,Fully Paid,18274.94,2023-12-31
LN101188,CU21188,Edward Lewis,2022-10-15,2022-11-03,North,Kaduna,Business Expansion,MORTGAGE,5 years,54515,9.06,B,11.09,36,18100,18100.0,18100.0,Fully Paid,23564.71,2023-12-31
LN101189,CU21189,Daniel Walker,2022-09-07,2022-09-15,East,Abia,Agriculture,RENT,5 years,42022,32.58,C,13.64,36,22200,22000.0,22000.0,Fully Paid,23381.82,2023-12-31
LN101190,CU21190,Anthony Robinson,2023-04-06,2023-04-19,West,Oyo,Debt Consolidation,RENT,7 years,149235,12.39,C,13.36,36,22000,18300.0,18300.0,Fully Paid,19349.39,2023-12-31
LN101191,CU21191,Christopher Harris,2023-01-19,2023-01-24,South,Bayelsa,Education,OWN,6 years,61681,15.13,D,17.37,36,16600,15500.0,12800.0,Fully Paid,17130.18,2023-12-31
LN101192,CU21192,Mary Sanchez,2022-07-09,2022-07-15,West,Ogun,Education,RENT,3 years,29297,17.48,A,6.07,60,27700,22300.0,22300.0,Fully Paid,29805.26,2023-12-31
LN101193,CU21193,Sarah Anderson,2023-10-20,2023-11-05,South,Bayelsa,Small Business Startup,RENT,6 years,107467,32.5,D,17.84,36,20300,20300.0,18300.0,Fully Paid,21678.94,2023-12-31
LN101194,CU21194,Robert Lee,2021-10-17,2021-10-31,West,Oyo,Debt Consolidation,OWN,8 years,22748,6.4,A,8.83,36,23900,23200.0,22700.0,Fully Paid,31019.72,2023-12-31
LN101195,CU21195,David Perez,2021-09-07,2021-09-19,East,Abia,Debt Consolidation,MORTGAGE,2 years,42647,30.42,D,16.59,60,16500,12400.0,11000.0,Fully Paid,16234.44,2023-12-31
LN101196,CU21196,Andrew Walker,2023-07-05,2023-07-13,North,Kaduna,Small Business Startup,RENT,6 years,54609,3.5,B,9.74,60,17300,13700.0,12900.0,Fully Paid,18094.5,2023-12-31
LN101197,CU21197,Donald Moore,2022-11-10,2022-11-29,Central,Kogi,Debt Consolidation,MORTGAGE,3 years,95335,25.71,E,21.61,60,3100,2800.0,2500.0,Fully Paid,3132.3,2023-12-31
LN101198,CU21198,Michelle Thomas,2023-08-21,,South,Bayelsa,Medical Expenses,OWN,5 years,126237,28.22,F,24.04,36,14200,0.0,0.0,Rejected,0.0,
LN101199,CU21199,Matthew Martinez,2021-06-16,2021-06-19,Central,Kogi,Business Expansion,MORTGAGE,7 years,72873,26.13,B,10.39,60,19300,18500.0,18500.0,Fully Paid,23739.75,2023-12-31
LN101200,CU21200,Deborah Moore,2021-05-01,2021-05-12,South,Akwa Ibom,Debt Consolidation,RENT,3 years,34317,19.57,D,15.67,36,22800,18800.0,18800.0,Fully Paid,23240.48,2023-12-31
LN101201,CU21201,Elizabeth Moore,2022-10-06,2022-10-26,East,Abia,Debt Consolidation,MORTGAGE,8 years,77422,32.63,B,9.6,36,16500,15400.0,15400.0,Fully Paid,17535.76,2023-12-31
LN101202,CU21202,Melissa Gonzalez,2022-05-24,2022-06-03,Central,Kogi,Debt Consolidation,RENT,6 years,41041,22.93,B,11.1,36,12300,12300.0,11800.0,Fully Paid,13446.58,2023-12-31
LN101203,CU21203,Mary Clark,2023-08-11,2023-08-31,North,Sokoto,Wedding,OWN,7 years,83499,20.59,B,10.88,36,5700,4800.0,4700.0,Fully Paid,5492.29,2023-12-31
LN101204,CU21204,Sarah Robinson,2023-07-18,2023-07-19,East,Anambra,Personal,RENT,2 years,65242,33.09,D,16.76,60,20400,15300.0,14500.0,Charged Off,8168.19,2023-12-31
LN101205,CU21205,Donald White,2023-02-08,2023-02-21,South,Akwa Ibom,Agriculture,MORTGAGE,< 1 year,50435,14.14,E,20.52,60,12800,11500.0,11400.0,Current,2092.93,2023-12-29
LN101206,CU21206,Dorothy Jackson,2023-11-14,2023-11-19,East,Enugu,Debt Consolidation,OWN,2 years,45811,24.18,D,16.49,36,8500,8200.0,8200.0,Current,442.15,2023-11-16
LN101207,CU21207,Jessica Garcia,2022-11-24,2022-12-10,East,Imo,Home Improvement,OWN,6 years,33186,29.83,C,13.03,36,14800,13700.0,13500.0,Fully Paid,14640.44,2023-12-31
LN101208,CU21208,Dorothy Sanchez,2022-03-01,2022-03-09,South,Rivers,Education,RENT,2 years,52638,34.24,C,12.35,60,12900,12400.0,12200.0,Current,4986.39,2023-11-26
LN101209,CU21209,Mary Brown,2021-03-28,2021-04-02,South,Bayelsa,Wedding,OWN,3 years,55233,11.35,C,14.28,36,9800,9800.0,9300.0,Fully Paid,11239.47,2023-12-31
LN101210,CU21210,Kenneth Sanchez,2023-10-06,2023-10-24,North,Sokoto,Medical Expenses,OWN,10+ years,39596,10.75,A,8.14,60,11100,10800.0,10500.0,Current,556.21,2023-12-29
LN101211,CU21211,Susan Anderson,2021-01-15,2021-02-01,Central,Plateau,Home Improvement,RENT,1 year,92881,31.75,B,10.74,60,19700,18200.0,16700.0,Fully Paid,20006.42,2023-12-31
LN101212,CU21212,Elizabeth Wright,2022-06-29,2022-07-06,North,Sokoto,Car Purchase,MORTGAGE,5 years,42292,3.45,D,16.53,36,11000,11000.0,10300.0,Fully Paid,12395.72,2023-12-31
LN101213,CU21213,Christopher Taylor,2022-08-08,2022-08-15,West,Lagos,Business Expansion,RENT,< 1 year,45811,27.24,B,10.34,60,9700,9500.0,9500.0,Current,2549.16,2023-12-25
LN101214,CU21214,Melissa Wilson,2022-03-15,2022-03-23,South,Akwa Ibom,Small Business Startup,MORTGAGE,4 years,36662,16.52,B,10.08,36,18800,17700.0,16400.0,Fully Paid,23281.06,2023-12-31
LN101215,CU21215,Susan Allen,2021-01-26,2021-02-11,North,Sokoto,Debt Consolidation,OWN,2 years,78911,17.26,C,14.58,36,15700,13500.0,13000.0,Fully Paid,15748.72,2023-12-31
LN101216,CU21216,Sandra Sanchez,2023-10-04,2023-10-07,Central,Niger,Business Expansion,RENT,8 years,50995,27.52,A,7.79,36,1000,1000.0,1000.0,Fully Paid,1315.32,2023-12-31
LN101217,CU21217,Mary Flores,2022-07-16,2022-07-20,North,Kaduna,Education,OWN,4 years,57093,2.82,D,16.34,36,14000,12600.0,11600.0,Charged Off,2616.44,2023-03-02
LN101218,CU21218,Margaret White,2023-05-06,2023-05-10,North,Sokoto,Home Improvement,MORTGAGE,< 1 year,32081,16.46,C,12.89,36,19200,16000.0,16000.0,Fully Paid,18061.08,2023-12-31
LN101219,CU21219,Susan Davis,2021-12-24,2022-01-08,North,Katsina,Small Business Startup,OWN,1 year,31587,6.58,B,9.26,36,16300,13700.0,13700.0,Fully Paid,16767.88,2023-12-31
LN101220,CU21220,Sarah Moore,2021-05-10,2021-05-23,North,Katsina,Wedding,MORTGAGE,2 years,58633,10.1,B,9.65,60,13200,12000.0,11900.0,Charged Off,4184.54,2023-12-31
LN101221,CU21221,Anthony Lopez,2021-05-10,2021-05-19,North,Kaduna,Business Expansion,RENT,4 years,22655,20.28,D,17.16,36,21600,19400.0,19200.0,Charged Off,4578.04,2021-12-27
LN101222,CU21222,Jessica Lewis,2023-06-11,2023-06-21,North,Kaduna,Debt Consolidation,MORTGAGE,7 years,33480,8.52,B,11.38,36,7000,6200.0,6100.0,Fully Paid,7622.37,2023-12-31
LN101223,CU21223,Donald Wright,2023-01-31,2023-02-12,South,Akwa Ibom,Debt Consolidation,MORTGAGE,8 years,64996,33.18,C,13.62,60,14600,14600.0,12600.0,Fully Paid,17871.33,2023-12-31
LN101224,CU21224,Sandra Thompson,2023-10-10,2023-10-13,East,Anambra,Small Business Startup,MORTGAGE,8 years,36514,21.11,C,13.22,60,13800,11600.0,11200.0,Fully Paid,15259.01,2023-12-31
LN101225,CU21225,Daniel Robinson,2021-03-29,2021-04-18,West,Ogun,Agriculture,RENT,8 years,44820,31.26,A,8.75,36,16500,15900.0,14000.0,Fully Paid,19712.97,2023-12-31
LN101226,CU21226,David Torres,2023-03-23,2023-04-09,South,Delta,Debt Consolidation,OWN,6 years,65295,15.32,E,21.52,36,5700,5700.0,5400.0,Charged Off,581.52,2023-12-31
LN101227,CU21227,Kevin Hernandez,2023-09-29,2023-10-17,South,Akwa Ibom,Business Expansion,OWN,5 years,55025,14.96,F,24.93,60,13200,12600.0,12300.0,Fully Paid,15207.4,2023-12-31
LN101228,CU21228,Betty Anderson,2023-04-16,2023-04-21,Central,Kogi,Medical Expenses,MORTGAGE,1 year,54355,16.15,D,15.68,60,9700,9600.0,8900.0,Fully Paid,12658.27,2023-12-31
LN101229,CU21229,Amanda Smith,2023-10-12,,Central,Abuja FCT,Business Expansion,OWN,1 year,64959,32.79,G,28.78,60,13200,0.0,0.0,Rejected,0.0,
LN101230,CU21230,Jessica Sanchez,2021-07-17,2021-07-21,East,Anambra,Business Expansion,OWN,< 1 year,36796,16.85,F,22.06,60,13200,11400.0,10700.0,Current,6194.06,2023-11-18
LN101231,CU21231,Robert Jones,2021-09-01,2021-09-21,East,Abia,Business Expansion,RENT,5 years,100758,11.32,D,16.98,36,22100,20300.0,19600.0,Fully Paid,23676.38,2023-12-31
LN101232,CU21232,Karen Ramirez,2021-03-27,2021-04-07,Central,Plateau,Debt Consolidation,MORTGAGE,7 years,48478,22.2,D,17.93,60,9500,9300.0,9300.0,Fully Paid,10478.63,2023-12-31
LN101233,CU21233,Matthew Wright,2022-12-20,2022-12-22,North,Katsina,Home Improvement,MORTGAGE,7 years,45709,31.08,C,14.98,60,5800,5200.0,4700.0,Fully Paid,6644.12,2023-12-31
LN101234,CU21234,Donald Taylor,2021-06-19,2021-07-02,Central,Abuja FCT,Medical Expenses,OWN,10+ years,58010,15.16,C,14.77,60,13300,10400.0,9700.0,Fully Paid,11673.1,2023-12-31
LN101235,CU21235,John Lee,2022-03-20,2022-04-08,East,Abia,Small Business Startup,MORTGAGE,6 years,53363,25.23,B,9.28,36,27900,25900.0,24100.0,Fully Paid,33262.09,2023-12-31
LN101236,CU21236,Steven Lewis,2023-08-07,2023-08-16,North,Kano,Car Purchase,RENT,9 years,43539,17.68,A,7.16,36,18900,17300.0,17100.0,Fully Paid,21788.74,2023-12-31
LN101237,CU21237,Barbara Lewis,2021-03-23,2021-03-28,East,Anambra,Agriculture,RENT,9 years,69446,31.37,C,12.99,36,14900,14900.0,13300.0,Fully Paid,15988.39,2023-12-31
LN101238,CU21238,Ashley Thomas,2021-12-28,2022-01-08,North,Katsina,Business Expansion,RENT,< 1 year,54739,29.44,C,12.91,36,13500,12900.0,11800.0,Fully Paid,15803.42,2023-12-31
LN101239,CU21239,Joseph Lewis,2021-12-03,2021-12-18,North,Kaduna,Debt Consolidation,OWN,2 years,22358,31.87,B,11.22,36,9500,9100.0,8900.0,Fully Paid,11723.54,2023-12-31
LN101240,CU21240,Mary King,2023-05-08,2023-05-11,East,Enugu,Home Improvement,RENT,< 1 year,35803,3.06,D,15.84,60,18200,17400.0,16600.0,Charged Off,4026.15,2023-12-31
LN101241,CU21241,Donald Sanchez,2021-10-09,2021-10-16,Central,Niger,Debt Consolidation,OWN,< 1 year,32746,22.13,B,9.49,36,19600,19600.0,19400.0,Fully Paid,26439.54,2023-12-31
LN101242,CU21242,Emily Taylor,2022-01-15,2022-01-23,West,Lagos,Business Expansion,MORTGAGE,6 years,82739,21.03,C,12.35,36,12300,10300.0,9100.0,Current,6877.02,2023-11-17
LN101243,CU21243,Betty Smith,2023-11-11,2023-11-30,East,Enugu,Wedding,OWN,1 year,45993,15.72,C,13.57,60,17400,17400.0,16300.0,Fully Paid,19853.46,2023-12-31
LN101244,CU21244,William Lee,2022-03-14,2022-03-21,South,Bayelsa,Business Expansion,OWN,10+ years,50557,34.98,B,10.42,60,20600,17000.0,17000.0,Charged Off,4996.79,2023-12-31
LN101245,CU21245,Robert Martinez,2021-05-20,2021-06-08,South,Delta,Education,RENT,8 years,27769,3.39,E,21.96,36,5200,4900.0,4900.0,Current,4616.25,2023-12-05
LN101246,CU21246,Kenneth White,2023-04-13,2023-04-26,South,Akwa Ibom,Medical Expenses,OWN,6 years,35782,6.65,B,9.13,60,21100,21100.0,20900.0,Charged Off,9195.97,2023-12-31
LN101247,CU21247,Betty Lewis,2021-09-18,2021-09-24,Central,Niger,Debt Consolidation,RENT,9 years,112605,34.06,E,21.8,60,19300,16300.0,16300.0,Current,7908.51,2023-11-30
LN101248,CU21248,Deborah Jones,2023-05-05,2023-05-07,West,Lagos,Car Purchase,OWN,8 years,53025,6.01,E,18.34,36,14300,10600.0,9500.0,Fully Paid,12380.59,2023-12-31
LN101249,CU21249,Dorothy Perez,2022-09-24,2022-10-10,East,Imo,Education,RENT,8 years,64375,7.95,F,23.95,36,15500,15000.0,15000.0,Fully Paid,18861.41,2023-12-31
LN101250,CU21250,Paul King,2022-05-31,2022-06-20,Central,Abuja FCT,Education,MORTGAGE,4 years,100964,29.11,E,21.74,60,2800,2500.0,2500.0,Fully Paid,2859.79,2023-12-31
LN101251,CU21251,Christopher Thomas,2022-12-15,2022-12-24,Central,Niger,Wedding,RENT,3 years,48985,5.31,B,11.48,60,13600,13500.0,12500.0,Fully Paid,15891.58,2023-12-31
LN101252,CU21252,Richard Flores,2022-01-25,2022-02-01,South,Akwa Ibom,Home Improvement,MORTGAGE,10+ years,46540,7.0,D,16.08,60,20300,20300.0,20300.0,Fully Paid,24857.85,2023-12-31
LN101253,CU21253,Linda Jackson,2022-11-22,2022-11-30,South,Delta,Debt Consolidation,OWN,10+ years,56430,23.11,B,11.43,60,19600,19600.0,18700.0,Fully Paid,24796.2,2023-12-31
LN101254,CU21254,Andrew Robinson,2021-10-27,2021-11-09,Central,Kogi,Small Business Startup,RENT,9 years,120265,11.71,B,9.22,36,17200,14300.0,13900.0,Fully Paid,19235.79,2023-12-31
LN101255,CU21255,Robert Gonzalez,2023-07-21,2023-07-28,East,Abia,Debt Consolidation,MORTGAGE,9 years,80599,33.35,D,17.46,60,12000,12000.0,11300.0,Fully Paid,16133.68,2023-12-31
LN101256,CU21256,Ashley Hill,2023-06-15,2023-06-19,North,Katsina,Debt Consolidation,RENT,5 years,82939,14.73,A,6.36,36,13300,12100.0,11700.0,Fully Paid,15613.72,2023-12-31
LN101257,CU21257,John Jones,2022-07-04,2022-07-11,East,Enugu,Small Business Startup,OWN,1 year,22716,4.15,A,8.78,60,18100,16400.0,16400.0,Charged Off,7054.43,2022-12-10
LN101258,CU21258,James Davis,2022-08-06,2022-08-24,East,Imo,Small Business Startup,RENT,3 years,46076,31.19,D,15.69,60,6900,6900.0,6900.0,Fully Paid,7734.27,2023-12-31
LN101259,CU21259,Emily Nguyen,2021-12-18,2021-12-24,East,Anambra,Business Expansion,RENT,3 years,103661,10.9,B,10.63,36,11200,9600.0,9200.0,Current,7110.84,2023-12-14
LN101260,CU21260,Ashley Davis,2023-04-13,2023-04-19,North,Kano,Agriculture,OWN,3 years,48008,21.15,B,10.38,36,17000,13700.0,12700.0,Fully Paid,15533.62,2023-12-31
LN101261,CU21261,Jessica Martin,2023-07-03,2023-07-17,West,Osun,Agriculture,OWN,3 years,84620,27.8,G,26.4,36,19300,14800.0,14700.0,Fully Paid,17504.82,2023-12-31
LN101262,CU21262,Matthew Flores,2022-07-11,2022-07-22,West,Lagos,Debt Consolidation,OWN,10+ years,73539,6.77,B,10.47,60,17300,17200.0,15400.0,Charged Off,6085.01,2023-12-31
LN101263,CU21263,Mark Hill,2021-10-23,2021-10-29,South,Akwa Ibom,Education,MORTGAGE,1 year,39293,18.58,B,10.8,60,10000,9200.0,8500.0,Fully Paid,10231.68,2023-12-31
LN101264,CU21264,Daniel Sanchez,2022-08-19,2022-08-20,East,Anambra,Medical Expenses,OWN,6 years,84023,20.83,B,10.8,60,8300,8200.0,7900.0,Fully Paid,9995.74,2023-12-31
LN101265,CU21265,Brian Jones,2023-03-08,2023-03-24,West,Lagos,Small Business Startup,MORTGAGE,5 years,48723,5.52,A,7.08,36,6100,5400.0,5400.0,Fully Paid,6391.43,2023-12-31
LN101266,CU21266,Jennifer Ramirez,2022-04-14,2022-04-30,East,Imo,Personal,RENT,5 years,52326,21.77,B,11.73,60,8500,7500.0,6800.0,Current,2582.18,2023-11-24
LN101267,CU21267,Dorothy King,2021-03-16,2021-03-19,Central,Niger,Debt Consolidation,RENT,5 years,33653,6.0,D,15.14,36,6200,6200.0,6200.0,Fully Paid,6805.28,2023-12-31
LN101268,CU21268,Brian Scott,2021-06-12,2021-06-17,North,Sokoto,Business Expansion,MORTGAGE,4 years,111563,26.59,A,7.36,60,7500,6800.0,5900.0,Fully Paid,7708.17,2023-12-31
LN101269,CU21269,Barbara Anderson,2021-12-08,2021-12-28,West,Oyo,Business Expansion,MORTGAGE,1 year,96086,25.56,D,15.7,36,25200,20800.0,18300.0,Charged Off,8888.07,2022-07-26
LN101270,CU21270,Charles Scott,2021-12-10,2021-12-30,West,Osun,Personal,OWN,< 1 year,37705,7.43,E,21.23,36,11300,11300.0,11000.0,Fully Paid,12093.43,2023-12-31
LN101271,CU21271,Sarah Lopez,2023-08-06,2023-08-24,Central,Abuja FCT,Car Purchase,MORTGAGE,5 years,53581,28.74,B,11.17,36,1000,900.0,900.0,Fully Paid,1011.32,2023-12-31
LN101272,CU21272,Christopher Hernandez,2023-10-23,2023-10-25,East,Enugu,Home Improvement,MORTGAGE,< 1 year,31760,22.92,B,10.18,36,8900,8300.0,7600.0,Fully Paid,10822.88,2023-12-31
LN101273,CU21273,Joshua White,2023-08-06,2023-08-14,Central,Kogi,Agriculture,OWN,7 years,62346,25.59,D,15.53,36,1000,1000.0,900.0,Current,121.21,2023-12-29
LN101274,CU21274,Robert Harris,2022-08-12,2022-08-30,South,Rivers,Medical Expenses,RENT,8 years,113427,2.19,E,21.2,60,23600,21500.0,19200.0,Fully Paid,25180.15,2023-12-31
LN101275,CU21275,Sandra King,2022-05-30,2022-06-04,East,Abia,Debt Consolidation,MORTGAGE,6 years,39785,14.32,B,9.5,60,6200,5400.0,5100.0,Fully Paid,6005.17,2023-12-31
LN101276,CU21276,Lisa Martin,2023-02-23,2023-03-11,North,Katsina,Education,RENT,4 years,36862,9.31,C,13.12,60,8600,8100.0,8100.0,Current,1217.92,2023-12-04
LN101277,CU21277,Deborah Martinez,2022-09-11,2022-09-26,West,Ogun,Business Expansion,RENT,3 years,37853,13.21,D,15.43,36,22000,19200.0,19200.0,Fully Paid,22459.62,2023-12-31
LN101278,CU21278,Sandra White,2021-09-25,2021-09-29,South,Bayelsa,Small Business Startup,RENT,< 1 year,66547,5.3,C,12.74,36,26200,24200.0,23300.0,Fully Paid,25795.65,2023-12-31
LN101279,CU21279,Matthew Ramirez,2022-12-28,2022-12-31,North,Sokoto,Agriculture,MORTGAGE,8 years,64483,31.06,D,16.43,60,12300,12300.0,12000.0,Fully Paid,13628.94,2023-12-31
LN101280,CU21280,Steven Hernandez,2021-10-26,2021-11-12,North,Kaduna,Business Expansion,MORTGAGE,8 years,30736,27.02,D,15.81,36,11800,11800.0,11800.0,Current,8834.95,2023-12-30
LN101281,CU21281,Mark Sanchez,2022-12-12,2022-12-29,East,Abia,Personal,MORTGAGE,5 years,80814,29.25,B,9.85,36,3000,2500.0,2400.0,Fully Paid,3287.65,2023-12-31
LN101282,CU21282,Ashley Ramirez,2023-11-03,2023-11-14,Central,Abuja FCT,Debt Consolidation,OWN,2 years,82738,2.01,A,8.8,60,10300,8800.0,8100.0,Fully Paid,10401.23,2023-12-31
LN101283,CU21283,Kenneth Moore,2022-02-07,2022-02-15,South,Delta,Education,OWN,9 years,40949,6.09,B,10.15,60,16300,15000.0,14300.0,Charged Off,3771.83,2022-12-14
LN101284,CU21284,Richard Clark,2023-05-06,2023-05-13,Central,Niger,Small Business Startup,OWN,6 years,45247,6.01,D,16.64,60,8600,8600.0,8600.0,Charged Off,1144.78,2023-08-27
LN101285,CU21285,Thomas Walker,2023-08-18,2023-09-02,North,Kano,Wedding,OWN,10+ years,44440,32.58,C,13.48,36,14700,14100.0,13900.0,Fully Paid,16254.78,2023-12-31
LN101286,CU21286,Lisa Walker,2022-10-31,2022-11-20,East,Imo,Home Improvement,MORTGAGE,2 years,57587,34.32,A,8.0,60,20700,16400.0,15700.0,Fully Paid,18426.86,2023-12-31
LN101287,CU21287,Mary Ramirez,2022-11-04,2022-11-06,West,Oyo,Car Purchase,MORTGAGE,4 years,28593,28.14,C,13.5,60,11600,10500.0,9700.0,Fully Paid,11971.08,2023-12-31
LN101288,CU21288,Thomas Miller,2022-03-25,2022-04-12,South,Delta,Debt Consolidation,OWN,7 years,48272,30.36,B,11.72,36,5200,5200.0,5100.0,Fully Paid,6103.73,2023-12-31
LN101289,CU21289,Anthony Torres,2021-06-16,2021-06-27,East,Imo,Personal,OWN,2 years,51456,29.46,A,7.87,36,13000,12900.0,12500.0,Fully Paid,13765.21,2023-12-31
LN101290,CU21290,Margaret Martinez,2021-03-04,,West,Osun,Small Business Startup,RENT,5 years,64798,29.96,G,26.47,36,7200,0.0,0.0,Rejected,0.0,
LN101291,CU21291,Ashley Young,2023-04-11,2023-04-22,West,Ogun,Education,RENT,3 years,72275,5.13,C,12.86,36,8400,6700.0,6100.0,Current,1561.95,2023-12-07
LN101292,CU21292,Jennifer Miller,2021-01-18,2021-01-23,North,Kaduna,Agriculture,OWN,8 years,58207,32.26,B,10.29,36,1000,800.0,800.0,Fully Paid,840.5,2023-12-28
LN101293,CU21293,John Rodriguez,2023-01-02,2023-01-12,East,Imo,Business Expansion,MORTGAGE,9 years,34197,27.57,C,12.26,36,10600,9600.0,9600.0,Fully Paid,10192.15,2023-12-31
LN101294,CU21294,Jennifer Williams,2022-01-29,2022-02-02,Central,Abuja FCT,Debt Consolidation,OWN,6 years,27159,27.53,B,11.47,60,21200,21200.0,20400.0,Fully Paid,24113.48,2023-12-31
LN101295,CU21295,Kimberly Jones,2021-10-11,,Central,Kogi,Business Expansion,OWN,7 years,46943,31.24,G,28.42,60,17100,0.0,0.0,Rejected,0.0,
LN101296,CU21296,David Allen,2022-04-04,2022-04-10,North,Katsina,Medical Expenses,MORTGAGE,4 years,61030,29.61,A,6.1,60,26500,22900.0,22100.0,Fully Paid,29611.56,2023-12-31
LN101297,CU21297,Steven Martin,2023-05-07,2023-05-15,East,Abia,Car Purchase,OWN,4 years,21242,18.58,C,14.0,36,10900,9400.0,9400.0,Fully Paid,11853.12,2023-12-31
LN101298,CU21298,Jennifer Brown,2021-10-30,2021-11-09,Central,Abuja FCT,Education,OWN,7 years,51777,30.09,B,9.38,36,3700,3000.0,3000.0,Fully Paid,3768.95,2023-12-31
LN101299,CU21299,Jessica Walker,2021-09-09,2021-09-16,West,Osun,Agriculture,MORTGAGE,10+ years,39493,15.07,C,14.83,60,17200,14800.0,14800.0,Fully Paid,18453.45,2023-12-31
LN101300,CU21300,David Sanchez,2021-05-16,2021-05-29,South,Akwa Ibom,Car Purchase,OWN,< 1 year,26925,18.83,D,17.52,60,12900,12000.0,11000.0,Current,6662.78,2023-11-19
LN101301,CU21301,Betty Lee,2022-11-01,,West,Ogun,Small Business Startup,MORTGAGE,6 years,112602,32.71,D,16.98,36,22900,0.0,0.0,Rejected,0.0,
LN101302,CU21302,James Hernandez,2021-07-10,2021-07-18,East,Abia,Personal,RENT,5 years,34450,12.66,E,18.59,36,1000,1000.0,1000.0,Fully Paid,1198.61,2023-12-31
LN101303,CU21303,Richard Lopez,2021-01-19,2021-01-30,West,Lagos,Debt Consolidation,MORTGAGE,5 years,112593,3.71,C,14.13,60,24500,19700.0,19700.0,Charged Off,6725.56,2023-12-22
LN101304,CU21304,Richard Wilson,2023-11-01,2023-11-15,South,Akwa Ibom,Education,RENT,8 years,83329,10.07,B,10.17,36,5500,5100.0,4900.0,Fully Paid,6473.84,2023-12-31
LN101305,CU21305,Sandra Nguyen,2023-07-24,2023-08-12,Central,Kogi,Car Purchase,OWN,4 years,24672,34.32,D,16.0,60,10200,10200.0,10100.0,Fully Paid,13133.03,2023-12-31
LN101306,CU21306,Anthony Robinson,2022-10-08,2022-10-10,Central,Niger,Home Improvement,MORTGAGE,3 years,64398,8.14,B,10.35,60,17600,17300.0,16300.0,Fully Paid,21634.16,2023-12-31
LN101307,CU21307,Thomas Sanchez,2023-12-23,2023-12-31,East,Enugu,Personal,OWN,< 1 year,92399,28.04,A,6.67,60,14000,14000.0,14000.0,Fully Paid,16506.05,2023-12-31
LN101308,CU21308,Sarah Wright,2021-02-03,2021-02-19,Central,Plateau,Personal,MORTGAGE,10+ years,30016,32.46,B,11.36,36,11600,9300.0,9300.0,Fully Paid,10360.43,2023-12-24
LN101309,CU21309,Emily Jackson,2023-03-08,2023-03-09,North,Kano,Home Improvement,MORTGAGE,5 years,42501,27.17,A,6.53,36,8600,8100.0,8000.0,Fully Paid,8698.61,2023-12-31
LN101310,CU21310,Jessica Walker,2021-09-23,2021-10-02,North,Kaduna,Personal,MORTGAGE,4 years,79376,7.78,D,15.51,60,32200,28700.0,27000.0,Fully Paid,37935.27,2023-12-31
LN101311,CU21311,George Hernandez,2022-08-15,2022-08-18,East,Enugu,Business Expansion,RENT,8 years,58821,21.67,C,14.07,36,8200,7100.0,6800.0,Fully Paid,9314.96,2023-12-31
LN101312,CU21312,James Thomas,2022-01-02,2022-01-19,North,Sokoto,Medical Expenses,OWN,7 years,30610,9.63,C,13.01,60,24200,23100.0,23100.0,Current,9742.27,2023-12-14
LN101313,CU21313,Jennifer Thompson,2021-12-28,2021-12-29,North,Sokoto,Education,RENT,3 years,72727,3.3,B,10.64,60,12500,11600.0,11000.0,Fully Paid,14338.79,2023-12-31
LN101314,CU21314,Deborah Garcia,2021-10-26,2021-11-11,North,Kano,Debt Consolidation,RENT,2 years,148351,31.38,B,10.57,36,1000,900.0,900.0,Fully Paid,1149.47,2023-12-31
LN101315,CU21315,Mary Perez,2021-08-01,2021-08-21,West,Osun,Car Purchase,MORTGAGE,6 years,15000,21.58,C,12.64,36,18500,18200.0,18200.0,Fully Paid,23333.11,2023-12-31
LN101316,CU21316,Brian Jones,2023-07-27,2023-07-29,South,Bayelsa,Debt Consolidation,RENT,5 years,44305,24.42,B,10.93,36,23200,22000.0,20800.0,Charged Off,4268.89,2023-12-31
LN101317,CU21317,Daniel Johnson,2023-05-02,2023-05-05,East,Imo,Debt Consolidation,MORTGAGE,< 1 year,53208,13.61,A,8.91,60,22100,18000.0,17700.0,Current,2434.55,2023-11-28
LN101318,CU21318,Emily Davis,2023-08-28,2023-09-01,Central,Niger,Personal,RENT,8 years,49125,16.61,C,14.99,60,31000,27800.0,26000.0,Fully Paid,29460.88,2023-12-31
LN101319,CU21319,Kenneth Lee,2023-05-22,2023-06-01,South,Akwa Ibom,Debt Consolidation,RENT,< 1 year,47539,27.9,A,8.58,36,3700,3300.0,3200.0,Fully Paid,4453.42,2023-12-31
LN101320,CU21320,Thomas Harris,2022-11-28,2022-12-01,South,Akwa Ibom,Home Improvement,RENT,1 year,33812,34.25,C,14.93,60,13300,12800.0,12400.0,Fully Paid,16276.33,2023-12-31
LN101321,CU21321,Mary Johnson,2022-01-14,2022-01-26,East,Imo,Wedding,MORTGAGE,1 year,81270,27.61,E,21.48,36,20400,19000.0,16900.0,Charged Off,11159.07,2023-02-01
LN101322,CU21322,Christopher Davis,2021-06-11,2021-06-29,South,Delta,Education,OWN,< 1 year,72119,29.17,C,12.83,36,14600,13000.0,12800.0,Fully Paid,17044.17,2023-12-31
LN101323,CU21323,Karen Scott,2023-04-07,2023-04-10,East,Enugu,Wedding,OWN,4 years,46578,22.15,B,11.76,60,11900,11900.0,11900.0,Fully Paid,13455.5,2023-12-31
LN101324,CU21324,William Jones,2021-08-07,2021-08-20,North,Kaduna,Medical Expenses,RENT,< 1 year,36432,14.84,D,16.41,60,17300,15400.0,13900.0,Fully Paid,17390.98,2023-12-31
LN101325,CU21325,Emily Thomas,2021-12-11,2021-12-12,North,Sokoto,Home Improvement,OWN,10+ years,34512,4.69,D,17.75,36,22900,20700.0,20200.0,Fully Paid,26260.53,2023-12-31
LN101326,CU21326,David Allen,2021-01-11,2021-01-27,South,Bayelsa,Business Expansion,MORTGAGE,8 years,48362,31.41,B,11.63,36,35200,31700.0,29500.0,Fully Paid,33849.62,2023-12-30
LN101327,CU21327,Michelle Harris,2022-12-07,2022-12-26,South,Akwa Ibom,Small Business Startup,OWN,6 years,84255,32.04,C,14.92,60,3100,2400.0,2400.0,Fully Paid,2699.3,2023-12-31
LN101328,CU21328,Linda Clark,2021-01-03,2021-01-08,East,Abia,Car Purchase,OWN,6 years,95690,12.36,B,10.77,60,6600,5400.0,5100.0,Fully Paid,6989.4,2023-12-31
LN101329,CU21329,Linda Thomas,2022-04-18,,South,Rivers,Debt Consolidation,OWN,< 1 year,60151,6.63,G,28.93,60,14500,0.0,0.0,Rejected,0.0,
LN101330,CU21330,William Wilson,2021-01-06,2021-01-20,East,Enugu,Wedding,MORTGAGE,3 years,58314,5.72,D,17.15,36,15800,13600.0,13000.0,Current,13319.87,2023-12-22
LN101331,CU21331,Elizabeth Davis,2023-04-22,2023-05-07,East,Imo,Debt Consolidation,RENT,10+ years,39809,23.77,C,13.56,60,18100,14800.0,14000.0,Fully Paid,19348.44,2023-12-31
LN101332,CU21332,Susan Harris,2022-05-13,2022-05-15,East,Anambra,Agriculture,RENT,7 years,123985,28.07,A,8.85,60,22400,19100.0,17400.0,Fully Paid,22537.77,2023-12-31
LN101333,CU21333,Patricia Brown,2022-02-22,2022-03-04,West,Oyo,Education,RENT,1 year,63424,6.79,B,11.64,36,20200,18300.0,18300.0,Fully Paid,21554.58,2023-12-31
LN101334,CU21334,Donald King,2022-12-14,2022-12-23,North,Katsina,Debt Consolidation,RENT,10+ years,25631,7.04,C,12.67,36,11300,11100.0,10500.0,Fully Paid,14863.48,2023-12-31
LN101335,CU21335,David Walker,2021-10-01,2021-10-09,South,Bayelsa,Debt Consolidation,OWN,3 years,25880,32.09,B,10.94,60,8100,8100.0,7700.0,Fully Paid,9845.74,2023-12-31
LN101336,CU21336,Elizabeth Davis,2023-12-06,2023-12-19,East,Imo,Medical Expenses,RENT,1 year,65213,18.16,C,12.82,60,3600,3200.0,3200.0,Charged Off,1227.45,2023-12-31
LN101337,CU21337,Jessica Jackson,2023-12-22,2023-12-27,East,Anambra,Small Business Startup,OWN,10+ years,58688,23.89,B,10.49,36,16300,15200.0,15200.0,Fully Paid,17452.84,2023-12-31
LN101338,CU21338,Deborah Scott,2021-01-03,2021-01-17,West,Oyo,Debt Consolidation,RENT,3 years,23018,9.6,C,12.56,60,16500,13100.0,12300.0,Fully Paid,16917.05,2023-12-31
LN101339,CU21339,Richard Sanchez,2021-07-16,2021-07-27,Central,Kogi,Personal,RENT,7 years,70983,9.06,A,7.87,36,17700,16800.0,16400.0,Current,14215.71,2023-12-01
LN101340,CU21340,Edward Thomas,2023-10-07,2023-10-10,Central,Kogi,Business Expansion,OWN,6 years,47989,17.38,A,8.87,36,22500,22500.0,20700.0,Current,1417.99,2023-12-17
LN101341,CU21341,Anthony Williams,2023-04-25,2023-04-30,South,Bayelsa,Home Improvement,MORTGAGE,1 year,52617,10.32,C,12.31,60,22800,22100.0,20300.0,Fully Paid,24627.36,2023-12-31
LN101342,CU21342,Michael Williams,2023-04-18,2023-04-25,East,Enugu,Home Improvement,OWN,4 years,38531,22.28,E,20.57,60,13900,12900.0,12500.0,Charged Off,7247.01,2023-12-31
LN101343,CU21343,Jennifer Taylor,2021-04-01,2021-04-17,Central,Niger,Car Purchase,RENT,4 years,55984,2.51,B,10.62,36,18200,18100.0,17200.0,Fully Paid,20179.83,2023-12-31
LN101344,CU21344,Nancy Miller,2022-07-23,2022-08-07,North,Kano,Business Expansion,OWN,6 years,38439,11.53,B,11.09,60,19200,16100.0,15000.0,Fully Paid,17698.54,2023-12-31
LN101345,CU21345,Michael Torres,2022-01-30,2022-02-05,North,Sokoto,Debt Consolidation,OWN,2 years,129895,25.28,A,6.7,36,23400,23400.0,23400.0,Fully Paid,26037.68,2023-12-31
LN101346,CU21346,Charles Robinson,2022-04-08,2022-04-20,North,Katsina,Business Expansion,MORTGAGE,2 years,29320,14.35,B,9.09,36,11600,10900.0,10700.0,Fully Paid,14323.14,2023-12-31
LN101347,CU21347,Carol Ramirez,2021-11-22,2021-11-24,South,Rivers,Debt Consolidation,RENT,6 years,33769,14.98,A,6.02,60,20500,19800.0,18600.0,Fully Paid,24855.57,2023-12-31
LN101348,CU21348,Anthony Miller,2022-03-10,2022-03-18,North,Kano,Debt Consolidation,OWN,2 years,29866,34.74,A,7.25,60,19400,18800.0,18700.0,Fully Paid,20677.31,2023-12-31
LN101349,CU21349,Kimberly Scott,2023-07-17,2023-08-01,Central,Kogi,Wedding,OWN,9 years,62246,14.4,A,7.6,36,6400,6300.0,6300.0,Fully Paid,7769.69,2023-12-31
LN101350,CU21350,Mark Moore,2022-03-15,2022-03-28,East,Imo,Business Expansion,MORTGAGE,< 1 year,50849,34.55,C,12.59,60,30200,25100.0,25100.0,Fully Paid,29855.46,2023-12-31
LN101351,CU21351,Donna Davis,2022-04-16,2022-05-04,South,Rivers,Debt Consolidation,MORTGAGE,8 years,28577,8.33,C,14.85,36,18600,17300.0,16000.0,Fully Paid,22884.44,2023-12-31
LN101352,CU21352,Amanda Rodriguez,2022-04-20,2022-04-28,North,Kano,Medical Expenses,OWN,3 years,40016,25.8,D,17.72,36,12100,11000.0,10200.0,Fully Paid,11825.77,2023-12-31
LN101353,CU21353,Paul Garcia,2022-11-12,2022-11-26,East,Imo,Small Business Startup,MORTGAGE,2 years,40153,21.98,B,11.48,36,12800,12800.0,12400.0,Fully Paid,16657.54,2023-12-31
LN101354,CU21354,Joseph Garcia,2023-06-25,2023-07-06,Central,Niger,Debt Consolidation,OWN,6 years,81834,23.86,B,11.16,36,20100,20100.0,20100.0,Fully Paid,25213.47,2023-12-31
LN101355,CU21355,Nancy Johnson,2021-02-25,2021-02-28,North,Kaduna,Agriculture,MORTGAGE,< 1 year,35488,24.38,C,14.59,36,21400,21100.0,21100.0,Fully Paid,26950.35,2023-12-24
LN101356,CU21356,Kenneth Nguyen,2022-01-25,2022-01-27,North,Kaduna,Debt Consolidation,RENT,1 year,73460,6.3,C,13.32,60,1200,1100.0,1000.0,Fully Paid,1402.0,2023-12-31
LN101357,CU21357,Mary Martinez,2023-02-16,2023-02-26,East,Imo,Business Expansion,MORTGAGE,1 year,66817,9.14,A,8.38,60,19400,16800.0,16800.0,Fully Paid,18068.6,2023-12-31
LN101358,CU21358,Elizabeth Hill,2022-08-12,2022-08-17,Central,Plateau,Medical Expenses,RENT,8 years,57568,16.05,B,11.73,36,10500,10500.0,10500.0,Current,5200.93,2023-11-29
LN101359,CU21359,Michelle Williams,2023-08-19,2023-08-21,East,Abia,Home Improvement,OWN,8 years,17079,29.08,C,13.3,36,10100,8500.0,8100.0,Fully Paid,8932.13,2023-12-31
LN101360,CU21360,Jessica Harris,2021-07-01,2021-07-14,East,Imo,Debt Consolidation,RENT,8 years,62522,11.2,B,9.83,36,17000,16200.0,14900.0,Fully Paid,17607.5,2023-12-31
LN101361,CU21361,Elizabeth Moore,2022-10-21,2022-10-27,Central,Niger,Car Purchase,RENT,10+ years,30278,13.84,E,18.2,60,8700,8600.0,8300.0,Fully Paid,9998.34,2023-12-31
LN101362,CU21362,Emily Williams,2023-04-13,2023-05-03,West,Lagos,Debt Consolidation,OWN,3 years,106286,19.75,A,7.23,60,7700,7600.0,7600.0,Fully Paid,10257.13,2023-12-31
LN101363,CU21363,Michelle King,2021-05-13,2021-05-26,South,Delta,Business Expansion,OWN,4 years,104132,27.21,D,17.41,36,7800,7000.0,7000.0,Fully Paid,8460.01,2023-12-31
LN101364,CU21364,Emily King,2022-06-14,2022-06-30,North,Sokoto,Small Business Startup,MORTGAGE,2 years,31458,7.93,B,10.64,60,12000,10100.0,9400.0,Fully Paid,11359.52,2023-12-31
LN101365,CU21365,Matthew Gonzalez,2023-03-30,2023-04-04,Central,Abuja FCT,Car Purchase,RENT,3 years,93445,10.79,A,6.46,36,16500,16500.0,15400.0,Fully Paid,20389.42,2023-12-31
LN101366,CU21366,George Hernandez,2023-04-15,2023-04-20,Central,Kogi,Business Expansion,RENT,2 years,120158,27.03,E,18.08,60,9600,8400.0,8200.0,Fully Paid,10647.58,2023-12-31
LN101367,CU21367,Margaret Wilson,2022-05-31,2022-06-10,North,Sokoto,Home Improvement,OWN,7 years,76908,26.6,D,17.62,60,8700,7400.0,7000.0,Fully Paid,9172.22,2023-12-31
LN101368,CU21368,Daniel White,2022-01-18,2022-01-29,East,Enugu,Debt Consolidation,RENT,3 years,94503,32.41,C,14.16,60,6400,5500.0,5500.0,Fully Paid,6083.48,2023-12-31
LN101369,CU21369,George Johnson,2023-02-12,2023-03-01,North,Katsina,Medical Expenses,RENT,6 years,90441,25.83,D,17.38,60,15500,14700.0,14200.0,Fully Paid,19027.92,2023-12-31
LN101370,CU21370,Mary Anderson,2022-05-10,2022-05-21,North,Sokoto,Home Improvement,MORTGAGE,8 years,29480,25.81,D,16.56,60,19000,14500.0,13700.0,Fully Paid,15809.0,2023-12-31
LN101371,CU21371,Brian Brown,2022-08-17,2022-08-25,East,Enugu,Debt Consolidation,MORTGAGE,10+ years,64753,6.03,A,6.17,60,30900,30900.0,30100.0,Fully Paid,34448.56,2023-12-31
LN101372,CU21372,Daniel Gonzalez,2022-10-08,2022-10-13,Central,Kogi,Debt Consolidation,MORTGAGE,1 year,36226,31.93,F,23.58,36,18600,17800.0,17700.0,Fully Paid,19170.91,2023-12-31
LN101373,CU21373,Joshua Robinson,2021-09-11,2021-09-19,Central,Plateau,Education,MORTGAGE,< 1 year,36244,22.74,B,10.82,36,6200,5300.0,4700.0,Fully Paid,6568.09,2023-12-31
LN101374,CU21374,Ashley Wilson,2022-10-24,2022-10-27,South,Bayelsa,Medical Expenses,OWN,< 1 year,45061,26.69,F,25.53,36,22100,17900.0,17300.0,Fully Paid,23725.36,2023-12-31
LN101375,CU21375,Edward Allen,2023-03-09,2023-03-27,West,Oyo,Small Business Startup,OWN,7 years,54016,7.8,B,11.88,60,12200,11100.0,10700.0,Fully Paid,13401.5,2023-12-31
LN101376,CU21376,James Lopez,2021-03-02,2021-03-06,South,Rivers,Debt Consolidation,MORTGAGE,1 year,44242,29.62,D,16.0,60,22300,19300.0,17700.0,Fully Paid,25114.69,2023-12-31
LN101377,CU21377,James Thomas,2023-08-26,2023-09-15,West,Oyo,Debt Consolidation,MORTGAGE,7 years,112633,27.14,C,12.79,60,4500,4400.0,4200.0,Current,243.92,2023-12-05
LN101378,CU21378,James Flores,2023-01-24,2023-01-27,South,Bayelsa,Business Expansion,MORTGAGE,5 years,57967,22.17,D,15.4,36,11500,8300.0,7600.0,Fully Paid,8891.57,2023-12-31
LN101379,CU21379,Kimberly Torres,2022-08-22,2022-09-02,East,Enugu,Debt Consolidation,OWN,3 years,46576,24.44,F,23.59,60,27800,22000.0,21300.0,Fully Paid,26971.28,2023-12-31
LN101380,CU21380,Anthony Gonzalez,2022-03-18,2022-03-26,South,Delta,Business Expansion,MORTGAGE,9 years,56976,7.75,B,10.52,36,19500,17800.0,17800.0,Fully Paid,20479.92,2023-12-31
LN101381,CU21381,Robert Garcia,2022-08-26,2022-09-07,East,Enugu,Car Purchase,OWN,8 years,36239,24.98,B,10.61,36,15700,15300.0,14700.0,Fully Paid,19636.1,2023-12-31
LN101382,CU21382,Jessica Young,2023-06-11,2023-06-15,West,Osun,Medical Expenses,MORTGAGE,< 1 year,19707,21.55,B,10.56,36,12800,12300.0,10300.0,Fully Paid,14488.84,2023-12-31
LN101383,CU21383,Mary Williams,2023-12-02,2023-12-03,South,Rivers,Debt Consolidation,OWN,5 years,56724,32.8,C,13.17,36,6700,5800.0,5600.0,Fully Paid,7281.74,2023-12-31
LN101384,CU21384,Christopher Wilson,2022-03-24,2022-04-10,North,Kano,Debt Consolidation,RENT,5 years,44042,7.73,B,10.07,60,5500,5500.0,5000.0,Fully Paid,6494.8,2023-12-31
LN101385,CU21385,Ashley Young,2022-03-08,2022-03-12,West,Ogun,Small Business Startup,MORTGAGE,4 years,37170,30.18,B,9.87,36,8400,8400.0,8100.0,Fully Paid,11078.83,2023-12-31
LN101386,CU21386,Kimberly Lewis,2022-09-04,,South,Akwa Ibom,Home Improvement,OWN,7 years,29038,31.17,F,25.45,36,15300,0.0,0.0,Rejected,0.0,
LN101387,CU21387,Anthony Williams,2023-02-06,2023-02-21,South,Delta,Home Improvement,MORTGAGE,1 year,50750,13.03,B,9.16,60,23400,20400.0,19200.0,Fully Paid,21530.49,2023-12-31
LN101388,CU21388,Patricia Allen,2022-08-16,2022-08-31,East,Enugu,Debt Consolidation,RENT,9 years,135406,33.67,B,9.55,36,1000,1000.0,1000.0,Fully Paid,1224.87,2023-12-31
LN101389,CU21389,Betty Hill,2023-02-09,2023-02-12,Central,Plateau,Business Expansion,MORTGAGE,4 years,108712,25.52,A,8.49,60,22300,22100.0,22100.0,Fully Paid,25164.48,2023-12-31
LN101390,CU21390,Lisa Nguyen,2021-10-28,2021-11-14,West,Ogun,Car Purchase,RENT,9 years,30501,8.77,C,12.31,36,20900,18200.0,18200.0,Fully Paid,22219.37,2023-12-31
LN101391,CU21391,Richard Lopez,2022-01-14,2022-01-27,South,Rivers,Debt Consolidation,OWN,4 years,27592,33.47,A,8.34,60,6300,6300.0,5700.0,Fully Paid,8430.59,2023-12-31
LN101392,CU21392,Anthony Flores,2021-11-14,2021-11-15,North,Katsina,Personal,RENT,10+ years,50533,5.53,B,9.35,60,23600,21100.0,21100.0,Fully Paid,23255.88,2023-12-31
LN101393,CU21393,Karen Scott,2022-10-30,2022-11-07,South,Delta,Debt Consolidation,MORTGAGE,10+ years,55416,20.96,E,20.41,60,23200,22500.0,22000.0,Fully Paid,27136.41,2023-12-31
LN101394,CU21394,Emily Johnson,2022-12-07,2022-12-26,East,Enugu,Personal,RENT,10+ years,75821,5.85,G,26.47,36,15000,15000.0,13400.0,Fully Paid,17286.03,2023-12-31
LN101395,CU21395,Elizabeth Sanchez,2021-10-28,2021-11-16,Central,Kogi,Debt Consolidation,RENT,10+ years,42619,16.07,C,12.8,60,18200,17700.0,16400.0,Fully Paid,20745.77,2023-12-31
LN101396,CU21396,Susan Smith,2023-05-23,2023-05-30,Central,Plateau,Education,OWN,10+ years,19900,28.42,C,14.49,36,25500,19300.0,19100.0,Fully Paid,22081.29,2023-12-31
LN101397,CU21397,Edward Davis,2022-07-01,2022-07-18,East,Anambra,Medical Expenses,RENT,8 years,36380,7.61,D,15.45,60,15700,13200.0,12300.0,Fully Paid,17420.02,2023-12-31
LN101398,CU21398,Mary Hernandez,2021-01-03,2021-01-23,West,Ogun,Home Improvement,OWN,10+ years,73180,9.13,C,14.56,60,24300,19400.0,19400.0,Fully Paid,25522.06,2023-12-31
LN101399,CU21399,Patricia Davis,2021-06-03,2021-06-04,West,Ogun,Business Expansion,OWN,10+ years,39523,4.01,D,15.58,60,19100,15300.0,15300.0,Charged Off,2036.6,2023-12-31
LN101400,CU21400,Patricia Flores,2022-08-24,2022-08-26,East,Enugu,Home Improvement,MORTGAGE,9 years,92679,32.57,C,12.22,60,10500,10100.0,9400.0,Fully Paid,12949.17,2023-12-31
LN101401,CU21401,Kenneth King,2023-04-23,2023-05-01,South,Bayelsa,Debt Consolidation,MORTGAGE,2 years,66746,33.18,C,12.15,60,12900,11700.0,10900.0,Fully Paid,13233.13,2023-12-31
LN101402,CU21402,Ashley Lewis,2023-03-12,2023-03-17,West,Oyo,Debt Consolidation,OWN,< 1 year,49793,33.03,B,11.14,60,21100,18700.0,18000.0,Fully Paid,23915.24,2023-12-31
LN101403,CU21403,Kevin Rodriguez,2022-12-07,2022-12-23,Central,Niger,Personal,OWN,8 years,45857,2.33,A,8.4,60,19000,15500.0,15500.0,Fully Paid,20567.37,2023-12-31
LN101404,CU21404,Andrew Hill,2021-02-16,2021-02-19,North,Sokoto,Debt Consolidation,RENT,8 years,69226,23.08,F,24.7,60,16100,15300.0,14800.0,Fully Paid,16975.84,2023-12-31
LN101405,CU21405,Joseph Garcia,2023-01-03,2023-01-07,South,Akwa Ibom,Medical Expenses,MORTGAGE,2 years,51775,20.11,E,18.81,60,17500,15400.0,14300.0,Fully Paid,20453.51,2023-12-31
LN101406,CU21406,James Wilson,2021-06-10,2021-06-18,South,Rivers,Business Expansion,MORTGAGE,2 years,30288,5.26,B,9.0,36,15800,11600.0,11600.0,Fully Paid,13008.15,2023-12-31
LN101407,CU21407,Kevin Lee,2023-10-13,2023-10-17,South,Bayelsa,Medical Expenses,MORTGAGE,9 years,115655,33.47,E,21.91,60,7200,7200.0,6600.0,Current,384.16,2023-11-19
LN101408,CU21408,Paul Jackson,2021-04-11,2021-04-13,East,Imo,Education,MORTGAGE,2 years,60863,19.1,G,29.46,60,13800,12800.0,12100.0,Charged Off,3811.77,2023-12-31
LN101409,CU21409,John Miller,2022-08-07,2022-08-11,West,Oyo,Home Improvement,OWN,3 years,37984,28.29,A,7.36,60,21500,18700.0,18100.0,Fully Paid,22631.76,2023-12-31
LN101410,CU21410,Elizabeth Robinson,2022-01-18,2022-02-03,West,Ogun,Medical Expenses,OWN,< 1 year,54022,20.5,C,14.5,36,17000,17000.0,16300.0,Fully Paid,20853.86,2023-12-31
LN101411,CU21411,Barbara Miller,2023-11-30,2023-12-16,South,Akwa Ibom,Debt Consolidation,RENT,2 years,52176,28.96,C,13.72,60,19000,18200.0,17600.0,Fully Paid,22859.81,2023-12-31
LN101412,CU21412,Joseph Ramirez,2021-08-24,2021-09-07,South,Delta,Debt Consolidation,MORTGAGE,2 years,50684,25.16,C,13.63,60,16600,14200.0,14200.0,Charged Off,3045.25,2023-12-31
LN101413,CU21413,Melissa Johnson,2023-04-05,2023-04-18,West,Osun,Debt Consolidation,MORTGAGE,1 year,40021,8.76,B,10.36,36,1000,900.0,900.0,Fully Paid,1079.05,2023-12-31
LN101414,CU21414,Betty King,2023-01-18,2023-01-24,South,Rivers,Medical Expenses,OWN,6 years,75352,32.0,B,10.62,36,16100,14600.0,13500.0,Current,4882.13,2023-12-11
LN101415,CU21415,Carol Hernandez,2023-01-20,2023-01-24,North,Katsina,Medical Expenses,OWN,5 years,61384,33.64,C,13.62,60,1000,800.0,700.0,Fully Paid,937.18,2023-12-31
LN101416,CU21416,George Jones,2021-05-29,2021-06-13,Central,Niger,Debt Consolidation,MORTGAGE,2 years,51832,20.64,A,6.98,60,7400,6200.0,6200.0,Fully Paid,8286.1,2023-12-31
LN101417,CU21417,Donna Wright,2023-05-31,2023-06-06,East,Anambra,Medical Expenses,MORTGAGE,9 years,34598,5.71,B,10.63,36,13200,12200.0,12200.0,Current,2313.5,2023-12-10
LN101418,CU21418,John Hill,2022-05-29,2022-06-18,South,Bayelsa,Wedding,MORTGAGE,4 years,69521,3.49,B,10.95,60,13600,13600.0,13600.0,Fully Paid,17280.53,2023-12-31
LN101419,CU21419,Emily Jones,2022-12-12,2022-12-14,North,Sokoto,Education,RENT,10+ years,42158,15.06,A,7.64,60,13900,11300.0,11100.0,Fully Paid,13361.36,2023-12-31
LN101420,CU21420,Barbara Thomas,2023-07-06,2023-07-07,Central,Plateau,Business Expansion,RENT,7 years,115886,29.78,B,9.59,36,20700,18300.0,18300.0,Fully Paid,21696.52,2023-12-31
LN101421,CU21421,Deborah Jones,2023-08-03,2023-08-21,Central,Abuja FCT,Home Improvement,RENT,9 years,47644,18.64,C,13.6,60,14400,13900.0,13000.0,Current,1013.35,2023-12-04
LN101422,CU21422,Steven Young,2022-10-18,2022-11-05,South,Delta,Education,MORTGAGE,9 years,44796,30.05,C,12.59,36,15000,12500.0,11800.0,Fully Paid,15091.45,2023-12-31
LN101423,CU21423,Dorothy Lopez,2021-04-17,2021-04-30,South,Akwa Ibom,Debt Consolidation,MORTGAGE,4 years,86906,18.65,C,14.65,60,16700,16300.0,15600.0,Fully Paid,20144.55,2023-12-31
LN101424,CU21424,Sandra Torres,2021-09-13,2021-09-24,North,Kaduna,Agriculture,OWN,4 years,53722,7.62,D,17.7,36,14700,14700.0,13300.0,Fully Paid,16618.3,2023-12-31
LN101425,CU21425,Kimberly Sanchez,2022-02-06,2022-02-12,West,Osun,Agriculture,OWN,5 years,56499,27.87,B,11.48,60,14600,14500.0,13700.0,Fully Paid,17982.68,2023-12-31
LN101426,CU21426,Carol Wright,2023-03-13,2023-03-24,Central,Kogi,Car Purchase,OWN,3 years,25585,10.93,A,7.64,36,14300,13700.0,13400.0,Fully Paid,15456.59,2023-12-31
LN101427,CU21427,Carol Lee,2023-09-17,2023-09-30,South,Akwa Ibom,Home Improvement,OWN,5 years,42059,6.89,D,16.17,36,13200,13100.0,11900.0,Fully Paid,14626.09,2023-12-31
LN101428,CU21428,Joseph Perez,2021-07-29,2021-08-10,Central,Kogi,Debt Consolidation,OWN,8 years,86061,17.96,C,12.32,60,11600,9500.0,8700.0,Fully Paid,12687.14,2023-12-31
LN101429,CU21429,Kimberly Taylor,2021-02-02,2021-02-11,West,Oyo,Debt Consolidation,MORTGAGE,5 years,43453,3.21,B,11.27,60,9300,8000.0,8000.0,Fully Paid,8865.98,2023-12-31
LN101430,CU21430,Michelle Davis,2021-08-20,2021-08-27,Central,Abuja FCT,Car Purchase,RENT,9 years,28244,33.64,C,13.45,36,11000,10400.0,9500.0,Fully Paid,13118.62,2023-12-31
LN101431,CU21431,Jessica Moore,2023-01-16,2023-01-26,North,Kaduna,Car Purchase,OWN,6 years,115299,15.9,B,9.92,60,18100,17400.0,17000.0,Fully Paid,19975.73,2023-12-31
LN101432,CU21432,Richard Miller,2023-01-20,2023-02-06,South,Delta,Home Improvement,MORTGAGE,3 years,37203,33.58,C,14.45,60,13100,11000.0,10200.0,Charged Off,5493.42,2023-12-31
LN101433,CU21433,Christopher Williams,2021-11-03,2021-11-06,North,Sokoto,Education,MORTGAGE,10+ years,30044,34.05,A,8.41,60,9500,9500.0,9200.0,Charged Off,2630.83,2023-12-31
LN101434,CU21434,Matthew Flores,2023-12-09,2023-12-25,Central,Abuja FCT,Debt Consolidation,RENT,8 years,32639,29.57,C,12.18,36,27300,26800.0,26100.0,Charged Off,7517.22,2023-12-31
LN101435,CU21435,Steven King,2023-04-04,2023-04-18,Central,Kogi,Small Business Startup,OWN,2 years,41099,8.16,C,14.81,60,1000,1000.0,1000.0,Charged Off,262.23,2023-12-31
LN101436,CU21436,Anthony Lewis,2022-07-27,2022-08-13,Central,Plateau,Business Expansion,RENT,2 years,47320,20.69,E,18.55,60,6000,4800.0,4800.0,Fully Paid,6106.75,2023-12-31
LN101437,CU21437,Sarah Wright,2023-01-15,2023-01-25,East,Abia,Medical Expenses,RENT,9 years,20922,12.76,A,6.86,36,14500,11100.0,10600.0,Fully Paid,14686.92,2023-12-31
LN101438,CU21438,Brian Ramirez,2021-10-06,2021-10-18,East,Enugu,Car Purchase,OWN,< 1 year,78904,12.23,E,18.17,60,2000,2000.0,1800.0,Fully Paid,2451.8,2023-12-31
LN101439,CU21439,Joseph Jones,2021-08-26,2021-09-06,South,Delta,Education,RENT,5 years,26180,16.21,B,9.21,36,16500,15200.0,15200.0,Fully Paid,16114.08,2023-12-31
LN101440,CU21440,Kenneth Ramirez,2021-07-25,2021-08-07,Central,Niger,Medical Expenses,RENT,4 years,41054,25.91,A,6.85,60,11900,10300.0,9300.0,Fully Paid,13889.86,2023-12-31
LN101441,CU21441,Elizabeth Young,2023-07-09,2023-07-23,South,Bayelsa,Business Expansion,MORTGAGE,7 years,77212,7.42,B,11.16,60,2900,2800.0,2800.0,Current,233.56,2023-12-08
LN101442,CU21442,Steven Hernandez,2022-03-05,2022-03-23,East,Imo,Home Improvement,OWN,8 years,47322,22.43,A,6.66,36,33400,33400.0,33400.0,Fully Paid,36130.73,2023-12-31
LN101443,CU21443,Richard Jones,2021-10-21,2021-10-23,South,Delta,Debt Consolidation,MORTGAGE,< 1 year,39506,16.72,A,7.88,36,28000,22200.0,22100.0,Fully Paid,23364.04,2023-12-31
LN101444,CU21444,Kimberly Thomas,2023-09-30,2023-10-12,West,Oyo,Debt Consolidation,OWN,3 years,29159,12.9,A,8.15,60,18100,15100.0,15100.0,Charged Off,2756.2,2023-12-31
LN101445,CU21445,Betty King,2021-12-29,2022-01-07,North,Katsina,Debt Consolidation,OWN,5 years,39370,10.8,A,7.44,60,1000,800.0,800.0,Fully Paid,927.16,2023-12-31
LN101446,CU21446,Sarah Walker,2021-11-13,2021-11-30,South,Bayelsa,Agriculture,MORTGAGE,< 1 year,52040,9.09,A,6.98,36,14400,13600.0,13500.0,Fully Paid,17767.91,2023-12-31
LN101447,CU21447,Sandra Harris,2021-07-29,2021-08-13,Central,Niger,Small Business Startup,RENT,< 1 year,61377,30.7,B,10.65,36,22100,22100.0,20600.0,Fully Paid,27484.14,2023-12-31
LN101448,CU21448,Robert Robinson,2023-06-27,2023-06-28,South,Delta,Home Improvement,MORTGAGE,3 years,72052,32.86,A,8.78,36,16500,15800.0,15200.0,Fully Paid,17407.86,2023-12-31
LN101449,CU21449,Andrew Flores,2021-12-17,2021-12-27,South,Bayelsa,Home Improvement,OWN,6 years,44734,14.48,D,17.4,36,24000,22500.0,20900.0,Fully Paid,27341.95,2023-12-31
LN101450,CU21450,David Lee,2022-02-21,2022-03-07,East,Anambra,Agriculture,RENT,8 years,68318,21.02,B,11.82,60,11600,11100.0,11100.0,Current,4512.48,2023-12-02
LN101451,CU21451,Melissa Young,2023-03-17,2023-03-26,South,Delta,Small Business Startup,RENT,3 years,84052,2.63,A,8.83,60,12700,10600.0,10600.0,Fully Paid,12966.8,2023-12-31
LN101452,CU21452,Deborah Young,2022-01-05,2022-01-06,Central,Abuja FCT,Medical Expenses,RENT,9 years,84896,29.83,C,14.47,60,12300,11600.0,10600.0,Current,4761.33,2023-12-27
LN101453,CU21453,David Brown,2023-08-18,2023-09-03,East,Anambra,Home Improvement,MORTGAGE,7 years,39847,5.03,B,11.16,36,14800,14800.0,14700.0,Fully Paid,19169.7,2023-12-31
LN101454,CU21454,Donna Scott,2021-09-25,2021-09-30,Central,Niger,Debt Consolidation,OWN,< 1 year,69292,5.09,C,14.44,36,30700,27400.0,24500.0,Fully Paid,32034.42,2023-12-31
LN101455,CU21455,George Brown,2021-12-21,2022-01-10,Central,Niger,Agriculture,OWN,< 1 year,41175,25.5,A,6.8,60,1700,1500.0,1400.0,Fully Paid,1883.71,2023-12-31
LN101456,CU21456,Kimberly Allen,2022-12-17,2023-01-03,Central,Plateau,Car Purchase,MORTGAGE,3 years,34747,23.66,B,11.08,60,26200,26100.0,23100.0,Fully Paid,29259.11,2023-12-31
LN101457,CU21457,Betty Brown,2021-02-05,2021-02-08,North,Kano,Education,RENT,4 years,71924,3.53,F,22.95,60,22300,22300.0,21500.0,Fully Paid,29136.19,2023-12-31
LN101458,CU21458,Christopher Davis,2022-12-12,2022-12-13,West,Lagos,Home Improvement,OWN,3 years,54190,10.03,B,11.62,36,23800,20900.0,20900.0,Fully Paid,25976.06,2023-12-31
LN101459,CU21459,Deborah Nguyen,2021-07-09,2021-07-11,East,Enugu,Education,RENT,3 years,45214,14.99,A,7.43,36,21200,16300.0,15200.0,Fully Paid,18075.07,2023-12-31
LN101460,CU21460,Andrew Clark,2022-03-07,2022-03-12,West,Lagos,Wedding,MORTGAGE,9 years,26483,12.04,E,20.0,36,23500,22900.0,21000.0,Fully Paid,28395.71,2023-12-31
LN101461,CU21461,Elizabeth Davis,2021-08-30,2021-09-01,South,Delta,Medical Expenses,MORTGAGE,7 years,61978,28.77,C,13.23,36,1000,900.0,800.0,Current,780.99,2023-11-18
LN101462,CU21462,Jennifer Davis,2023-04-05,2023-04-09,North,Katsina,Car Purchase,OWN,2 years,40939,18.99,A,8.74,36,13500,13500.0,13500.0,Fully Paid,14304.27,2023-12-31
LN101463,CU21463,George Perez,2022-05-25,2022-05-27,Central,Plateau,Business Expansion,OWN,9 years,43900,33.46,B,11.24,36,2900,2700.0,2700.0,Fully Paid,2990.88,2023-12-31
LN101464,CU21464,Nancy Wilson,2022-01-02,2022-01-19,Central,Abuja FCT,Wedding,RENT,10+ years,109237,17.9,B,11.63,60,15200,14800.0,13800.0,Current,6323.8,2023-12-13
LN101465,CU21465,Barbara Miller,2021-02-16,2021-02-27,North,Sokoto,Home Improvement,MORTGAGE,10+ years,40304,32.37,A,7.18,36,3200,3200.0,3200.0,Fully Paid,3913.37,2023-12-31
LN101466,CU21466,William Martinez,2023-02-09,2023-02-21,Central,Kogi,Home Improvement,OWN,< 1 year,18816,32.99,A,8.52,36,10900,9200.0,7400.0,Fully Paid,10625.93,2023-12-31
LN101467,CU21467,Robert Smith,2021-09-20,2021-09-24,South,Akwa Ibom,Debt Consolidation,MORTGAGE,9 years,96639,9.54,A,7.49,36,7000,5300.0,5100.0,Fully Paid,6286.44,2023-12-31
LN101468,CU21468,Sarah Gonzalez,2022-10-31,2022-11-07,West,Oyo,Debt Consolidation,MORTGAGE,5 years,68144,26.64,C,13.16,36,13500,10400.0,10000.0,Fully Paid,11729.19,2023-12-31
LN101469,CU21469,Melissa Martinez,2023-09-14,2023-09-30,North,Kano,Agriculture,OWN,6 years,17821,18.41,C,12.37,36,6000,6000.0,6000.0,Fully Paid,7190.74,2023-12-31
LN101470,CU21470,David Hill,2023-06-27,2023-07-11,Central,Abuja FCT,Business Expansion,MORTGAGE,1 year,65136,24.71,C,13.29,36,1000,1000.0,1000.0,Fully Paid,1087.94,2023-12-31
LN101471,CU21471,Kimberly Miller,2022-06-19,2022-06-27,East,Imo,Medical Expenses,OWN,10+ years,72794,19.15,C,13.9,36,25800,25800.0,25800.0,Fully Paid,33796.36,2023-12-31
LN101472,CU21472,Jessica Brown,2023-01-14,2023-01-26,North,Kaduna,Personal,RENT,7 years,90524,15.01,B,10.69,60,9100,9100.0,9100.0,Fully Paid,11703.07,2023-12-31
LN101473,CU21473,Robert White,2023-02-01,2023-02-10,West,Oyo,Business Expansion,RENT,6 years,22383,31.57,E,21.37,36,11400,10600.0,9200.0,Fully Paid,11468.43,2023-12-31
LN101474,CU21474,Thomas Robinson,2021-08-15,2021-09-01,West,Lagos,Agriculture,OWN,8 years,75067,12.4,C,12.18,36,15300,13400.0,13300.0,Current,10746.18,2023-12-05
LN101475,CU21475,Emily Anderson,2023-03-28,2023-04-14,North,Katsina,Medical Expenses,RENT,1 year,74513,18.19,G,27.96,60,9700,8100.0,7500.0,Charged Off,863.17,2023-11-29
LN101476,CU21476,George White,2021-10-31,2021-11-11,West,Lagos,Debt Consolidation,MORTGAGE,< 1 year,35113,25.49,F,25.47,36,15000,12600.0,12200.0,Fully Paid,14981.86,2023-12-31
LN101477,CU21477,Steven Williams,2021-07-28,2021-08-08,West,Osun,Education,OWN,< 1 year,29677,27.92,B,10.39,36,12800,11500.0,11300.0,Charged Off,1424.84,2022-06-28
LN101478,CU21478,Lisa King,2022-09-07,2022-09-08,East,Abia,Wedding,OWN,6 years,25761,4.79,B,9.52,36,28200,24400.0,22800.0,Charged Off,7748.17,2023-09-30
LN101479,CU21479,Paul King,2023-05-23,2023-05-24,East,Abia,Small Business Startup,MORTGAGE,6 years,38288,13.23,F,24.38,60,10200,9300.0,9300.0,Current,1176.34,2023-12-10
LN101480,CU21480,Richard Gonzalez,2021-11-17,,Central,Plateau,Debt Consolidation,RENT,4 years,72973,29.32,F,25.35,60,12000,0.0,0.0,Rejected,0.0,
LN101481,CU21481,Margaret Martinez,2021-05-12,2021-05-13,North,Sokoto,Medical Expenses,MORTGAGE,3 years,43176,34.76,D,17.49,60,10000,9900.0,9100.0,Charged Off,5840.12,2023-09-15
LN101482,CU21482,Anthony Ramirez,2022-11-08,2022-11-12,North,Sokoto,Home Improvement,MORTGAGE,9 years,33623,20.97,A,6.07,36,23000,20900.0,18900.0,Current,8213.47,2023-11-19
LN101483,CU21483,Sandra Davis,2021-02-10,2021-02-28,East,Enugu,Debt Consolidation,MORTGAGE,10+ years,47928,4.86,C,12.79,36,26800,25800.0,25400.0,Fully Paid,31362.75,2023-12-23
LN101484,CU21484,Amanda Torres,2022-10-08,2022-10-19,East,Enugu,Agriculture,OWN,10+ years,27068,28.5,D,17.99,36,26400,25700.0,25700.0,Fully Paid,27311.11,2023-12-31
LN101485,CU21485,Joshua Allen,2023-10-15,2023-10-23,North,Sokoto,Personal,RENT,9 years,26838,10.66,A,7.59,60,7900,6700.0,6600.0,Fully Paid,7434.31,2023-12-31
LN101486,CU21486,Mark Davis,2022-08-23,2022-08-28,West,Osun,Car Purchase,OWN,6 years,41961,10.34,B,11.72,36,25500,23600.0,23500.0,Fully Paid,26809.52,2023-12-31
LN101487,CU21487,Ashley Walker,2022-05-24,2022-05-30,Central,Kogi,Small Business Startup,OWN,2 years,48367,28.34,E,21.05,60,19200,16200.0,15000.0,Current,5660.1,2023-11-29
LN101488,CU21488,Kevin Nguyen,2021-08-22,2021-08-31,Central,Kogi,Debt Consolidation,MORTGAGE,7 years,30914,2.3,E,21.23,36,7600,6100.0,6100.0,Current,5051.02,2023-11-19
LN101489,CU21489,William Johnson,2021-04-15,2021-04-19,South,Bayelsa,Home Improvement,MORTGAGE,7 years,33668,7.79,C,14.46,36,17700,14000.0,13500.0,Current,12546.97,2023-12-21
LN101490,CU21490,Kevin Johnson,2021-06-21,2021-06-26,East,Enugu,Debt Consolidation,OWN,5 years,23618,17.47,A,8.05,60,6800,6800.0,6100.0,Fully Paid,7310.34,2023-12-31
LN101491,CU21491,Mary Wright,2023-11-07,2023-11-16,Central,Kogi,Personal,OWN,1 year,104981,6.23,E,21.88,60,12900,12000.0,11500.0,Fully Paid,13097.67,2023-12-31
LN101492,CU21492,Linda Lewis,2023-06-21,2023-07-09,East,Anambra,Debt Consolidation,MORTGAGE,5 years,28795,17.06,D,16.31,36,5700,5400.0,4900.0,Current,841.34,2023-12-15
LN101493,CU21493,Paul Williams,2022-10-18,2022-10-25,West,Osun,Personal,RENT,10+ years,66774,4.38,A,6.28,36,11800,11800.0,10500.0,Fully Paid,12691.35,2023-12-31
LN101494,CU21494,Betty Garcia,2023-11-13,2023-11-19,North,Kano,Home Improvement,RENT,10+ years,34108,31.2,B,11.45,60,22300,19400.0,19400.0,Fully Paid,22834.62,2023-12-31
LN101495,CU21495,Steven Martinez,2023-09-05,2023-09-24,West,Osun,Medical Expenses,MORTGAGE,10+ years,35888,23.22,C,12.15,36,23200,23100.0,22400.0,Fully Paid,29198.74,2023-12-31
LN101496,CU21496,Jennifer Nguyen,2022-12-28,2023-01-03,West,Lagos,Business Expansion,RENT,< 1 year,34916,33.38,D,16.48,36,1000,900.0,900.0,Fully Paid,1127.03,2023-12-31
LN101497,CU21497,Brian Scott,2022-11-14,,Central,Niger,Home Improvement,MORTGAGE,6 years,65242,27.23,F,23.42,60,6800,0.0,0.0,Rejected,0.0,
LN101498,CU21498,Donna Sanchez,2021-04-03,2021-04-23,South,Akwa Ibom,Small Business Startup,MORTGAGE,6 years,70687,24.99,C,14.11,60,7300,7200.0,6800.0,Fully Paid,8741.08,2023-12-31
LN101499,CU21499,Thomas Flores,2022-06-29,2022-07-14,West,Lagos,Medical Expenses,RENT,8 years,17083,32.42,E,19.25,36,17400,15400.0,15100.0,Charged Off,5858.42,2022-11-25
LN101500,CU21500,Matthew Martinez,2022-05-13,2022-05-14,South,Akwa Ibom,Agriculture,MORTGAGE,6 years,30244,26.64,C,12.83,36,20000,18200.0,18200.0,Fully Paid,22243.33,2023-12-31
LN101501,CU21501,Deborah Anderson,2023-12-27,2024-01-10,East,Abia,Debt Consolidation,MORTGAGE,8 years,37511,20.41,A,6.68,36,11600,11600.0,11300.0,Current,602.49,2023-12-01
LN101502,CU21502,Elizabeth King,2023-05-21,2023-05-31,West,Lagos,Debt Consolidation,OWN,9 years,53878,27.19,D,17.5,36,23700,20900.0,19500.0,Charged Off,12526.53,2023-10-23
LN101503,CU21503,Donna Thomas,2022-02-23,2022-03-11,East,Anambra,Debt Consolidation,MORTGAGE,6 years,53798,4.58,B,9.32,36,14000,10100.0,9600.0,Fully Paid,13315.16,2023-12-31
LN101504,CU21504,Barbara Thomas,2022-10-20,2022-10-21,North,Sokoto,Business Expansion,MORTGAGE,8 years,54254,13.57,C,12.28,60,19400,19000.0,19000.0,Fully Paid,22003.8,2023-12-31
LN101505,CU21505,Edward Martin,2022-06-21,2022-06-23,West,Ogun,Personal,OWN,9 years,51842,8.74,F,22.39,60,27800,26200.0,25600.0,Fully Paid,32988.53,2023-12-31
LN101506,CU21506,Mary Torres,2021-05-10,2021-05-27,West,Osun,Debt Consolidation,RENT,7 years,54237,12.96,C,14.69,36,8000,7300.0,7200.0,Current,6530.04,2023-11-27
LN101507,CU21507,Andrew Wright,2023-04-01,2023-04-04,North,Kaduna,Debt Consolidation,RENT,8 years,52773,8.25,B,9.44,60,9100,8100.0,8100.0,Fully Paid,9510.29,2023-12-31
LN101508,CU21508,Michael Anderson,2023-03-19,2023-04-08,East,Anambra,Education,MORTGAGE,6 years,45883,26.76,B,11.84,60,13500,13500.0,12000.0,Fully Paid,16675.5,2023-12-31
LN101509,CU21509,Jessica Nguyen,2022-10-01,2022-10-12,West,Osun,Education,MORTGAGE,6 years,71104,10.76,G,28.27,36,9000,8000.0,7400.0,Fully Paid,9026.93,2023-12-31
LN101510,CU21510,Kevin Brown,2021-10-04,2021-10-20,North,Kaduna,Debt Consolidation,MORTGAGE,9 years,27194,13.49,C,14.04,36,25200,22600.0,22400.0,Fully Paid,25400.57,2023-12-31
LN101511,CU21511,Matthew Williams,2021-05-25,2021-06-02,East,Enugu,Medical Expenses,RENT,1 year,35814,19.29,D,16.27,36,2000,1700.0,1600.0,Fully Paid,2059.29,2023-12-31
LN101512,CU21512,Emily Sanchez,2022-10-06,2022-10-10,South,Bayelsa,Debt Consolidation,OWN,6 years,44254,2.64,F,25.9,36,5600,5600.0,5600.0,Fully Paid,6316.64,2023-12-31
LN101513,CU21513,Joshua Brown,2021-01-16,2021-01-21,West,Osun,Home Improvement,OWN,< 1 year,88920,15.4,E,20.38,60,14700,14100.0,14100.0,Fully Paid,18913.49,2023-12-31
LN101514,CU21514,Barbara Brown,2023-02-08,2023-02-22,East,Abia,Agriculture,MORTGAGE,4 years,45466,12.71,G,29.14,60,10200,8300.0,8100.0,Fully Paid,8839.51,2023-12-31
LN101515,CU21515,Margaret Taylor,2022-09-29,2022-10-14,South,Rivers,Business Expansion,RENT,6 years,57924,21.57,F,25.46,60,7100,6100.0,5500.0,Fully Paid,8038.21,2023-12-31
LN101516,CU21516,Mark Martin,2022-01-29,,East,Anambra,Wedding,MORTGAGE,9 years,55217,9.09,G,26.12,36,13500,0.0,0.0,Rejected,0.0,
LN101517,CU21517,Jessica White,2023-02-20,2023-03-03,East,Abia,Car Purchase,OWN,10+ years,49751,33.57,B,9.55,60,11900,9200.0,9100.0,Fully Paid,9809.57,2023-12-31
LN101518,CU21518,Kenneth Perez,2022-04-14,2022-04-20,Central,Kogi,Personal,OWN,< 1 year,105540,31.54,D,17.08,60,23500,19700.0,18000.0,Fully Paid,21384.83,2023-12-31
LN101519,CU21519,Charles Lopez,2023-09-07,2023-09-12,West,Osun,Wedding,MORTGAGE,10+ years,24116,28.96,B,10.42,60,18200,17300.0,15200.0,Fully Paid,21347.89,2023-12-31
LN101520,CU21520,Mary Miller,2022-07-30,2022-08-17,North,Kano,Home Improvement,MORTGAGE,1 year,57187,4.09,B,9.28,60,5700,4600.0,4600.0,Fully Paid,5712.4,2023-12-31
LN101521,CU21521,James Wright,2023-08-30,2023-09-15,North,Kaduna,Car Purchase,MORTGAGE,8 years,35875,23.68,D,17.95,60,17700,13500.0,13500.0,Fully Paid,14692.8,2023-12-31
LN101522,CU21522,Jennifer Lopez,2023-06-29,2023-07-08,Central,Kogi,Home Improvement,OWN,4 years,42890,4.0,B,10.34,60,20200,20200.0,18600.0,Fully Paid,25079.88,2023-12-31
LN101523,CU21523,Robert Martinez,2021-04-20,2021-05-01,North,Kano,Education,OWN,8 years,136086,23.78,C,12.75,60,16500,14600.0,14500.0,Fully Paid,16844.25,2023-12-31
LN101524,CU21524,George Harris,2023-08-03,2023-08-15,Central,Abuja FCT,Agriculture,MORTGAGE,5 years,31057,7.59,B,11.92,36,20300,19100.0,19100.0,Fully Paid,25486.97,2023-12-31
LN101525,CU21525,Karen Rodriguez,2023-10-29,2023-10-31,North,Kano,Agriculture,RENT,4 years,41657,18.38,A,7.09,60,16400,14700.0,14200.0,Charged Off,8412.61,2023-12-31
LN101526,CU21526,Karen White,2022-11-25,2022-11-29,East,Abia,Business Expansion,MORTGAGE,2 years,52144,3.0,D,17.61,36,23000,22700.0,20100.0,Current,8435.21,2023-11-16
LN101527,CU21527,Mark Jackson,2021-06-23,2021-06-30,Central,Plateau,Debt Consolidation,RENT,7 years,43206,30.88,B,11.7,60,10100,7700.0,6900.0,Fully Paid,8762.92,2023-12-31
LN101528,CU21528,Carol Hernandez,2021-03-04,2021-03-07,West,Ogun,Personal,OWN,8 years,17271,22.7,B,10.62,36,9700,9700.0,9400.0,Fully Paid,11214.06,2023-12-31
LN101529,CU21529,Dorothy Wright,2023-03-04,2023-03-06,North,Kaduna,Debt Consolidation,OWN,< 1 year,60025,25.89,A,6.76,36,10300,10300.0,10100.0,Fully Paid,13887.48,2023-12-31
LN101530,CU21530,Christopher Wright,2022-07-01,2022-07-11,Central,Niger,Agriculture,MORTGAGE,3 years,58750,23.21,E,19.32,36,23800,23100.0,22000.0,Charged Off,12218.03,2023-12-31
LN101531,CU21531,Melissa Miller,2023-03-23,2023-04-06,Central,Abuja FCT,Business Expansion,RENT,7 years,47366,25.15,A,7.52,36,1700,1600.0,1600.0,Fully Paid,1762.68,2023-12-31
LN101532,CU21532,Thomas White,2023-05-26,2023-05-29,East,Imo,Education,OWN,8 years,130084,2.29,C,12.63,60,17400,16300.0,15700.0,Fully Paid,20144.56,2023-12-31
LN101533,CU21533,Amanda Scott,2022-10-19,2022-11-06,North,Kaduna,Small Business Startup,OWN,10+ years,46984,18.82,G,28.38,36,16500,14500.0,14500.0,Fully Paid,17410.18,2023-12-31
LN101534,CU21534,Thomas Wright,2023-12-17,2023-12-27,West,Osun,Debt Consolidation,MORTGAGE,2 years,41037,26.86,A,8.65,36,25400,23800.0,23000.0,Fully Paid,27235.54,2023-12-31
LN101535,CU21535,Brian Rodriguez,2022-07-16,2022-07-24,West,Lagos,Debt Consolidation,RENT,10+ years,85546,17.62,A,6.41,60,12900,12700.0,12300.0,Charged Off,1838.59,2023-12-31
LN101536,CU21536,Melissa Harris,2022-07-03,2022-07-22,East,Anambra,Business Expansion,OWN,3 years,20496,13.82,A,8.49,36,10600,9700.0,8700.0,Fully Paid,11702.46,2023-12-31
LN101537,CU21537,Andrew Miller,2023-10-21,2023-11-09,South,Rivers,Wedding,OWN,6 years,55626,24.75,C,14.76,36,21500,21500.0,20400.0,Current,1102.8,2023-11-29
LN101538,CU21538,Patricia Torres,2021-12-10,2021-12-11,Central,Niger,Agriculture,OWN,1 year,53637,10.09,D,15.13,36,20700,20700.0,20100.0,Current,14753.92,2023-12-31
LN101539,CU21539,Mary Jones,2023-08-03,2023-08-20,Central,Plateau,Debt Consolidation,RENT,6 years,128142,6.81,C,12.34,36,12300,10800.0,10100.0,Fully Paid,13273.85,2023-12-31
LN101540,CU21540,Emily Walker,2021-01-23,2021-02-04,West,Lagos,Business Expansion,MORTGAGE,1 year,35294,16.46,D,17.45,36,20900,20900.0,20900.0,Fully Paid,22527.74,2023-12-31
LN101541,CU21541,George Thomas,2022-10-16,2022-11-04,Central,Kogi,Personal,MORTGAGE,3 years,22089,11.8,E,20.56,36,5200,4300.0,4200.0,Fully Paid,4576.1,2023-12-31
LN101542,CU21542,Sarah Clark,2022-02-04,2022-02-08,Central,Niger,Personal,RENT,4 years,61539,17.1,B,10.23,60,7100,6400.0,5800.0,Charged Off,1275.38,2022-04-13
LN101543,CU21543,Sandra Sanchez,2023-01-28,2023-02-12,South,Rivers,Debt Consolidation,RENT,5 years,46322,10.97,B,11.86,60,6400,5800.0,5700.0,Fully Paid,6666.65,2023-12-31
LN101544,CU21544,Brian Williams,2023-03-10,2023-03-23,West,Osun,Home Improvement,RENT,4 years,48043,29.83,E,18.37,36,22300,20400.0,19000.0,Fully Paid,23250.44,2023-12-31
LN101545,CU21545,Amanda Garcia,2021-01-04,2021-01-24,South,Akwa Ibom,Personal,RENT,8 years,58176,27.1,D,15.97,60,20500,18900.0,18700.0,Fully Paid,25040.47,2023-12-31
LN101546,CU21546,Deborah Flores,2023-12-07,2023-12-21,West,Lagos,Car Purchase,MORTGAGE,< 1 year,56677,3.18,B,10.1,36,16100,13800.0,13100.0,Fully Paid,15327.53,2023-12-31
LN101547,CU21547,Elizabeth Harris,2021-11-23,2021-12-10,Central,Plateau,Agriculture,RENT,9 years,61600,14.08,E,19.84,36,23800,23800.0,23800.0,Current,17602.37,2023-11-26
LN101548,CU21548,Kimberly Torres,2023-12-20,2024-01-01,North,Katsina,Debt Consolidation,MORTGAGE,10+ years,50122,3.72,D,16.92,36,14400,12700.0,12300.0,Charged Off,6368.1,2023-12-31
LN101549,CU21549,Barbara White,2023-07-20,2023-07-25,West,Lagos,Debt Consolidation,RENT,< 1 year,43350,20.3,C,14.08,36,25800,25800.0,25700.0,Charged Off,3701.98,2023-12-31
LN101550,CU21550,Brian Thompson,2023-02-18,2023-03-09,West,Ogun,Medical Expenses,OWN,4 years,26909,22.49,D,17.93,36,15400,13300.0,13100.0,Fully Paid,14520.41,2023-12-31
LN101551,CU21551,Sandra White,2021-08-30,2021-09-04,East,Imo,Business Expansion,RENT,7 years,33267,34.86,D,16.37,36,15800,13400.0,13400.0,Fully Paid,15618.09,2023-12-31
LN101552,CU21552,Robert Miller,2022-07-29,2022-08-03,Central,Niger,Business Expansion,OWN,9 years,35223,16.01,B,11.14,60,16900,14000.0,12400.0,Fully Paid,15443.51,2023-12-31
LN101553,CU21553,Joshua Walker,2023-07-10,2023-07-19,East,Enugu,Small Business Startup,OWN,4 years,63782,31.26,C,14.16,60,15500,12700.0,12300.0,Fully Paid,13735.95,2023-12-31
LN101554,CU21554,Daniel Jackson,2021-04-03,2021-04-04,East,Abia,Business Expansion,RENT,6 years,56040,5.77,A,8.34,36,21800,21100.0,20200.0,Fully Paid,23050.92,2023-12-31
LN101555,CU21555,Lisa Young,2021-04-12,2021-04-26,North,Kaduna,Medical Expenses,OWN,10+ years,62089,32.19,B,10.2,60,1000,900.0,800.0,Fully Paid,959.27,2023-12-31
LN101556,CU21556,Susan Rodriguez,2021-12-30,2022-01-08,East,Abia,Business Expansion,MORTGAGE,2 years,45817,29.56,A,8.76,60,9900,9400.0,9400.0,Charged Off,1358.11,2023-12-31
LN101557,CU21557,Dorothy King,2022-06-21,2022-07-05,South,Delta,Debt Consolidation,MORTGAGE,7 years,34655,27.28,A,6.72,36,27200,23500.0,23500.0,Current,13409.57,2023-11-27
LN101558,CU21558,Deborah White,2021-05-15,2021-05-18,North,Katsina,Small Business Startup,OWN,5 years,42490,19.3,A,8.83,36,14700,13200.0,13200.0,Current,12000.59,2023-12-31
LN101559,CU21559,Michelle Lopez,2021-06-26,2021-07-08,West,Lagos,Small Business Startup,RENT,2 years,44163,15.01,C,13.28,36,12300,10000.0,10000.0,Fully Paid,12950.82,2023-12-31
LN101560,CU21560,Mark Brown,2022-02-13,2022-03-04,Central,Niger,Business Expansion,OWN,< 1 year,48200,33.08,D,16.39,60,12800,9500.0,9200.0,Fully Paid,10016.91,2023-12-31
LN101561,CU21561,Thomas Garcia,2022-11-02,2022-11-21,Central,Kogi,Business Expansion,MORTGAGE,4 years,45061,19.28,B,9.68,36,25200,23000.0,22700.0,Fully Paid,27001.11,2023-12-31
LN101562,CU21562,Andrew Wilson,2021-09-27,2021-10-01,West,Oyo,Home Improvement,MORTGAGE,4 years,30384,12.79,E,19.12,60,22700,19800.0,18400.0,Fully Paid,25142.25,2023-12-31
LN101563,CU21563,George Allen,2022-02-19,2022-02-21,South,Bayelsa,Business Expansion,RENT,8 years,147055,20.7,B,9.25,36,19900,19900.0,19700.0,Fully Paid,21166.06,2023-12-31
LN101564,CU21564,Deborah Scott,2022-03-31,2022-04-07,Central,Plateau,Agriculture,MORTGAGE,2 years,39143,15.43,B,9.21,60,40000,35800.0,34900.0,Fully Paid,46006.63,2023-12-31
LN101565,CU21565,Lisa Lewis,2022-11-22,2022-12-01,East,Anambra,Car Purchase,OWN,6 years,87476,16.89,A,7.59,60,14000,13300.0,12100.0,Fully Paid,15702.33,2023-12-31
LN101566,CU21566,Margaret Lewis,2022-05-30,2022-06-05,South,Delta,Small Business Startup,RENT,8 years,41884,30.13,C,13.51,60,4800,4400.0,4300.0,Fully Paid,4920.76,2023-12-31
LN101567,CU21567,Kenneth Martin,2021-04-08,2021-04-17,West,Ogun,Debt Consolidation,RENT,5 years,37542,17.26,B,9.16,60,14800,13100.0,12900.0,Fully Paid,15301.35,2023-12-31
LN101568,CU21568,Michelle Perez,2023-01-16,2023-01-17,East,Enugu,Debt Consolidation,RENT,2 years,28170,34.83,D,15.62,36,16800,16800.0,16200.0,Fully Paid,20365.84,2023-12-31
LN101569,CU21569,Deborah Lee,2023-10-08,2023-10-16,North,Kaduna,Small Business Startup,MORTGAGE,4 years,39578,4.94,G,28.92,36,9700,8300.0,8200.0,Charged Off,1175.84,2023-12-31
LN101570,CU21570,Sandra Allen,2021-02-09,2021-02-22,West,Lagos,Medical Expenses,OWN,5 years,61675,25.39,C,14.42,60,23800,23800.0,23800.0,Charged Off,10742.1,2022-03-03
LN101571,CU21571,Kenneth Johnson,2022-04-24,2022-04-30,West,Oyo,Education,RENT,4 years,36287,27.66,E,20.79,36,3800,3500.0,3200.0,Fully Paid,4612.62,2023-12-31
LN101572,CU21572,William Lopez,2023-01-02,2023-01-04,West,Oyo,Agriculture,OWN,< 1 year,25508,19.03,C,12.47,60,5200,4400.0,4300.0,Charged Off,684.19,2023-12-31
LN101573,CU21573,George Lopez,2023-06-21,2023-07-01,East,Imo,Agriculture,MORTGAGE,9 years,64102,21.89,D,16.02,60,7400,6300.0,6300.0,Charged Off,3259.47,2023-12-31
LN101574,CU21574,Edward Lewis,2023-08-08,2023-08-27,South,Delta,Medical Expenses,MORTGAGE,8 years,34901,27.36,C,12.15,60,20000,17400.0,17400.0,Fully Paid,21631.23,2023-12-31
LN101575,CU21575,Joseph Jones,2023-03-16,2023-03-17,North,Kaduna,Agriculture,RENT,10+ years,53302,9.21,C,13.87,60,25400,24800.0,23800.0,Fully Paid,32715.63,2023-12-31
LN101576,CU21576,James Moore,2021-03-06,2021-03-09,East,Anambra,Agriculture,OWN,6 years,115554,24.59,D,15.14,60,18400,17600.0,15300.0,Charged Off,4399.05,2021-10-17
LN101577,CU21577,Joseph Perez,2023-01-06,2023-01-11,Central,Niger,Debt Consolidation,RENT,3 years,52946,23.41,C,14.73,60,5900,4300.0,4100.0,Charged Off,1264.03,2023-04-19
LN101578,CU21578,Patricia Clark,2021-02-09,2021-02-12,West,Lagos,Debt Consolidation,RENT,9 years,60693,27.25,A,7.29,36,22900,20300.0,19700.0,Fully Paid,25682.31,2023-12-29
LN101579,CU21579,Thomas Williams,2023-10-23,2023-10-30,South,Bayelsa,Car Purchase,RENT,10+ years,38491,13.4,A,6.38,36,18700,16600.0,16500.0,Fully Paid,18869.1,2023-12-31
LN101580,CU21580,Brian White,2021-01-06,2021-01-17,South,Rivers,Medical Expenses,RENT,7 years,38693,11.98,A,7.38,36,12500,12100.0,11000.0,Fully Paid,13496.22,2023-11-23
LN101581,CU21581,Daniel Smith,2022-03-12,2022-03-18,North,Katsina,Personal,RENT,5 years,140064,32.17,A,6.77,60,25400,24200.0,21400.0,Fully Paid,28745.09,2023-12-31
LN101582,CU21582,Barbara Nguyen,2021-11-03,2021-11-06,North,Kano,Debt Consolidation,OWN,3 years,44542,3.74,B,9.92,36,1000,800.0,800.0,Charged Off,394.98,2023-07-14
LN101583,CU21583,John Clark,2022-05-16,2022-06-02,North,Sokoto,Small Business Startup,OWN,10+ years,38371,22.25,E,21.06,60,6400,5500.0,5400.0,Fully Paid,5798.01,2023-12-31
LN101584,CU21584,Linda Garcia,2023-06-29,2023-07-09,West,Osun,Agriculture,OWN,2 years,45140,19.17,C,13.85,36,18800,16700.0,16200.0,Fully Paid,19210.9,2023-12-31
LN101585,CU21585,Sandra Perez,2022-10-25,2022-11-04,Central,Plateau,Debt Consolidation,MORTGAGE,2 years,41888,31.4,E,18.35,60,22200,21100.0,19500.0,Current,4957.62,2023-12-16
LN101586,CU21586,Anthony Lopez,2023-07-27,2023-08-05,North,Kano,Business Expansion,RENT,5 years,45191,20.18,C,13.56,36,9100,9100.0,9100.0,Fully Paid,10819.99,2023-12-31
LN101587,CU21587,Brian Hill,2023-07-01,2023-07-09,South,Rivers,Business Expansion,OWN,1 year,146061,25.88,D,17.4,36,17900,15900.0,15900.0,Fully Paid,19321.99,2023-12-31
LN101588,CU21588,Richard Ramirez,2021-12-17,,South,Rivers,Business Expansion,OWN,5 years,45618,34.39,C,14.72,36,27100,0.0,0.0,Rejected,0.0,
LN101589,CU21589,Kimberly Torres,2023-01-20,2023-02-06,West,Lagos,Agriculture,MORTGAGE,1 year,82136,31.56,D,16.3,36,14500,14500.0,14500.0,Fully Paid,17554.56,2023-12-31
LN101590,CU21590,Emily Scott,2023-08-08,2023-08-21,North,Sokoto,Education,MORTGAGE,7 years,71740,32.56,A,6.5,36,1000,1000.0,1000.0,Fully Paid,1063.34,2023-12-31
LN101591,CU21591,Edward Perez,2022-03-19,2022-04-05,South,Bayelsa,Debt Consolidation,OWN,8 years,32964,15.41,E,21.92,36,10300,9900.0,9900.0,Fully Paid,11819.39,2023-12-31
LN101592,CU21592,Steven Moore,2021-04-20,2021-04-26,East,Imo,Personal,MORTGAGE,1 year,75856,18.03,B,11.99,36,2100,1700.0,1700.0,Fully Paid,2028.15,2023-12-31
LN101593,CU21593,Patricia Lopez,2022-08-27,2022-09-01,Central,Niger,Business Expansion,MORTGAGE,2 years,49390,13.06,B,10.88,36,12100,9700.0,9400.0,Fully Paid,10637.47,2023-12-31
LN101594,CU21594,Jennifer Moore,2022-07-25,2022-07-28,East,Abia,Car Purchase,MORTGAGE,3 years,29801,28.52,C,14.19,36,23900,21400.0,21400.0,Fully Paid,28591.38,2023-12-31
LN101595,CU21595,Andrew Hill,2021-09-17,2021-09-19,South,Rivers,Car Purchase,MORTGAGE,10+ years,95583,7.77,B,11.2,36,11200,9700.0,8800.0,Fully Paid,13032.95,2023-12-31
LN101596,CU21596,Amanda Martinez,2021-09-25,2021-09-29,South,Delta,Medical Expenses,MORTGAGE,7 years,36541,27.96,D,16.49,36,1700,1600.0,1600.0,Current,1329.21,2023-12-29
LN101597,CU21597,Deborah Rodriguez,2023-05-06,2023-05-13,Central,Abuja FCT,Car Purchase,RENT,< 1 year,81379,18.63,A,7.22,60,14200,14200.0,13400.0,Charged Off,8408.96,2023-10-07
LN101598,CU21598,Daniel Hill,2023-07-25,2023-08-14,South,Bayelsa,Medical Expenses,RENT,5 years,69611,24.78,A,7.19,36,8200,7400.0,6800.0,Fully Paid,8063.08,2023-12-31
LN101599,CU21599,Carol Johnson,2023-05-02,2023-05-18,South,Rivers,Debt Consolidation,MORTGAGE,10+ years,93456,27.55,B,11.93,36,9400,8700.0,8500.0,Fully Paid,11393.14,2023-12-31
LN101600,CU21600,David Nguyen,2021-09-02,2021-09-05,Central,Niger,Debt Consolidation,OWN,4 years,60303,8.61,E,18.99,60,6800,6800.0,6500.0,Fully Paid,7939.44,2023-12-31
LN101601,CU21601,Andrew Garcia,2023-05-10,2023-05-23,South,Rivers,Business Expansion,RENT,< 1 year,42066,5.06,A,7.5,60,30600,26300.0,24100.0,Fully Paid,30523.05,2023-12-31
LN101602,CU21602,Anthony Sanchez,2023-02-24,2023-03-15,West,Lagos,Debt Consolidation,OWN,6 years,44267,8.77,A,8.79,36,22000,21000.0,17200.0,Fully Paid,24530.41,2023-12-31
LN101603,CU21603,Patricia Martin,2022-06-06,2022-06-19,Central,Kogi,Debt Consolidation,RENT,10+ years,56100,26.41,A,6.11,60,1800,1800.0,1800.0,Fully Paid,2259.82,2023-12-31
LN101604,CU21604,Deborah Gonzalez,2022-12-06,2022-12-12,South,Bayelsa,Business Expansion,OWN,4 years,41435,18.93,D,16.94,60,18300,16900.0,16900.0,Fully Paid,18401.44,2023-12-31
LN101605,CU21605,Matthew Rodriguez,2021-07-01,2021-07-06,West,Lagos,Education,RENT,2 years,47499,6.21,B,9.77,60,20800,18800.0,18800.0,Fully Paid,23907.08,2023-12-31
LN101606,CU21606,Dorothy Scott,2021-11-06,2021-11-24,East,Imo,Home Improvement,OWN,10+ years,51731,33.14,A,7.54,36,19600,19600.0,18400.0,Fully Paid,26160.96,2023-12-31
LN101607,CU21607,Carol Flores,2021-10-30,2021-11-19,North,Katsina,Business Expansion,MORTGAGE,3 years,41924,6.54,B,11.17,36,8300,6200.0,6200.0,Fully Paid,7217.3,2023-12-31
LN101608,CU21608,Richard Scott,2021-10-02,2021-10-14,East,Anambra,Debt Consolidation,MORTGAGE,4 years,22349,12.97,D,17.84,36,27800,22100.0,22100.0,Fully Paid,25622.77,2023-12-31
LN101609,CU21609,Joseph Thomas,2021-03-13,2021-03-30,East,Anambra,Education,MORTGAGE,3 years,88904,16.24,D,15.23,60,10600,8300.0,7400.0,Fully Paid,8784.69,2023-12-31
LN101610,CU21610,Sarah White,2022-07-05,2022-07-24,West,Osun,Debt Consolidation,RENT,5 years,48248,20.44,A,8.39,60,3600,3600.0,3600.0,Fully Paid,4558.2,2023-12-31
LN101611,CU21611,George Perez,2022-05-07,2022-05-20,South,Akwa Ibom,Home Improvement,RENT,5 years,43136,28.18,B,10.69,60,27500,27500.0,24600.0,Fully Paid,34882.1,2023-12-31
LN101612,CU21612,Steven Harris,2022-03-04,2022-03-14,North,Katsina,Business Expansion,RENT,2 years,60062,23.48,D,15.24,60,6100,6100.0,5900.0,Fully Paid,7384.94,2023-12-31
LN101613,CU21613,James Torres,2023-11-07,2023-11-27,East,Imo,Education,OWN,5 years,38263,10.51,A,6.56,60,10100,10100.0,10100.0,Current,564.58,2023-12-08
LN101614,CU21614,Andrew Harris,2023-07-04,2023-07-05,West,Oyo,Agriculture,OWN,1 year,46986,25.32,C,14.56,36,19800,19400.0,18300.0,Fully Paid,26078.47,2023-12-31
LN101615,CU21615,Jessica White,2022-06-29,2022-07-01,Central,Abuja FCT,Debt Consolidation,OWN,6 years,78029,18.09,D,15.37,60,4500,3700.0,3600.0,Fully Paid,4943.56,2023-12-31
LN101616,CU21616,Paul Nguyen,2021-11-19,2021-11-29,South,Delta,Wedding,RENT,1 year,68242,17.57,B,9.9,60,13100,11600.0,11300.0,Fully Paid,14997.38,2023-12-31
LN101617,CU21617,Andrew Clark,2022-04-08,2022-04-26,South,Bayelsa,Debt Consolidation,OWN,10+ years,64890,6.73,C,14.71,36,28100,24100.0,24100.0,Fully Paid,30589.19,2023-12-31
LN101618,CU21618,Kimberly Thompson,2021-09-04,2021-09-07,South,Delta,Wedding,OWN,5 years,48738,31.38,A,8.19,60,28400,27100.0,25100.0,Fully Paid,32983.26,2023-12-31
LN101619,CU21619,David Wilson,2021-12-27,2022-01-05,East,Imo,Home Improvement,RENT,8 years,44906,5.3,B,11.39,60,12600,11900.0,11900.0,Fully Paid,14817.24,2023-12-31
LN101620,CU21620,Ashley Brown,2022-02-02,2022-02-19,North,Katsina,Debt Consolidation,MORTGAGE,2 years,26935,19.26,F,25.48,36,14000,12700.0,11900.0,Fully Paid,14635.88,2023-12-31
LN101621,CU21621,Elizabeth Anderson,2023-07-17,2023-07-31,West,Osun,Car Purchase,OWN,9 years,32509,10.08,C,13.29,60,12800,10700.0,9800.0,Current,954.27,2023-12-24
LN101622,CU21622,Sarah Brown,2021-11-09,2021-11-20,North,Sokoto,Medical Expenses,RENT,8 years,36187,15.2,C,12.19,60,13100,12600.0,11100.0,Fully Paid,15718.32,2023-12-31
LN101623,CU21623,John Johnson,2021-12-31,2022-01-11,South,Bayelsa,Car Purchase,MORTGAGE,2 years,35941,8.15,A,6.2,36,14600,13600.0,13600.0,Fully Paid,17734.46,2023-12-31
LN101624,CU21624,Linda Ramirez,2022-04-10,2022-04-23,North,Sokoto,Debt Consolidation,MORTGAGE,1 year,22937,26.56,D,17.31,36,19600,19200.0,18900.0,Fully Paid,23774.67,2023-12-31
LN101625,CU21625,Ashley Hernandez,2021-09-07,2021-09-12,North,Kano,Debt Consolidation,OWN,6 years,39198,18.95,C,13.87,60,15600,14900.0,14900.0,Fully Paid,17391.72,2023-12-31
LN101626,CU21626,George Johnson,2023-09-20,2023-10-10,Central,Niger,Business Expansion,OWN,5 years,26720,13.3,E,18.51,60,12000,11800.0,11100.0,Fully Paid,15552.11,2023-12-31
LN101627,CU21627,Carol Wilson,2021-12-13,,South,Delta,Car Purchase,OWN,10+ years,36735,25.06,G,28.77,60,28300,0.0,0.0,Rejected,0.0,
LN101628,CU21628,Joseph Flores,2021-01-03,2021-01-15,South,Delta,Agriculture,RENT,5 years,36637,8.96,F,25.41,36,31100,30000.0,26900.0,Fully Paid,33539.73,2023-12-04
LN101629,CU21629,Jennifer Allen,2023-08-20,2023-08-22,East,Enugu,Home Improvement,RENT,1 year,86970,16.83,B,11.72,60,1000,900.0,900.0,Fully Paid,1050.05,2023-12-31
LN101630,CU21630,Linda Allen,2023-02-20,2023-02-25,South,Delta,Wedding,OWN,1 year,27148,5.58,A,6.04,36,8300,7600.0,7400.0,Fully Paid,8787.62,2023-12-31
LN101631,CU21631,Emily Anderson,2021-07-03,2021-07-12,Central,Niger,Home Improvement,RENT,10+ years,33816,5.88,B,11.38,60,15400,13400.0,12800.0,Fully Paid,15108.25,2023-12-31
LN101632,CU21632,Donald Gonzalez,2022-06-22,2022-06-27,East,Abia,Car Purchase,OWN,2 years,49201,18.86,B,9.63,36,17100,14400.0,13400.0,Current,7374.3,2023-11-16
LN101633,CU21633,Steven Johnson,2022-06-04,2022-06-10,North,Sokoto,Home Improvement,OWN,5 years,53721,23.02,B,10.68,36,3700,3700.0,3600.0,Current,2115.94,2023-12-06
LN101634,CU21634,Patricia Harris,2022-03-09,2022-03-17,South,Akwa Ibom,Business Expansion,RENT,10+ years,26226,27.2,D,15.15,60,15600,15600.0,15600.0,Fully Paid,19353.82,2023-12-31
LN101635,CU21635,Donald Thomas,2023-12-25,2024-01-03,North,Kaduna,Agriculture,OWN,4 years,38749,30.57,A,7.19,60,3400,3000.0,3000.0,Current,155.32,2023-11-30
LN101636,CU21636,Kevin Lee,2021-09-07,2021-09-10,South,Akwa Ibom,Business Expansion,MORTGAGE,8 years,53808,17.11,A,6.97,36,24400,21800.0,21100.0,Fully Paid,25410.3,2023-12-31
LN101637,CU21637,Kevin Brown,2023-03-29,2023-04-10,Central,Kogi,Personal,OWN,9 years,64517,7.14,C,14.48,60,14700,12900.0,12900.0,Fully Paid,14759.53,2023-12-31
LN101638,CU21638,Donald Williams,2022-05-30,2022-06-11,East,Imo,Home Improvement,MORTGAGE,1 year,36679,19.06,A,8.4,36,19900,19300.0,18900.0,Current,11064.72,2023-12-14
LN101639,CU21639,Robert Jones,2022-11-07,2022-11-26,Central,Kogi,Wedding,RENT,4 years,62690,24.08,A,6.05,36,24300,24300.0,24300.0,Fully Paid,29833.78,2023-12-31
LN101640,CU21640,Donna Lee,2023-01-03,2023-01-08,West,Osun,Home Improvement,OWN,< 1 year,38383,22.35,A,7.43,36,14000,14000.0,13100.0,Charged Off,2581.09,2023-07-19
LN101641,CU21641,Kevin Smith,2021-07-16,2021-07-19,North,Katsina,Business Expansion,OWN,10+ years,107006,13.75,C,12.27,60,6400,4700.0,4700.0,Fully Paid,5740.92,2023-12-31
LN101642,CU21642,Amanda Ramirez,2023-08-06,2023-08-08,Central,Plateau,Small Business Startup,MORTGAGE,9 years,79293,34.93,D,16.94,60,23100,23100.0,23100.0,Fully Paid,27880.91,2023-12-31
LN101643,CU21643,Robert Hernandez,2023-09-18,2023-09-23,West,Osun,Home Improvement,OWN,1 year,45444,22.64,D,17.39,36,16900,15400.0,15400.0,Fully Paid,17969.04,2023-12-31
LN101644,CU21644,Mary Robinson,2023-05-11,2023-05-30,East,Abia,Debt Consolidation,RENT,3 years,28755,32.73,C,14.52,36,17800,17100.0,17100.0,Fully Paid,21537.19,2023-12-31
LN101645,CU21645,Richard Davis,2023-02-22,2023-02-28,Central,Abuja FCT,Wedding,RENT,4 years,55955,23.26,D,15.57,60,3000,2800.0,2700.0,Fully Paid,3061.57,2023-12-31
LN101646,CU21646,Linda Nguyen,2021-02-18,2021-02-28,North,Sokoto,Car Purchase,RENT,7 years,66132,29.55,C,14.42,60,8500,7300.0,7300.0,Fully Paid,8663.85,2023-12-31
LN101647,CU21647,Charles Walker,2021-01-03,2021-01-16,North,Kaduna,Home Improvement,OWN,6 years,69959,15.04,A,8.9,60,19200,18200.0,18200.0,Fully Paid,22084.37,2023-12-31
LN101648,CU21648,Margaret Young,2023-07-07,2023-07-21,West,Oyo,Small Business Startup,MORTGAGE,7 years,45311,27.25,B,11.77,36,20700,16300.0,15100.0,Fully Paid,19000.86,2023-12-31
LN101649,CU21649,Margaret Williams,2021-03-09,2021-03-17,East,Imo,Agriculture,OWN,6 years,45823,2.13,A,6.73,60,23900,21200.0,21200.0,Fully Paid,22499.36,2023-12-31
LN101650,CU21650,Matthew Moore,2022-01-17,2022-01-22,Central,Plateau,Business Expansion,RENT,7 years,78195,23.65,A,6.24,60,18900,16700.0,16600.0,Fully Paid,19439.59,2023-12-31
LN101651,CU21651,Susan Brown,2021-01-17,2021-02-03,East,Abia,Agriculture,OWN,5 years,52910,9.64,B,10.05,36,18900,14900.0,14000.0,Current,15033.02,2023-12-18
LN101652,CU21652,Margaret Martin,2022-10-06,2022-10-26,South,Rivers,Wedding,MORTGAGE,4 years,71935,16.11,F,25.66,60,24400,24400.0,24100.0,Fully Paid,32373.46,2023-12-31
LN101653,CU21653,Kevin Ramirez,2022-11-08,2022-11-17,South,Akwa Ibom,Medical Expenses,RENT,4 years,41260,32.77,A,8.24,60,18500,15700.0,14500.0,Fully Paid,20213.94,2023-12-31
LN101654,CU21654,Michelle Davis,2022-05-12,2022-05-22,West,Ogun,Home Improvement,MORTGAGE,4 years,29149,20.37,D,15.83,60,12200,12200.0,12200.0,Fully Paid,16034.16,2023-12-31
LN101655,CU21655,Anthony Taylor,2021-10-27,2021-11-01,North,Kano,Debt Consolidation,OWN,< 1 year,18153,12.63,B,10.78,60,12900,12600.0,12400.0,Fully Paid,15033.17,2023-12-31
LN101656,CU21656,Susan Torres,2021-07-24,2021-08-12,Central,Kogi,Education,OWN,2 years,52733,4.27,C,12.31,36,11700,11000.0,10700.0,Fully Paid,11751.97,2023-12-31
LN101657,CU21657,Linda Walker,2022-11-01,2022-11-15,North,Katsina,Medical Expenses,RENT,8 years,35930,28.32,D,16.04,60,14300,11800.0,10900.0,Fully Paid,14063.07,2023-12-31
LN101658,CU21658,William Rodriguez,2021-01-21,2021-01-31,North,Kano,Business Expansion,OWN,4 years,136906,12.28,C,12.83,60,1000,800.0,800.0,Fully Paid,855.38,2023-12-31
LN101659,CU21659,Michelle Anderson,2021-02-26,2021-03-05,Central,Abuja FCT,Personal,OWN,5 years,46767,30.59,C,12.32,36,3800,3600.0,3400.0,Fully Paid,4278.39,2023-12-26
LN101660,CU21660,Betty Thompson,2022-01-25,2022-01-26,Central,Plateau,Home Improvement,RENT,9 years,81610,23.07,E,19.35,60,17100,16700.0,16600.0,Fully Paid,19690.52,2023-12-31
LN101661,CU21661,Jennifer Torres,2021-05-21,2021-05-30,Central,Niger,Debt Consolidation,RENT,5 years,36449,18.78,D,16.66,36,16400,14600.0,14600.0,Fully Paid,17066.88,2023-12-31
LN101662,CU21662,Jennifer Jones,2021-04-09,2021-04-23,South,Akwa Ibom,Debt Consolidation,OWN,4 years,50406,8.98,C,14.67,36,26800,26400.0,26400.0,Current,25827.7,2023-12-23
LN101663,CU21663,John Thomas,2023-07-26,2023-07-30,South,Akwa Ibom,Agriculture,RENT,2 years,87925,18.45,A,6.8,36,6300,5100.0,4500.0,Charged Off,1101.58,2023-12-31
LN101664,CU21664,Amanda Nguyen,2021-02-27,2021-03-04,West,Osun,Wedding,OWN,8 years,25664,2.87,B,11.37,60,15400,14900.0,14300.0,Fully Paid,16899.19,2023-12-31
LN101665,CU21665,Donna Brown,2023-09-25,2023-10-02,South,Rivers,Car Purchase,RENT,4 years,37304,17.8,E,18.26,60,25700,21800.0,21500.0,Fully Paid,24865.72,2023-12-31
LN101666,CU21666,Christopher Brown,2023-01-21,2023-02-04,South,Delta,Car Purchase,OWN,2 years,54103,4.85,C,12.49,60,13700,13700.0,12800.0,Fully Paid,15129.63,2023-12-31
LN101667,CU21667,Nancy Hernandez,2021-10-01,,South,Delta,Debt Consolidation,MORTGAGE,2 years,77050,19.65,G,28.49,36,11900,0.0,0.0,Rejected,0.0,
LN101668,CU21668,James Rodriguez,2022-11-08,2022-11-15,North,Kano,Car Purchase,RENT,9 years,41752,18.98,C,14.97,36,17000,16300.0,15600.0,Fully Paid,18238.34,2023-12-31
LN101669,CU21669,Richard Taylor,2023-06-23,2023-07-08,West,Osun,Home Improvement,OWN,1 year,142308,15.72,D,17.01,60,21800,19900.0,19900.0,Fully Paid,25765.24,2023-12-31
LN101670,CU21670,Margaret Martinez,2022-10-08,2022-10-15,West,Oyo,Car Purchase,OWN,< 1 year,71939,10.04,C,12.52,60,1000,1000.0,900.0,Charged Off,570.78,2023-11-03
LN101671,CU21671,Joseph Nguyen,2023-09-26,2023-10-01,Central,Kogi,Small Business Startup,OWN,3 years,24881,28.34,E,18.12,60,16200,13800.0,13400.0,Charged Off,5107.27,2023-12-31
LN101672,CU21672,Robert Nguyen,2023-07-20,2023-07-30,North,Kaduna,Home Improvement,MORTGAGE,2 years,24067,16.95,A,8.87,36,16600,15000.0,14800.0,Current,2199.99,2023-12-03
LN101673,CU21673,George Clark,2021-07-28,2021-08-08,East,Abia,Debt Consolidation,RENT,10+ years,123681,28.22,C,13.91,60,11200,9900.0,9100.0,Fully Paid,11624.34,2023-12-31
LN101674,CU21674,Joshua Lopez,2023-03-03,2023-03-08,East,Enugu,Home Improvement,RENT,10+ years,51917,15.09,B,10.62,60,24000,24000.0,24000.0,Fully Paid,28577.96,2023-12-31
LN101675,CU21675,Nancy Allen,2021-11-15,2021-11-28,North,Kano,Debt Consolidation,RENT,9 years,34531,13.26,B,9.12,60,20200,19300.0,18100.0,Fully Paid,23355.57,2023-12-31
LN101676,CU21676,Thomas Allen,2023-09-22,2023-09-28,South,Delta,Debt Consolidation,OWN,10+ years,70788,24.63,D,15.56,36,19400,19400.0,19200.0,Charged Off,2760.0,2023-12-15
LN101677,CU21677,Linda King,2022-04-28,2022-05-18,West,Lagos,Home Improvement,MORTGAGE,5 years,41178,20.03,B,11.95,60,21000,16400.0,16200.0,Charged Off,9153.91,2022-11-15
LN101678,CU21678,Sandra Brown,2021-03-15,2021-03-19,West,Oyo,Car Purchase,MORTGAGE,3 years,59660,12.69,C,13.79,60,22600,18600.0,15800.0,Fully Paid,22986.4,2023-12-31
LN101679,CU21679,Brian Thompson,2021-08-13,2021-08-29,South,Akwa Ibom,Personal,RENT,1 year,41581,20.66,D,15.52,36,14400,14400.0,14400.0,Fully Paid,18353.25,2023-12-31
LN101680,CU21680,Joseph Scott,2021-12-01,2021-12-06,West,Ogun,Home Improvement,OWN,5 years,45567,32.99,B,11.57,36,18900,16800.0,16000.0,Current,11974.92,2023-11-18
LN101681,CU21681,Christopher Taylor,2022-01-29,2022-02-05,Central,Plateau,Debt Consolidation,OWN,< 1 year,35321,26.06,B,11.08,36,21100,17000.0,15200.0,Fully Paid,19351.58,2023-12-31
LN101682,CU21682,Mary Martin,2023-11-08,2023-11-17,Central,Plateau,Debt Consolidation,MORTGAGE,9 years,32411,14.5,C,14.77,36,22400,19700.0,19200.0,Fully Paid,25439.24,2023-12-31
LN101683,CU21683,Lisa Flores,2021-05-27,2021-06-12,West,Oyo,Medical Expenses,MORTGAGE,5 years,98031,8.53,A,6.57,60,22700,22600.0,22600.0,Fully Paid,28489.5,2023-12-31
LN101684,CU21684,Betty Ramirez,2022-10-11,2022-10-27,South,Delta,Home Improvement,RENT,3 years,52830,2.31,E,19.07,60,20900,19700.0,18900.0,Fully Paid,25382.21,2023-12-31
LN101685,CU21685,Daniel Torres,2023-05-07,2023-05-12,South,Rivers,Debt Consolidation,OWN,6 years,33519,11.41,D,16.05,36,15500,14300.0,14300.0,Fully Paid,15589.09,2023-12-31
LN101686,CU21686,Lisa Torres,2022-08-09,2022-08-16,South,Delta,Education,OWN,1 year,95185,5.94,B,9.97,60,11800,10500.0,9400.0,Charged Off,4154.92,2023-12-31
LN101687,CU21687,Edward Nguyen,2023-06-12,2023-06-26,West,Ogun,Business Expansion,OWN,7 years,85208,4.58,A,8.01,36,32600,32600.0,30600.0,Fully Paid,40317.3,2023-12-31
LN101688,CU21688,Kevin Lopez,2023-02-12,2023-03-02,North,Katsina,Debt Consolidation,OWN,5 years,96509,4.35,D,16.99,36,29300,23800.0,22500.0,Fully Paid,26378.96,2023-12-31
LN101689,CU21689,Michael Anderson,2021-03-31,2021-04-06,Central,Abuja FCT,Car Purchase,RENT,9 years,44797,18.71,D,16.6,36,20500,17600.0,16400.0,Charged Off,7412.82,2021-11-03
LN101690,CU21690,Elizabeth Miller,2023-02-02,2023-02-14,South,Rivers,Business Expansion,MORTGAGE,4 years,84614,25.52,B,10.53,36,16900,16900.0,16300.0,Fully Paid,22154.53,2023-12-31
LN101691,CU21691,Anthony Wright,2022-09-03,2022-09-20,West,Osun,Medical Expenses,OWN,1 year,87363,12.33,A,8.29,36,13600,12300.0,12200.0,Fully Paid,14967.64,2023-12-31
LN101692,CU21692,Matthew Martin,2021-01-02,2021-01-17,East,Anambra,Home Improvement,OWN,6 years,75597,2.53,A,6.53,60,12400,10700.0,10400.0,Fully Paid,12777.22,2023-12-31
LN101693,CU21693,Christopher King,2023-04-03,2023-04-23,East,Abia,Debt Consolidation,RENT,6 years,89966,20.18,A,8.25,36,27300,22200.0,21300.0,Fully Paid,24171.15,2023-12-31
LN101694,CU21694,Kevin Lopez,2023-06-13,2023-06-14,North,Kano,Small Business Startup,OWN,2 years,43505,23.37,G,26.3,36,16800,15900.0,14900.0,Fully Paid,17000.11,2023-12-31
LN101695,CU21695,David Flores,2021-08-19,2021-08-22,East,Anambra,Home Improvement,RENT,7 years,33380,10.27,B,11.81,36,30700,25100.0,22600.0,Fully Paid,30985.93,2023-12-31
LN101696,CU21696,Edward Clark,2023-12-15,2023-12-19,Central,Kogi,Agriculture,OWN,10+ years,44930,8.95,A,6.48,36,22000,17100.0,16500.0,Fully Paid,18057.1,2023-12-31
LN101697,CU21697,Margaret Ramirez,2021-12-11,2021-12-18,West,Lagos,Education,MORTGAGE,< 1 year,31743,6.65,C,12.19,60,13700,12300.0,12000.0,Fully Paid,14904.8,2023-12-31
LN101698,CU21698,Paul Sanchez,2021-01-08,2021-01-17,South,Rivers,Car Purchase,RENT,10+ years,38020,24.43,B,9.14,36,17500,16600.0,16600.0,Fully Paid,20066.71,2023-12-18
LN101699,CU21699,Emily Smith,2023-05-06,2023-05-08,East,Anambra,Debt Consolidation,MORTGAGE,2 years,62335,10.52,B,10.98,36,1000,900.0,900.0,Fully Paid,1089.18,2023-12-31
LN101700,CU21700,David Robinson,2022-04-11,2022-04-28,West,Ogun,Debt Consolidation,OWN,8 years,21513,20.66,E,21.97,36,14900,14500.0,14200.0,Fully Paid,16901.34,2023-12-31
LN101701,CU21701,Susan Wilson,2021-06-20,2021-06-26,West,Osun,Home Improvement,MORTGAGE,5 years,51427,25.82,B,10.9,60,10700,10200.0,9200.0,Fully Paid,11030.55,2023-12-31
LN101702,CU21702,Emily Martin,2021-06-02,2021-06-09,North,Kaduna,Car Purchase,OWN,2 years,44376,31.84,A,7.99,36,8900,8100.0,8100.0,Fully Paid,10247.06,2023-12-31
LN101703,CU21703,Michael Wright,2022-12-17,2023-01-03,Central,Niger,Debt Consolidation,OWN,7 years,24673,20.6,C,14.21,36,19400,16000.0,15600.0,Fully Paid,20199.59,2023-12-31
LN101704,CU21704,Melissa Johnson,2023-10-07,2023-10-19,West,Osun,Education,RENT,1 year,43132,31.95,C,13.95,60,15000,12700.0,12000.0,Fully Paid,13971.45,2023-12-31
LN101705,CU21705,Paul King,2022-05-22,2022-06-05,North,Sokoto,Car Purchase,OWN,9 years,30271,18.89,B,9.38,60,25700,23600.0,21000.0,Current,8502.66,2023-11-17
LN101706,CU21706,Linda Thompson,2023-12-29,2024-01-10,Central,Plateau,Business Expansion,MORTGAGE,3 years,65051,31.4,D,16.62,60,6000,5100.0,4800.0,Fully Paid,5627.64,2023-12-31
LN101707,CU21707,Mary Martinez,2023-01-25,2023-02-14,West,Osun,Debt Consolidation,MORTGAGE,6 years,36575,32.79,A,7.6,36,8900,8700.0,7800.0,Fully Paid,10635.09,2023-12-31
LN101708,CU21708,William Lee,2022-09-23,,West,Ogun,Medical Expenses,MORTGAGE,8 years,37529,27.7,E,20.37,36,11500,0.0,0.0,Rejected,0.0,
LN101709,CU21709,Nancy Lee,2023-06-11,2023-06-21,South,Akwa Ibom,Debt Consolidation,MORTGAGE,10+ years,49199,12.87,E,18.04,60,14900,13600.0,13600.0,Fully Paid,16643.67,2023-12-31
LN101710,CU21710,Mary Lewis,2021-10-20,2021-10-23,East,Abia,Debt Consolidation,MORTGAGE,6 years,42297,3.04,B,10.27,60,6200,6000.0,5700.0,Fully Paid,7333.37,2023-12-31
LN101711,CU21711,Ashley Johnson,2023-07-26,2023-08-13,Central,Abuja FCT,Business Expansion,RENT,10+ years,30285,10.56,B,11.04,60,17100,16100.0,15500.0,Fully Paid,19889.01,2023-12-31
LN101712,CU21712,Charles Sanchez,2023-11-09,2023-11-13,East,Enugu,Wedding,OWN,9 years,121822,5.82,F,25.21,60,5000,4700.0,4500.0,Fully Paid,5276.97,2023-12-31
LN101713,CU21713,Sandra King,2023-03-28,2023-04-10,East,Anambra,Car Purchase,MORTGAGE,9 years,35787,20.33,C,13.61,36,15500,15500.0,15500.0,Fully Paid,18991.9,2023-12-31
LN101714,CU21714,Thomas Jackson,2021-12-08,2021-12-09,East,Enugu,Business Expansion,MORTGAGE,10+ years,28469,18.09,C,13.54,60,26700,24600.0,24600.0,Fully Paid,27091.25,2023-12-31
LN101715,CU21715,John Hernandez,2023-07-29,2023-07-30,West,Ogun,Car Purchase,OWN,6 years,86117,7.86,E,19.6,36,14000,11800.0,11700.0,Fully Paid,13024.16,2023-12-31
LN101716,CU21716,Thomas Thompson,2022-03-30,2022-04-01,Central,Abuja FCT,Home Improvement,OWN,8 years,131040,12.55,G,29.51,36,16700,13300.0,13300.0,Fully Paid,15182.43,2023-12-31
LN101717,CU21717,Paul Scott,2022-06-21,2022-06-29,South,Bayelsa,Personal,MORTGAGE,1 year,104210,26.59,C,13.66,60,19500,15600.0,15200.0,Charged Off,8778.54,2023-12-31
LN101718,CU21718,Lisa Smith,2022-03-12,2022-03-25,North,Kaduna,Business Expansion,OWN,10+ years,35488,13.06,A,7.03,60,16800,16800.0,16200.0,Current,6663.75,2023-11-23
LN101719,CU21719,Daniel Wilson,2023-03-05,2023-03-20,North,Sokoto,Debt Consolidation,RENT,1 year,49551,25.19,B,10.67,36,26100,25800.0,24900.0,Fully Paid,32236.84,2023-12-31
LN101720,CU21720,Charles Ramirez,2023-10-27,2023-11-02,West,Lagos,Debt Consolidation,RENT,< 1 year,78719,15.79,E,20.61,60,17500,17500.0,16600.0,Fully Paid,21749.38,2023-12-31
LN101721,CU21721,Mary Davis,2023-02-02,2023-02-12,South,Bayelsa,Medical Expenses,MORTGAGE,1 year,90375,32.43,B,9.14,60,4100,3400.0,3400.0,Fully Paid,4558.31,2023-12-31
LN101722,CU21722,Joshua Hill,2023-09-19,2023-10-07,North,Katsina,Education,RENT,10+ years,69919,27.0,C,13.03,60,18800,16700.0,16200.0,Fully Paid,19543.36,2023-12-31
LN101723,CU21723,Lisa Hernandez,2023-02-13,2023-03-05,East,Enugu,Business Expansion,OWN,2 years,41565,3.76,A,6.35,60,9900,9300.0,9000.0,Fully Paid,12198.56,2023-12-31
LN101724,CU21724,Christopher Ramirez,2022-01-06,,South,Delta,Medical Expenses,OWN,9 years,45171,30.89,G,26.03,36,14100,0.0,0.0,Rejected,0.0,
LN101725,CU21725,Susan Jackson,2022-06-14,2022-06-24,West,Lagos,Home Improvement,RENT,4 years,24019,10.03,A,7.44,60,17900,17900.0,17700.0,Fully Paid,22472.02,2023-12-31
LN101726,CU21726,Lisa Hill,2022-10-31,2022-11-18,South,Bayelsa,Small Business Startup,OWN,1 year,73062,21.65,B,11.54,36,7900,5700.0,5500.0,Fully Paid,5995.44,2023-12-31
LN101727,CU21727,Jennifer Rodriguez,2022-12-14,2022-12-15,East,Imo,Business Expansion,OWN,1 year,40853,19.89,E,18.66,36,16000,12100.0,11500.0,Fully Paid,14136.62,2023-12-31
LN101728,CU21728,Barbara Garcia,2022-05-01,2022-05-17,North,Katsina,Home Improvement,MORTGAGE,2 years,29679,34.94,B,10.9,60,13500,11300.0,10500.0,Current,3992.92,2023-11-27
LN101729,CU21729,Dorothy Wright,2022-10-20,2022-10-26,South,Akwa Ibom,Agriculture,MORTGAGE,10+ years,37059,18.72,D,15.96,60,4300,4000.0,4000.0,Current,1026.94,2023-12-21
LN101730,CU21730,Carol Thompson,2021-07-27,2021-08-12,South,Akwa Ibom,Business Expansion,RENT,1 year,44296,32.7,D,17.93,60,14100,14100.0,13000.0,Fully Paid,15160.46,2023-12-31
LN101731,CU21731,Patricia Perez,2023-01-14,2023-01-29,North,Kaduna,Small Business Startup,RENT,9 years,26581,31.51,A,6.28,60,13300,12800.0,12500.0,Fully Paid,15251.01,2023-12-31
LN101732,CU21732,Lisa Wilson,2022-09-02,2022-09-06,East,Anambra,Car Purchase,RENT,8 years,43759,31.28,B,11.2,60,15400,12000.0,12000.0,Fully Paid,15638.78,2023-12-31
LN101733,CU21733,Daniel Nguyen,2022-02-13,2022-02-15,East,Abia,Medical Expenses,RENT,4 years,40862,10.34,B,11.54,36,13500,10900.0,10900.0,Fully Paid,13041.84,2023-12-31
LN101734,CU21734,Mary Anderson,2023-12-22,2023-12-29,South,Rivers,Business Expansion,OWN,6 years,96505,29.53,B,9.25,36,17500,17500.0,16300.0,Fully Paid,21757.63,2023-12-31
LN101735,CU21735,Joshua Lopez,2023-11-17,2023-12-05,West,Lagos,Debt Consolidation,RENT,8 years,25722,20.61,D,16.6,36,32500,29500.0,28500.0,Charged Off,14667.46,2023-12-31
LN101736,CU21736,Paul Walker,2022-08-08,2022-08-19,South,Rivers,Home Improvement,MORTGAGE,6 years,72505,24.56,A,6.55,36,19700,19700.0,19700.0,Fully Paid,23315.96,2023-12-31
LN101737,CU21737,Anthony Lee,2022-04-09,2022-04-21,South,Akwa Ibom,Education,RENT,8 years,53239,34.8,A,6.15,36,20000,18900.0,18500.0,Fully Paid,22557.34,2023-12-31
LN101738,CU21738,Sarah Harris,2023-09-09,2023-09-28,West,Lagos,Wedding,RENT,6 years,38581,27.41,D,17.8,60,13800,11500.0,11500.0,Fully Paid,15479.93,2023-12-31
LN101739,CU21739,Susan Sanchez,2023-02-10,2023-02-12,South,Akwa Ibom,Personal,MORTGAGE,6 years,15000,12.76,A,6.79,60,14300,13600.0,13400.0,Fully Paid,16626.47,2023-12-31
LN101740,CU21740,Mary Williams,2023-12-27,2024-01-15,North,Kaduna,Business Expansion,MORTGAGE,8 years,56424,19.06,B,10.02,36,7200,6900.0,6900.0,Charged Off,3815.43,2023-12-31
LN101741,CU21741,David Miller,2023-12-06,,North,Katsina,Debt Consolidation,RENT,4 years,104526,18.53,F,22.68,60,12300,0.0,0.0,Rejected,0.0,
LN101742,CU21742,Matthew Moore,2023-07-27,2023-08-12,Central,Kogi,Debt Consolidation,MORTGAGE,5 years,71546,16.53,C,13.31,60,27800,25100.0,24500.0,Fully Paid,31701.14,2023-12-31
LN101743,CU21743,Edward King,2021-04-16,2021-05-04,South,Rivers,Home Improvement,OWN,2 years,44593,3.7,B,9.21,60,12400,12400.0,11300.0,Fully Paid,16357.56,2023-12-31
LN101744,CU21744,Kenneth Jones,2023-12-20,2023-12-23,South,Akwa Ibom,Wedding,MORTGAGE,3 years,58489,21.15,F,24.56,60,6000,6000.0,5600.0,Fully Paid,7967.21,2023-12-31
LN101745,CU21745,Donna King,2022-11-05,2022-11-19,East,Imo,Small Business Startup,OWN,4 years,38348,8.99,C,14.38,36,18900,17600.0,15800.0,Fully Paid,23093.92,2023-12-31
LN101746,CU21746,Betty King,2022-01-09,2022-01-26,North,Kaduna,Wedding,MORTGAGE,3 years,73828,17.3,E,20.55,36,19000,15900.0,14900.0,Fully Paid,20281.97,2023-12-31
LN101747,CU21747,Paul Davis,2023-10-04,2023-10-23,North,Kano,Agriculture,MORTGAGE,1 year,33543,9.8,E,19.1,60,5700,5700.0,5300.0,Charged Off,2910.04,2023-12-31
LN101748,CU21748,Michael Lewis,2023-01-29,2023-02-12,West,Lagos,Medical Expenses,RENT,2 years,109684,13.21,B,10.68,60,24500,21000.0,19900.0,Fully Paid,23442.37,2023-12-31
LN101749,CU21749,Lisa Garcia,2023-08-10,2023-08-17,East,Enugu,Business Expansion,MORTGAGE,< 1 year,67730,3.19,B,11.31,60,16800,14600.0,12100.0,Current,1030.94,2023-12-24
LN101750,CU21750,Linda Torres,2021-01-22,2021-02-01,South,Rivers,Car Purchase,OWN,8 years,51078,21.62,B,9.38,60,13500,12800.0,12500.0,Current,8436.74,2023-12-09
LN101751,CU21751,Linda Thomas,2021-05-01,2021-05-18,West,Lagos,Debt Consolidation,MORTGAGE,8 years,53573,23.35,C,12.98,36,15900,14900.0,14900.0,Fully Paid,15835.94,2023-12-31
LN101752,CU21752,Patricia Rodriguez,2023-08-03,2023-08-20,East,Anambra,Business Expansion,OWN,6 years,19275,26.15,A,6.21,60,21600,20400.0,17600.0,Fully Paid,23740.18,2023-12-31
LN101753,CU21753,William Lewis,2022-12-16,2022-12-23,North,Kano,Business Expansion,MORTGAGE,9 years,30883,4.64,A,7.2,36,16400,15900.0,14000.0,Fully Paid,20503.75,2023-12-31
LN101754,CU21754,Amanda Smith,2023-06-01,2023-06-16,East,Imo,Agriculture,OWN,5 years,76913,10.6,B,10.9,60,12200,11200.0,10800.0,Fully Paid,12048.79,2023-12-31
LN101755,CU21755,Matthew Harris,2022-01-16,2022-01-20,South,Bayelsa,Medical Expenses,RENT,5 years,36556,21.41,B,11.37,36,14200,14200.0,13200.0,Fully Paid,15958.38,2023-12-31
LN101756,CU21756,Michelle Williams,2023-08-24,2023-09-11,South,Delta,Debt Consolidation,RENT,2 years,45625,17.9,A,7.37,36,20200,18900.0,17700.0,Fully Paid,25496.68,2023-12-31
LN101757,CU21757,Matthew Clark,2022-05-26,2022-06-04,North,Sokoto,Education,RENT,2 years,43244,3.35,C,13.56,60,17800,17800.0,17800.0,Fully Paid,23052.78,2023-12-31
LN101758,CU21758,Anthony Jones,2023-08-04,2023-08-22,North,Kaduna,Debt Consolidation,RENT,10+ years,24627,17.92,B,11.67,60,18600,18600.0,18400.0,Fully Paid,23072.26,2023-12-31
LN101759,CU21759,Anthony Taylor,2021-09-12,2021-09-17,North,Sokoto,Business Expansion,OWN,3 years,35462,18.38,C,14.01,36,10000,9700.0,9700.0,Fully Paid,10807.72,2023-12-31
LN101760,CU21760,Elizabeth Young,2023-05-15,2023-05-24,West,Ogun,Wedding,OWN,8 years,75514,15.28,C,14.62,60,15700,13400.0,13400.0,Fully Paid,15892.22,2023-12-31
LN101761,CU21761,Edward Nguyen,2022-03-09,2022-03-23,South,Akwa Ibom,Car Purchase,OWN,9 years,70917,19.21,B,10.24,36,7200,7100.0,6500.0,Fully Paid,8009.07,2023-12-31
LN101762,CU21762,Kevin Hill,2021-12-21,2022-01-10,North,Kano,Medical Expenses,MORTGAGE,8 years,127119,25.61,B,11.29,60,10000,10000.0,9100.0,Fully Paid,12795.78,2023-12-31
LN101763,CU21763,Christopher Thompson,2022-11-05,2022-11-09,North,Kano,Car Purchase,MORTGAGE,7 years,32142,15.03,D,15.41,60,27800,24500.0,23000.0,Fully Paid,32253.75,2023-12-31
LN101764,CU21764,Dorothy Ramirez,2021-08-05,2021-08-12,Central,Abuja FCT,Small Business Startup,RENT,4 years,55540,30.3,E,21.1,36,13500,12200.0,12000.0,Fully Paid,13572.25,2023-12-31
LN101765,CU21765,Edward King,2022-02-25,2022-03-14,North,Katsina,Debt Consolidation,MORTGAGE,7 years,82117,10.11,D,16.33,60,21300,19800.0,18900.0,Fully Paid,22180.18,2023-12-31
LN101766,CU21766,Charles Walker,2022-05-30,2022-06-19,West,Lagos,Car Purchase,OWN,3 years,57124,4.26,B,11.15,36,4700,4000.0,4000.0,Fully Paid,5330.5,2023-12-31
LN101767,CU21767,Richard Allen,2022-01-17,2022-01-26,West,Lagos,Business Expansion,MORTGAGE,2 years,33767,28.92,C,13.19,60,3300,2600.0,2200.0,Fully Paid,3486.51,2023-12-31
LN101768,CU21768,Thomas Jones,2021-06-24,2021-07-09,South,Delta,Wedding,MORTGAGE,< 1 year,67984,16.25,A,8.17,60,27300,25100.0,25000.0,Fully Paid,26410.14,2023-12-31
LN101769,CU21769,Sarah Jones,2023-10-11,2023-10-15,North,Kaduna,Personal,MORTGAGE,9 years,23743,5.2,B,11.52,60,7600,6500.0,6200.0,Fully Paid,7136.14,2023-12-31
LN101770,CU21770,Deborah Thomas,2021-05-02,2021-05-06,Central,Abuja FCT,Agriculture,MORTGAGE,7 years,35952,25.56,B,11.14,60,5000,4300.0,3900.0,Fully Paid,5706.44,2023-12-31
LN101771,CU21771,Edward Moore,2021-02-27,2021-03-08,Central,Plateau,Medical Expenses,MORTGAGE,8 years,42041,31.03,B,10.42,60,13000,10900.0,10900.0,Fully Paid,13323.08,2023-12-31
LN101772,CU21772,Barbara Lopez,2023-10-13,2023-10-22,East,Enugu,Education,RENT,2 years,48409,32.51,C,12.56,36,10300,9900.0,9300.0,Fully Paid,12455.87,2023-12-31
LN101773,CU21773,Susan Lopez,2021-08-09,2021-08-19,West,Lagos,Agriculture,MORTGAGE,9 years,124427,16.49,C,12.15,36,21800,20600.0,18500.0,Fully Paid,24297.42,2023-12-31
LN101774,CU21774,Matthew Wilson,2021-01-25,2021-01-27,North,Katsina,Debt Consolidation,OWN,8 years,78156,23.83,B,10.2,36,4300,4300.0,4300.0,Fully Paid,4710.37,2023-12-31
LN101775,CU21775,John Hill,2023-03-12,2023-03-19,East,Anambra,Debt Consolidation,RENT,2 years,55652,23.5,C,12.21,60,27600,25400.0,24600.0,Fully Paid,30813.0,2023-12-31
LN101776,CU21776,James Perez,2022-10-04,2022-10-09,West,Osun,Debt Consolidation,OWN,< 1 year,36106,14.64,A,6.29,36,13800,13300.0,13300.0,Fully Paid,17148.79,2023-12-31
LN101777,CU21777,Mary Robinson,2021-07-03,2021-07-09,South,Bayelsa,Agriculture,OWN,< 1 year,50500,31.8,C,13.96,36,28400,28200.0,25900.0,Charged Off,5699.13,2022-09-01
LN101778,CU21778,Andrew Williams,2021-06-04,2021-06-08,Central,Plateau,Debt Consolidation,MORTGAGE,6 years,28638,26.57,E,19.98,36,20600,19000.0,17800.0,Charged Off,9724.46,2022-05-27
LN101779,CU21779,Amanda Moore,2023-10-13,2023-10-29,West,Lagos,Car Purchase,OWN,9 years,77572,14.35,C,12.5,36,19300,18100.0,16300.0,Fully Paid,21474.5,2023-12-31
LN101780,CU21780,Jessica Clark,2022-04-07,2022-04-13,North,Kano,Wedding,RENT,4 years,24862,16.41,D,17.57,36,11400,10900.0,10000.0,Fully Paid,11748.6,2023-12-31
LN101781,CU21781,James Martinez,2022-03-16,2022-03-17,East,Anambra,Medical Expenses,MORTGAGE,4 years,98841,24.57,D,17.27,36,9600,9600.0,8300.0,Fully Paid,10958.66,2023-12-31
LN101782,CU21782,Mark Walker,2021-02-16,2021-02-27,South,Bayelsa,Education,OWN,10+ years,56678,3.57,B,9.55,60,1000,900.0,800.0,Current,580.61,2023-12-01
LN101783,CU21783,Anthony Garcia,2021-02-19,2021-03-03,West,Oyo,Debt Consolidation,MORTGAGE,2 years,86845,15.96,F,23.08,60,17600,17500.0,16700.0,Fully Paid,20216.47,2023-12-31
LN101784,CU21784,John Rodriguez,2021-08-15,2021-08-21,North,Kaduna,Car Purchase,RENT,8 years,168496,10.96,C,13.74,36,17500,14800.0,14300.0,Fully Paid,17939.79,2023-12-31
LN101785,CU21785,Edward Jackson,2022-06-07,2022-06-12,Central,Plateau,Business Expansion,RENT,8 years,78739,23.4,C,13.28,60,11000,9700.0,8900.0,Fully Paid,11288.96,2023-12-31
LN101786,CU21786,James Allen,2022-10-01,2022-10-16,Central,Kogi,Personal,RENT,4 years,15000,13.83,F,22.09,36,11700,11300.0,10900.0,Fully Paid,13754.89,2023-12-31
LN101787,CU21787,Andrew Davis,2023-10-02,2023-10-05,Central,Abuja FCT,Agriculture,RENT,9 years,46572,9.11,C,14.54,36,15100,14700.0,14500.0,Fully Paid,15627.33,2023-12-31
LN101788,CU21788,Andrew King,2021-09-19,2021-10-07,South,Bayelsa,Small Business Startup,OWN,5 years,30562,13.5,D,17.94,60,1400,1100.0,1100.0,Fully Paid,1299.23,2023-12-31
LN101789,CU21789,John Allen,2022-04-04,2022-04-18,South,Rivers,Medical Expenses,MORTGAGE,8 years,47252,32.71,B,10.23,60,12100,11300.0,10800.0,Current,4170.31,2023-12-31
LN101790,CU21790,David Jones,2023-10-04,2023-10-15,South,Delta,Home Improvement,MORTGAGE,2 years,63132,21.05,B,11.6,60,10300,8700.0,8700.0,Charged Off,1775.4,2023-12-31
LN101791,CU21791,James Brown,2023-11-29,2023-12-14,North,Kaduna,Wedding,RENT,3 years,65805,24.55,A,8.38,60,24000,21600.0,21600.0,Fully Paid,23400.77,2023-12-31
LN101792,CU21792,James King,2021-09-06,2021-09-07,Central,Abuja FCT,Debt Consolidation,RENT,1 year,61568,34.13,F,23.62,36,11500,9800.0,9800.0,Fully Paid,12806.27,2023-12-31
LN101793,CU21793,Matthew Torres,2021-10-12,,South,Delta,Education,MORTGAGE,7 years,33211,11.82,F,22.81,60,8900,0.0,0.0,Rejected,0.0,
LN101794,CU21794,Melissa Nguyen,2021-04-02,2021-04-12,Central,Plateau,Business Expansion,RENT,< 1 year,37680,27.16,C,13.63,60,21300,19900.0,19900.0,Fully Paid,25925.59,2023-12-31
LN101795,CU21795,Emily Ramirez,2023-03-07,2023-03-15,West,Oyo,Medical Expenses,OWN,< 1 year,68608,30.35,A,6.15,60,4400,4300.0,4300.0,Fully Paid,4668.18,2023-12-31
LN101796,CU21796,George Thomas,2021-07-16,2021-07-25,West,Lagos,Education,MORTGAGE,1 year,52929,31.87,C,12.96,60,16000,14000.0,13900.0,Fully Paid,15294.39,2023-12-31
LN101797,CU21797,Karen Martinez,2022-06-17,2022-06-28,North,Kano,Wedding,MORTGAGE,< 1 year,46433,24.5,C,12.21,36,3900,3900.0,3800.0,Fully Paid,4419.95,2023-12-31
LN101798,CU21798,Mary Lewis,2022-05-28,2022-06-10,East,Abia,Education,RENT,9 years,74985,32.43,A,8.67,60,15900,13900.0,13900.0,Fully Paid,15213.29,2023-12-31
LN101799,CU21799,Michael Brown,2022-07-01,2022-07-18,Central,Niger,Education,MORTGAGE,< 1 year,58171,30.25,B,11.43,36,27300,26800.0,26500.0,Current,12917.09,2023-12-17
LN101800,CU21800,Steven Lewis,2021-01-03,2021-01-20,Central,Kogi,Business Expansion,OWN,6 years,106223,31.97,C,12.42,60,1200,1000.0,900.0,Fully Paid,1199.06,2023-12-31
LN101801,CU21801,Christopher Rodriguez,2023-01-05,2023-01-13,West,Ogun,Debt Consolidation,MORTGAGE,3 years,159753,13.97,C,13.23,36,13600,12800.0,12500.0,Fully Paid,15185.03,2023-12-31
LN101802,CU21802,Charles Garcia,2021-10-13,,South,Rivers,Debt Consolidation,MORTGAGE,5 years,62640,25.29,G,26.43,36,7700,0.0,0.0,Rejected,0.0,
LN101803,CU21803,Carol Clark,2022-11-02,2022-11-06,North,Kano,Debt Consolidation,RENT,9 years,112961,29.33,A,6.05,60,18000,16900.0,16300.0,Fully Paid,18053.42,2023-12-31
LN101804,CU21804,Barbara Anderson,2023-05-24,2023-06-11,North,Sokoto,Small Business Startup,RENT,< 1 year,60920,4.33,D,15.16,36,24300,21900.0,21900.0,Fully Paid,23936.64,2023-12-31
LN101805,CU21805,Mary Garcia,2021-09-18,2021-09-21,South,Delta,Medical Expenses,MORTGAGE,10+ years,39613,19.22,A,7.28,60,13500,13000.0,11700.0,Current,6424.64,2023-12-15
LN101806,CU21806,Paul White,2023-05-30,2023-06-09,North,Katsina,Debt Consolidation,RENT,5 years,52047,4.61,C,12.67,60,11600,10800.0,10000.0,Fully Paid,11489.05,2023-12-31
LN101807,CU21807,Karen Lopez,2023-05-09,2023-05-13,South,Bayelsa,Medical Expenses,OWN,10+ years,83527,25.84,A,6.9,36,17100,14300.0,13700.0,Fully Paid,16443.13,2023-12-31
LN101808,CU21808,Lisa Young,2023-10-05,2023-10-08,South,Akwa Ibom,Agriculture,OWN,4 years,50772,30.06,F,22.94,60,19400,19400.0,19400.0,Fully Paid,22755.22,2023-12-31
LN101809,CU21809,David Lee,2023-07-29,2023-08-15,North,Kano,Wedding,MORTGAGE,2 years,30129,31.6,D,16.18,36,3000,2800.0,2700.0,Fully Paid,3291.38,2023-12-31
LN101810,CU21810,Matthew Thompson,2021-09-24,2021-10-08,West,Ogun,Home Improvement,RENT,1 year,22323,16.24,B,11.87,60,27000,23600.0,23600.0,Fully Paid,27909.34,2023-12-31
LN101811,CU21811,Sarah Flores,2023-08-15,2023-08-22,East,Abia,Debt Consolidation,OWN,10+ years,66643,2.53,D,15.48,36,17300,17300.0,16100.0,Fully Paid,18354.43,2023-12-31
LN101812,CU21812,Michael Allen,2022-09-10,2022-09-17,East,Abia,Business Expansion,OWN,2 years,54301,10.39,B,9.71,60,26000,25100.0,25100.0,Fully Paid,28668.51,2023-12-31
LN101813,CU21813,Melissa Harris,2021-08-15,2021-08-24,Central,Niger,Education,OWN,1 year,50258,10.38,B,10.01,60,18500,15000.0,14400.0,Fully Paid,19130.44,2023-12-31
LN101814,CU21814,Daniel Taylor,2021-02-05,2021-02-08,Central,Niger,Agriculture,RENT,10+ years,49266,23.84,D,17.07,60,13500,11600.0,11000.0,Fully Paid,12531.74,2023-12-31
LN101815,CU21815,Michelle Young,2023-12-24,2024-01-01,South,Rivers,Business Expansion,OWN,7 years,38095,31.62,B,9.75,60,13600,12700.0,10500.0,Fully Paid,14620.35,2023-12-31
LN101816,CU21816,Charles Allen,2021-05-13,2021-05-31,Central,Niger,Home Improvement,MORTGAGE,8 years,35734,29.15,F,23.11,60,7200,7100.0,7100.0,Charged Off,2148.29,2022-12-13
LN101817,CU21817,Deborah Johnson,2021-07-26,2021-08-05,East,Enugu,Business Expansion,OWN,2 years,38759,4.09,F,22.36,60,9000,9000.0,8300.0,Current,4839.21,2023-12-26
LN101818,CU21818,George Lopez,2021-08-31,2021-09-01,South,Rivers,Debt Consolidation,MORTGAGE,6 years,39212,16.96,A,6.15,60,8400,7800.0,7800.0,Fully Paid,8750.94,2023-12-31
LN101819,CU21819,Michael Allen,2021-04-30,2021-05-04,West,Lagos,Car Purchase,OWN,2 years,41915,8.15,A,6.19,36,1000,900.0,900.0,Fully Paid,1093.7,2023-12-31
LN101820,CU21820,Michelle Hill,2021-07-03,,North,Kaduna,Personal,RENT,< 1 year,36250,17.55,G,29.75,36,11600,0.0,0.0,Rejected,0.0,
LN101821,CU21821,Karen Walker,2021-08-08,2021-08-26,North,Kano,Agriculture,MORTGAGE,7 years,91222,26.42,F,24.99,60,19500,18700.0,18500.0,Fully Paid,24014.58,2023-12-31
LN101822,CU21822,Kenneth Harris,2021-04-15,2021-04-30,South,Akwa Ibom,Home Improvement,MORTGAGE,8 years,117516,17.62,D,15.78,60,22400,21300.0,20800.0,Fully Paid,24465.12,2023-12-31
LN101823,CU21823,James Davis,2023-06-16,2023-06-20,North,Kano,Debt Consolidation,RENT,3 years,57642,5.28,C,13.01,36,13200,12800.0,12700.0,Charged Off,7184.79,2023-12-31
LN101824,CU21824,Kimberly Lewis,2023-08-24,2023-09-01,Central,Abuja FCT,Agriculture,OWN,7 years,46176,2.25,B,10.8,36,6600,6000.0,5600.0,Fully Paid,8001.89,2023-12-31
LN101825,CU21825,Margaret Johnson,2023-08-21,2023-08-30,Central,Abuja FCT,Education,OWN,2 years,24902,19.69,A,8.68,60,6900,6900.0,6800.0,Fully Paid,8849.03,2023-12-31
LN101826,CU21826,Richard Young,2021-03-24,2021-03-25,East,Anambra,Car Purchase,RENT,6 years,42631,16.83,E,20.24,36,1000,900.0,900.0,Current,860.49,2023-12-31
LN101827,CU21827,Carol Scott,2023-08-12,2023-08-22,East,Imo,Small Business Startup,MORTGAGE,< 1 year,32522,11.62,D,15.04,60,17100,15000.0,13900.0,Current,1115.2,2023-12-18
LN101828,CU21828,Betty Lopez,2023-03-12,2023-04-01,South,Rivers,Home Improvement,MORTGAGE,< 1 year,76657,2.72,C,14.37,60,9700,9200.0,9100.0,Fully Paid,10715.5,2023-12-31
LN101829,CU21829,Sandra Taylor,2021-02-10,2021-02-13,West,Osun,Car Purchase,RENT,7 years,15000,13.18,B,11.05,60,21700,21700.0,21400.0,Fully Paid,27277.51,2023-12-31
LN101830,CU21830,Andrew White,2022-10-22,2022-10-27,South,Rivers,Education,OWN,1 year,159177,25.72,B,11.52,60,16100,15900.0,15500.0,Fully Paid,16716.04,2023-12-31
LN101831,CU21831,James Wilson,2021-04-06,2021-04-16,South,Akwa Ibom,Education,MORTGAGE,8 years,33448,8.73,A,8.3,36,16200,14200.0,13700.0,Fully Paid,17904.0,2023-12-31
LN101832,CU21832,Linda Flores,2021-10-08,2021-10-16,Central,Niger,Small Business Startup,RENT,8 years,33408,4.55,D,17.57,36,20600,19400.0,19400.0,Charged Off,4863.85,2022-03-04
LN101833,CU21833,Melissa Ramirez,2021-02-01,2021-02-13,Central,Abuja FCT,Education,RENT,3 years,65374,13.68,F,22.19,36,18600,18600.0,18600.0,Fully Paid,21633.98,2023-12-14
LN101834,CU21834,Lisa Scott,2023-04-08,2023-04-16,West,Oyo,Home Improvement,MORTGAGE,3 years,21593,14.34,A,6.69,60,17800,17800.0,16700.0,Fully Paid,19174.42,2023-12-31
LN101835,CU21835,Christopher Johnson,2023-10-19,2023-11-04,North,Sokoto,Debt Consolidation,RENT,4 years,93718,28.22,F,25.07,36,17800,14000.0,13700.0,Fully Paid,18095.22,2023-12-31
LN101836,CU21836,Margaret Davis,2022-05-21,2022-05-26,East,Abia,Home Improvement,MORTGAGE,5 years,50256,32.81,E,19.28,36,8400,7600.0,7300.0,Fully Paid,8154.1,2023-12-31
LN101837,CU21837,Ashley Perez,2022-04-25,2022-05-12,North,Kano,Agriculture,MORTGAGE,5 years,25765,4.53,E,21.06,60,25300,25200.0,24700.0,Charged Off,7084.74,2023-04-23
LN101838,CU21838,Matthew Williams,2021-11-26,2021-12-06,Central,Plateau,Agriculture,OWN,6 years,59064,22.81,D,15.06,60,22100,18300.0,18300.0,Fully Paid,23267.42,2023-12-31
LN101839,CU21839,Deborah Moore,2023-08-18,2023-08-22,West,Osun,Debt Consolidation,OWN,< 1 year,22437,9.3,B,10.07,60,17700,16400.0,15800.0,Charged Off,3309.31,2023-12-31
LN101840,CU21840,Sandra Davis,2022-06-24,2022-07-10,East,Abia,Medical Expenses,MORTGAGE,7 years,93029,12.71,A,7.59,36,25200,21700.0,21700.0,Fully Paid,23183.42,2023-12-31
LN101841,CU21841,Ashley Lee,2023-12-22,2023-12-25,East,Anambra,Medical Expenses,OWN,2 years,109275,28.45,B,11.67,60,19500,19500.0,19000.0,Fully Paid,23419.04,2023-12-31
LN101842,CU21842,Amanda Robinson,2021-04-13,2021-04-26,South,Bayelsa,Medical Expenses,OWN,9 years,61349,24.11,E,18.69,60,7900,6600.0,6300.0,Fully Paid,7727.6,2023-12-31
LN101843,CU21843,Mark Lopez,2021-04-04,2021-04-05,Central,Kogi,Education,RENT,6 years,36689,29.44,C,13.29,36,23900,23700.0,23500.0,Fully Paid,31229.74,2023-12-31
LN101844,CU21844,Susan Martinez,2022-02-27,2022-03-15,West,Lagos,Medical Expenses,RENT,3 years,21743,32.2,C,14.18,60,10800,8600.0,8200.0,Fully Paid,9386.98,2023-12-31
LN101845,CU21845,William Wilson,2023-10-30,2023-11-08,Central,Plateau,Debt Consolidation,RENT,9 years,22093,27.14,A,6.16,36,9400,9400.0,8600.0,Fully Paid,12509.88,2023-12-31
LN101846,CU21846,Donna Anderson,2022-11-17,2022-11-18,South,Rivers,Debt Consolidation,RENT,3 years,35527,34.73,B,9.78,60,19800,17300.0,15000.0,Fully Paid,23062.23,2023-12-31
LN101847,CU21847,Deborah Martinez,2023-05-07,2023-05-27,West,Ogun,Debt Consolidation,MORTGAGE,1 year,50799,5.23,B,11.87,60,7400,7400.0,7000.0,Fully Paid,8722.52,2023-12-31
LN101848,CU21848,Deborah Smith,2022-10-21,2022-11-07,East,Anambra,Business Expansion,RENT,7 years,101521,19.29,A,6.17,60,1000,1000.0,1000.0,Fully Paid,1189.01,2023-12-31
LN101849,CU21849,Nancy Thompson,2023-06-13,2023-06-21,East,Anambra,Car Purchase,OWN,9 years,35704,24.92,A,8.11,36,16600,14900.0,14700.0,Fully Paid,18000.55,2023-12-31
LN101850,CU21850,Barbara Walker,2021-09-24,2021-09-30,South,Bayelsa,Business Expansion,RENT,3 years,76927,19.73,A,6.54,36,16300,16300.0,16100.0,Fully Paid,17834.93,2023-12-31
LN101851,CU21851,Michael Jones,2023-10-01,2023-10-05,West,Oyo,Education,RENT,9 years,111030,26.05,A,6.36,60,25800,25300.0,23100.0,Fully Paid,26999.19,2023-12-31
LN101852,CU21852,David Flores,2021-08-22,2021-09-10,Central,Kogi,Business Expansion,RENT,4 years,65611,33.46,D,17.51,60,15600,13000.0,12100.0,Fully Paid,13776.29,2023-12-31
LN101853,CU21853,Michael Ramirez,2022-03-01,2022-03-15,Central,Abuja FCT,Education,MORTGAGE,2 years,57691,16.08,C,12.56,36,5200,4000.0,4000.0,Fully Paid,5380.74,2023-12-31
LN101854,CU21854,Emily Smith,2022-01-13,2022-01-15,North,Sokoto,Business Expansion,MORTGAGE,6 years,69942,14.76,D,15.81,36,18500,15900.0,14000.0,Fully Paid,16815.55,2023-12-31
LN101855,CU21855,Mark Robinson,2021-06-14,2021-06-25,North,Kano,Education,RENT,3 years,17984,10.18,E,19.78,36,18000,12900.0,12200.0,Fully Paid,17188.07,2023-12-31
LN101856,CU21856,Donna Gonzalez,2023-04-27,2023-05-10,South,Delta,Home Improvement,RENT,2 years,57295,13.89,B,9.76,60,25300,23300.0,20200.0,Fully Paid,30426.15,2023-12-31
LN101857,CU21857,Mark Hernandez,2023-06-28,2023-07-16,Central,Kogi,Medical Expenses,RENT,3 years,58102,16.74,B,11.75,36,29000,28300.0,27700.0,Fully Paid,34493.36,2023-12-31
LN101858,CU21858,Betty Lee,2021-11-17,2021-11-21,East,Enugu,Medical Expenses,RENT,9 years,76693,28.98,E,20.91,60,26600,26600.0,22900.0,Fully Paid,29677.49,2023-12-31
LN101859,CU21859,Joseph Rodriguez,2023-10-08,2023-10-27,West,Ogun,Debt Consolidation,OWN,8 years,60328,2.04,A,8.58,36,10900,8600.0,8600.0,Current,505.56,2023-12-09
LN101860,CU21860,Dorothy Brown,2021-05-02,2021-05-15,East,Abia,Education,OWN,6 years,60727,25.94,C,14.16,60,34800,31400.0,31400.0,Fully Paid,40732.67,2023-12-31
LN101861,CU21861,David Scott,2022-02-25,2022-02-26,East,Imo,Business Expansion,MORTGAGE,7 years,41805,18.64,A,6.79,60,15700,15700.0,15700.0,Fully Paid,16487.69,2023-12-31
LN101862,CU21862,Paul Ramirez,2023-05-08,2023-05-09,East,Enugu,Home Improvement,MORTGAGE,7 years,35834,22.14,D,17.98,60,22300,19300.0,19300.0,Current,2435.96,2023-11-19
LN101863,CU21863,Amanda Miller,2021-04-06,2021-04-16,Central,Niger,Business Expansion,OWN,2 years,110181,22.92,D,17.31,60,10600,9500.0,9500.0,Fully Paid,10653.86,2023-12-31
LN101864,CU21864,Sarah Taylor,2022-04-07,2022-04-15,Central,Abuja FCT,Debt Consolidation,OWN,2 years,87275,14.97,B,10.05,36,7600,7300.0,7300.0,Fully Paid,7679.37,2023-12-31
LN101865,CU21865,Jessica Thompson,2021-11-12,2021-11-14,North,Kaduna,Education,RENT,10+ years,28867,8.73,B,11.42,60,20000,19800.0,18700.0,Current,9344.86,2023-12-17
LN101866,CU21866,Nancy Jackson,2022-04-08,2022-04-15,East,Enugu,Business Expansion,RENT,9 years,80831,9.99,G,28.02,60,22600,20800.0,18600.0,Fully Paid,26551.53,2023-12-31
LN101867,CU21867,Richard Hernandez,2023-03-19,2023-04-06,East,Anambra,Business Expansion,OWN,9 years,39974,27.72,D,16.28,36,33500,28700.0,27200.0,Charged Off,10968.14,2023-12-31
LN101868,CU21868,Dorothy Anderson,2022-07-06,2022-07-21,North,Kano,Personal,RENT,1 year,90712,23.07,B,9.49,36,23200,22600.0,22600.0,Fully Paid,28824.2,2023-12-31
LN101869,CU21869,Christopher Flores,2021-04-26,2021-05-09,Central,Niger,Home Improvement,OWN,2 years,47451,10.05,C,12.73,60,7100,6300.0,6100.0,Current,3602.49,2023-12-12
LN101870,CU21870,Donna White,2021-05-15,2021-05-18,East,Anambra,Business Expansion,OWN,6 years,71129,22.73,C,12.55,60,13400,11900.0,11600.0,Fully Paid,15714.02,2023-12-31
LN101871,CU21871,Michelle Miller,2022-01-06,2022-01-10,Central,Niger,Debt Consolidation,RENT,7 years,104537,16.48,C,12.23,36,3100,3000.0,3000.0,Fully Paid,3358.91,2023-12-31
LN101872,CU21872,William Ramirez,2022-10-15,2022-10-24,East,Abia,Debt Consolidation,OWN,10+ years,56367,5.54,B,11.56,60,15300,13100.0,11500.0,Fully Paid,17281.39,2023-12-31
LN101873,CU21873,Brian Johnson,2021-09-04,2021-09-22,Central,Plateau,Personal,RENT,3 years,32359,12.51,A,6.08,36,15800,14600.0,13700.0,Fully Paid,16711.47,2023-12-31
LN101874,CU21874,Sarah Brown,2021-08-05,2021-08-17,South,Delta,Business Expansion,OWN,5 years,45616,9.59,A,8.07,60,9900,9900.0,9200.0,Charged Off,1455.73,2022-11-19
LN101875,CU21875,George Rodriguez,2022-09-06,2022-09-22,North,Kaduna,Business Expansion,OWN,10+ years,35978,17.68,A,8.52,60,23800,19700.0,19100.0,Fully Paid,23409.48,2023-12-31
LN101876,CU21876,Thomas Robinson,2023-02-06,2023-02-09,Central,Niger,Agriculture,MORTGAGE,4 years,46554,6.8,D,17.58,36,22200,19000.0,18900.0,Fully Paid,21296.72,2023-12-31
LN101877,CU21877,Thomas Lee,2022-01-05,2022-01-21,Central,Abuja FCT,Agriculture,MORTGAGE,< 1 year,95555,30.07,B,9.91,60,1000,1000.0,900.0,Charged Off,346.35,2023-12-31
LN101878,CU21878,Andrew Gonzalez,2021-12-15,2021-12-27,South,Delta,Small Business Startup,MORTGAGE,9 years,146907,11.04,B,11.96,60,27700,27700.0,26900.0,Current,12530.27,2023-12-28
LN101879,CU21879,David Perez,2023-06-07,2023-06-24,West,Oyo,Debt Consolidation,RENT,< 1 year,43079,4.48,E,21.53,60,6700,6400.0,6400.0,Fully Paid,7409.81,2023-12-31
LN101880,CU21880,Kimberly Gonzalez,2022-10-19,2022-10-24,Central,Niger,Business Expansion,MORTGAGE,6 years,50608,21.67,C,14.13,60,24200,22700.0,20500.0,Fully Paid,25005.65,2023-12-31
LN101881,CU21881,Steven Moore,2021-09-14,,West,Osun,Car Purchase,MORTGAGE,9 years,49539,23.22,F,25.12,60,23200,0.0,0.0,Rejected,0.0,
LN101882,CU21882,Karen Wilson,2021-06-14,2021-06-20,East,Imo,Small Business Startup,MORTGAGE,6 years,16999,31.55,F,22.68,36,13800,13800.0,13500.0,Current,12104.38,2023-12-25
LN101883,CU21883,Paul Lopez,2021-12-11,2021-12-18,East,Abia,Education,RENT,7 years,109306,28.16,G,26.69,60,12000,11000.0,9400.0,Fully Paid,12381.44,2023-12-31
LN101884,CU21884,Dorothy Smith,2021-11-29,2021-12-19,North,Kano,Debt Consolidation,OWN,4 years,83217,26.22,B,9.26,36,13800,11600.0,11000.0,Charged Off,1237.98,2023-11-19
LN101885,CU21885,Anthony Sanchez,2021-03-23,,South,Bayelsa,Car Purchase,OWN,6 years,87217,20.27,G,27.59,60,27300,0.0,0.0,Rejected,0.0,
LN101886,CU21886,Nancy Brown,2023-06-01,2023-06-03,Central,Kogi,Medical Expenses,OWN,2 years,40480,31.66,D,15.2,60,20300,17200.0,16800.0,Charged Off,3711.75,2023-12-03
LN101887,CU21887,Patricia Garcia,2022-05-19,2022-05-24,Central,Niger,Business Expansion,RENT,3 years,51961,18.54,D,16.62,36,13100,11800.0,10900.0,Current,7009.07,2023-12-26
LN101888,CU21888,Jennifer Nguyen,2021-01-12,2021-01-29,South,Bayelsa,Home Improvement,MORTGAGE,< 1 year,82520,20.45,D,16.26,36,26100,25800.0,24200.0,Current,26296.24,2023-12-29
LN101889,CU21889,Christopher Sanchez,2021-08-16,2021-09-01,East,Abia,Home Improvement,MORTGAGE,6 years,67354,8.03,A,8.49,36,22700,22700.0,21100.0,Fully Paid,29761.8,2023-12-31
LN101890,CU21890,Charles Wilson,2021-01-22,2021-01-28,Central,Kogi,Education,OWN,9 years,57391,14.92,A,6.98,60,14600,11700.0,10100.0,Fully Paid,13772.04,2023-12-31
LN101891,CU21891,Margaret Martinez,2022-02-26,2022-03-08,South,Rivers,Debt Consolidation,OWN,6 years,36164,25.6,B,9.34,60,25600,19700.0,19700.0,Fully Paid,26388.14,2023-12-31
LN101892,CU21892,William Gonzalez,2022-12-16,2022-12-31,North,Katsina,Debt Consolidation,RENT,4 years,50955,22.06,A,6.35,36,1000,1000.0,1000.0,Fully Paid,1190.96,2023-12-31
LN101893,CU21893,Matthew King,2023-05-11,2023-05-20,East,Abia,Medical Expenses,OWN,6 years,48552,17.24,E,21.43,36,28500,28500.0,27200.0,Fully Paid,31464.52,2023-12-31
LN101894,CU21894,Sarah Ramirez,2022-11-03,2022-11-04,North,Katsina,Debt Consolidation,RENT,1 year,48367,29.15,C,13.53,60,16500,14200.0,13600.0,Fully Paid,18470.91,2023-12-31
LN101895,CU21895,Michelle Flores,2021-12-20,2021-12-30,Central,Niger,Small Business Startup,RENT,2 years,53826,13.47,E,18.16,36,11800,9400.0,8900.0,Fully Paid,11125.74,2023-12-31
LN101896,CU21896,Deborah Moore,2021-12-11,2021-12-18,North,Katsina,Car Purchase,OWN,4 years,60120,32.32,A,7.04,60,1000,900.0,900.0,Fully Paid,1049.95,2023-12-31
LN101897,CU21897,Mark Torres,2023-01-06,2023-01-19,North,Kano,Education,RENT,8 years,167909,2.62,C,13.11,36,19600,19600.0,19200.0,Fully Paid,21384.48,2023-12-31
LN101898,CU21898,Andrew Williams,2021-12-21,2021-12-24,East,Abia,Education,OWN,8 years,31594,4.82,D,16.3,60,3600,3600.0,3500.0,Fully Paid,4837.59,2023-12-31
LN101899,CU21899,Joshua Perez,2022-10-03,2022-10-12,South,Akwa Ibom,Car Purchase,RENT,4 years,59151,7.17,A,6.52,60,15600,15300.0,14300.0,Fully Paid,19646.26,2023-12-31
LN101900,CU21900,Mary Williams,2023-09-04,2023-09-06,Central,Niger,Home Improvement,MORTGAGE,1 year,74629,13.87,F,23.05,60,16200,15200.0,14500.0,Fully Paid,19819.72,2023-12-31
LN101901,CU21901,Anthony Miller,2023-07-23,2023-08-07,East,Anambra,Medical Expenses,MORTGAGE,8 years,42536,14.58,E,19.05,36,16900,16900.0,16900.0,Charged Off,7839.42,2023-11-29
LN101902,CU21902,Paul Lewis,2022-06-10,2022-06-18,East,Abia,Education,RENT,7 years,58884,13.59,B,9.39,60,4700,4500.0,4000.0,Fully Paid,5973.23,2023-12-31
LN101903,CU21903,Robert White,2023-11-30,2023-12-02,East,Enugu,Small Business Startup,RENT,8 years,59130,26.48,B,11.24,36,11900,9900.0,9400.0,Current,530.3,2023-11-17
LN101904,CU21904,David Torres,2023-11-25,2023-12-13,North,Kaduna,Medical Expenses,RENT,5 years,143121,17.83,A,6.12,60,8500,7500.0,7500.0,Fully Paid,8527.63,2023-12-31
LN101905,CU21905,Lisa Clark,2022-11-23,2022-12-02,West,Lagos,Home Improvement,OWN,3 years,42042,24.06,B,11.12,60,14500,14500.0,13600.0,Fully Paid,17800.81,2023-12-31
LN101906,CU21906,Susan Johnson,2023-06-21,2023-07-07,West,Osun,Business Expansion,MORTGAGE,3 years,41390,11.7,D,15.07,60,1000,900.0,800.0,Fully Paid,1184.67,2023-12-31
LN101907,CU21907,Emily Rodriguez,2023-05-12,2023-05-15,South,Delta,Car Purchase,RENT,7 years,81059,13.53,C,14.73,60,19000,18000.0,17000.0,Fully Paid,23063.93,2023-12-31
LN101908,CU21908,Steven Allen,2022-03-23,2022-04-05,West,Oyo,Agriculture,MORTGAGE,5 years,92148,29.35,D,17.03,36,8100,8100.0,7500.0,Fully Paid,9003.75,2023-12-31
LN101909,CU21909,Susan Martin,2023-03-30,2023-03-31,South,Bayelsa,Debt Consolidation,OWN,5 years,42562,9.79,C,14.4,60,14600,13000.0,11800.0,Fully Paid,16133.52,2023-12-31
LN101910,CU21910,William Rodriguez,2021-05-01,2021-05-04,North,Katsina,Home Improvement,RENT,10+ years,66356,17.42,E,21.43,60,27100,27100.0,24900.0,Fully Paid,31718.97,2023-12-31
LN101911,CU21911,Mark Johnson,2022-02-26,2022-03-04,West,Osun,Home Improvement,OWN,< 1 year,33126,33.6,D,17.29,60,9000,8100.0,7400.0,Fully Paid,10843.04,2023-12-31
LN101912,CU21912,James Walker,2023-11-09,2023-11-25,South,Delta,Home Improvement,MORTGAGE,1 year,76661,7.36,E,20.69,36,14100,11900.0,11700.0,Charged Off,2105.81,2023-12-31
LN101913,CU21913,Deborah Wilson,2021-07-05,2021-07-25,South,Bayelsa,Business Expansion,RENT,< 1 year,40332,28.97,C,13.6,60,19500,16200.0,14900.0,Fully Paid,18979.39,2023-12-31
LN101914,CU21914,David Johnson,2021-06-28,2021-07-18,South,Delta,Car Purchase,MORTGAGE,3 years,45305,7.83,B,11.87,60,26000,22500.0,21200.0,Fully Paid,24387.44,2023-12-31
LN101915,CU21915,Deborah Torres,2023-07-10,2023-07-30,Central,Plateau,Debt Consolidation,OWN,6 years,25057,3.77,C,13.8,36,11800,10500.0,10500.0,Fully Paid,12721.62,2023-12-31
LN101916,CU21916,James White,2022-07-11,,East,Anambra,Debt Consolidation,OWN,8 years,59419,13.27,G,29.65,60,1000,0.0,0.0,Rejected,0.0,
LN101917,CU21917,Kevin Thomas,2021-06-04,2021-06-21,North,Kano,Business Expansion,RENT,8 years,35179,4.97,E,18.45,60,33200,30800.0,28700.0,Fully Paid,32391.56,2023-12-31
LN101918,CU21918,Matthew Moore,2022-12-05,2022-12-09,South,Rivers,Education,MORTGAGE,8 years,102449,7.49,F,24.32,36,8700,7800.0,7400.0,Fully Paid,10181.14,2023-12-31
LN101919,CU21919,Deborah Nguyen,2022-11-04,2022-11-08,South,Rivers,Education,OWN,3 years,62607,9.84,B,11.82,36,27800,21700.0,19200.0,Fully Paid,28884.32,2023-12-31
LN101920,CU21920,Anthony Martin,2021-04-09,2021-04-26,North,Katsina,Wedding,OWN,< 1 year,36640,23.61,C,13.54,36,16200,15300.0,13300.0,Fully Paid,20040.71,2023-12-31
LN101921,CU21921,Robert Robinson,2021-11-04,2021-11-22,South,Bayelsa,Wedding,MORTGAGE,2 years,90371,33.06,D,16.8,60,6800,6500.0,6100.0,Current,3061.82,2023-12-13
LN101922,CU21922,Karen King,2021-02-09,2021-02-28,East,Enugu,Agriculture,RENT,2 years,56395,14.71,C,13.55,60,13800,13500.0,13100.0,Current,8392.26,2023-11-21
LN101923,CU21923,Sarah Garcia,2021-01-05,2021-01-09,North,Katsina,Business Expansion,RENT,9 years,29494,7.56,B,11.06,60,34100,30800.0,29000.0,Current,19789.07,2023-12-06
LN101924,CU21924,William Smith,2023-12-23,2024-01-07,Central,Abuja FCT,Wedding,OWN,< 1 year,28153,31.11,B,9.72,36,30500,30500.0,28700.0,Charged Off,14600.5,2023-12-31
LN101925,CU21925,Anthony Gonzalez,2022-07-06,2022-07-12,East,Imo,Debt Consolidation,OWN,5 years,78917,26.91,A,8.41,60,12500,12100.0,12100.0,Fully Paid,13917.45,2023-12-31
LN101926,CU21926,Carol Young,2022-01-01,2022-01-11,North,Kaduna,Business Expansion,OWN,4 years,82059,31.01,G,29.24,36,4600,4600.0,4600.0,Charged Off,2476.88,2022-09-18
LN101927,CU21927,Anthony Hill,2021-11-16,2021-11-22,North,Kaduna,Business Expansion,OWN,7 years,95930,16.13,B,10.09,36,1000,900.0,800.0,Fully Paid,1016.89,2023-12-31
LN101928,CU21928,Betty Brown,2023-07-09,2023-07-17,South,Bayelsa,Business Expansion,OWN,2 years,50246,26.92,E,21.67,60,18500,14100.0,13000.0,Fully Paid,15367.41,2023-12-31
LN101929,CU21929,Brian Martin,2022-12-28,2023-01-15,North,Sokoto,Education,OWN,6 years,42398,16.18,D,15.77,36,23900,22300.0,21900.0,Fully Paid,28698.58,2023-12-31
LN101930,CU21930,Sarah Johnson,2022-07-12,2022-07-31,South,Bayelsa,Debt Consolidation,MORTGAGE,8 years,105537,8.04,C,12.44,60,26000,21500.0,20700.0,Fully Paid,25789.76,2023-12-31
LN101931,CU21931,Lisa Moore,2021-11-08,2021-11-21,West,Osun,Car Purchase,OWN,2 years,45862,16.97,A,6.69,36,28700,28200.0,28200.0,Fully Paid,33531.99,2023-12-31
LN101932,CU21932,Michelle King,2021-05-31,2021-06-06,West,Oyo,Medical Expenses,OWN,5 years,57155,25.95,D,16.74,60,22400,18600.0,18600.0,Current,9682.79,2023-12-15
LN101933,CU21933,Barbara Hill,2022-01-13,2022-01-14,Central,Plateau,Business Expansion,OWN,6 years,41489,13.29,D,16.69,36,19900,19400.0,19300.0,Fully Paid,22687.26,2023-12-31
LN101934,CU21934,Andrew Nguyen,2022-01-23,2022-02-11,West,Ogun,Personal,RENT,6 years,30981,26.61,E,20.44,36,17800,17800.0,17300.0,Fully Paid,21911.1,2023-12-31
LN101935,CU21935,George Scott,2022-10-19,2022-11-06,South,Delta,Home Improvement,MORTGAGE,7 years,22344,25.6,A,8.6,60,13500,12600.0,12100.0,Fully Paid,15914.24,2023-12-31
LN101936,CU21936,Michelle Lopez,2021-01-26,2021-01-28,East,Abia,Wedding,RENT,1 year,76562,25.46,E,18.99,36,33700,28200.0,28200.0,Fully Paid,36944.26,2023-12-28
LN101937,CU21937,Joshua Thomas,2022-02-14,2022-02-19,North,Sokoto,Wedding,MORTGAGE,8 years,113502,26.32,F,24.98,36,12400,12400.0,11900.0,Fully Paid,14517.12,2023-12-31
LN101938,CU21938,James Jones,2021-04-12,2021-04-17,East,Imo,Debt Consolidation,MORTGAGE,10+ years,77337,24.24,E,20.79,60,17700,17100.0,17100.0,Fully Paid,21671.05,2023-12-31
LN101939,CU21939,Robert Martin,2022-08-06,2022-08-10,South,Rivers,Debt Consolidation,MORTGAGE,9 years,45178,15.65,D,15.21,60,22600,20600.0,19200.0,Charged Off,7380.84,2023-12-31
LN101940,CU21940,Christopher Martinez,2021-09-29,2021-10-10,Central,Plateau,Car Purchase,OWN,9 years,65556,31.74,C,13.84,60,2300,2100.0,2000.0,Fully Paid,2446.76,2023-12-31
LN101941,CU21941,Melissa Rodriguez,2022-11-06,2022-11-14,East,Enugu,Home Improvement,MORTGAGE,10+ years,64023,29.24,C,12.45,36,17100,14400.0,13500.0,Fully Paid,16122.79,2023-12-31
LN101942,CU21942,Ashley Ramirez,2022-06-19,,West,Lagos,Debt Consolidation,MORTGAGE,9 years,26989,20.94,G,27.6,36,12200,0.0,0.0,Rejected,0.0,
LN101943,CU21943,Dorothy White,2021-01-09,2021-01-10,West,Ogun,Education,OWN,7 years,52285,6.55,C,13.98,36,8900,7900.0,7300.0,Fully Paid,9263.12,2023-12-20
LN101944,CU21944,Kimberly Ramirez,2023-09-11,2023-09-12,Central,Kogi,Home Improvement,OWN,10+ years,55438,7.26,B,11.75,60,8100,7500.0,7000.0,Fully Paid,9664.66,2023-12-31
LN101945,CU21945,Ashley Taylor,2022-10-14,2022-11-03,North,Kano,Home Improvement,OWN,1 year,70574,25.9,A,7.97,60,13800,12900.0,11500.0,Fully Paid,15111.21,2023-12-31
LN101946,CU21946,Patricia Young,2022-02-07,2022-02-09,West,Osun,Debt Consolidation,MORTGAGE,2 years,87724,34.83,D,15.22,60,29100,20200.0,19400.0,Current,7843.41,2023-11-25
LN101947,CU21947,Edward Lopez,2022-11-15,2022-12-04,North,Kano,Business Expansion,MORTGAGE,9 years,89345,30.85,C,13.79,36,9300,8900.0,8500.0,Current,3447.35,2023-12-18
LN101948,CU21948,Sandra Williams,2022-01-12,2022-01-22,South,Akwa Ibom,Home Improvement,RENT,4 years,68413,12.05,D,15.83,60,13800,11700.0,11700.0,Fully Paid,12285.3,2023-12-31
LN101949,CU21949,Ashley Ramirez,2023-12-31,2024-01-03,North,Katsina,Medical Expenses,RENT,2 years,61181,16.27,D,17.32,60,17300,14600.0,14600.0,Fully Paid,19205.66,2023-12-31
LN101950,CU21950,Donald Clark,2021-05-27,2021-05-30,East,Enugu,Debt Consolidation,RENT,10+ years,38425,27.73,B,9.1,60,24600,23700.0,23700.0,Fully Paid,26583.52,2023-12-31
LN101951,CU21951,David Wright,2021-06-10,2021-06-12,Central,Kogi,Car Purchase,RENT,5 years,49981,8.69,B,10.15,60,17400,14500.0,13900.0,Fully Paid,15544.18,2023-12-31
LN101952,CU21952,Daniel Allen,2022-12-11,2022-12-22,North,Sokoto,Business Expansion,MORTGAGE,1 year,59362,12.89,D,17.19,36,10100,10100.0,9200.0,Fully Paid,11974.23,2023-12-31
LN101953,CU21953,Amanda Flores,2022-05-25,2022-05-27,West,Oyo,Home Improvement,MORTGAGE,10+ years,101532,27.37,B,9.35,60,30900,30900.0,30900.0,Fully Paid,40058.06,2023-12-31
LN101954,CU21954,Patricia Jackson,2021-01-26,,North,Kano,Medical Expenses,MORTGAGE,4 years,46316,29.04,G,27.28,60,14200,0.0,0.0,Rejected,0.0,
LN101955,CU21955,Linda Wright,2022-05-25,2022-06-12,East,Enugu,Medical Expenses,MORTGAGE,8 years,94194,11.33,D,15.45,36,17000,16600.0,16600.0,Charged Off,3394.75,2023-08-07
LN101956,CU21956,Betty Hernandez,2023-11-19,2023-11-20,North,Kano,Debt Consolidation,RENT,8 years,24191,25.16,A,7.66,60,26600,25000.0,24600.0,Fully Paid,30256.34,2023-12-31
LN101957,CU21957,Elizabeth Sanchez,2022-11-24,2022-12-14,East,Anambra,Debt Consolidation,OWN,6 years,72538,27.89,C,12.85,60,20900,18200.0,18200.0,Current,3751.23,2023-12-16
LN101958,CU21958,Nancy Clark,2021-04-24,2021-05-03,South,Delta,Home Improvement,OWN,9 years,63358,25.65,A,8.96,60,8100,7200.0,6700.0,Fully Paid,8646.78,2023-12-31
LN101959,CU21959,Patricia Ramirez,2023-11-02,2023-11-22,West,Lagos,Medical Expenses,MORTGAGE,9 years,75870,5.25,B,10.68,36,4800,4500.0,4200.0,Current,258.04,2023-11-16
LN101960,CU21960,Linda Hill,2022-08-01,2022-08-14,Central,Abuja FCT,Debt Consolidation,OWN,1 year,39384,17.29,D,15.28,36,11500,9900.0,9900.0,Fully Paid,10680.86,2023-12-31
LN101961,CU21961,Sarah Scott,2022-12-04,2022-12-08,East,Enugu,Business Expansion,OWN,6 years,94001,23.73,B,9.72,36,17000,15700.0,14400.0,Fully Paid,18384.44,2023-12-31
LN101962,CU21962,Sandra Hernandez,2022-10-05,2022-10-21,South,Rivers,Business Expansion,OWN,9 years,59065,27.81,C,14.71,36,24000,21300.0,19700.0,Fully Paid,24107.15,2023-12-31
LN101963,CU21963,Sarah Jackson,2023-12-26,2023-12-29,West,Lagos,Debt Consolidation,MORTGAGE,10+ years,47893,30.27,D,17.32,36,8000,7400.0,6400.0,Fully Paid,7911.02,2023-12-31
LN101964,CU21964,Melissa Jones,2022-05-15,2022-05-28,Central,Kogi,Business Expansion,MORTGAGE,4 years,33941,23.76,E,19.68,60,18600,15400.0,15300.0,Fully Paid,16781.09,2023-12-31
LN101965,CU21965,Barbara Thomas,2021-01-06,2021-01-19,East,Abia,Debt Consolidation,RENT,3 years,111313,18.63,E,21.9,36,7400,7400.0,6800.0,Charged Off,2718.1,2021-03-06
LN101966,CU21966,William White,2021-01-13,2021-01-24,West,Osun,Agriculture,OWN,6 years,26227,9.04,C,13.55,36,8100,8000.0,7300.0,Fully Paid,8524.4,2023-12-25
LN101967,CU21967,John Sanchez,2023-06-08,2023-06-22,West,Ogun,Wedding,OWN,5 years,33306,21.73,B,9.13,36,6300,6100.0,5200.0,Fully Paid,6419.67,2023-12-31
LN101968,CU21968,Donna Davis,2021-03-31,2021-04-08,North,Kano,Business Expansion,MORTGAGE,1 year,49365,33.68,B,11.97,36,9300,9200.0,7900.0,Fully Paid,10055.13,2023-12-31
LN101969,CU21969,Mary Hill,2021-11-20,2021-12-02,East,Imo,Medical Expenses,MORTGAGE,3 years,63737,18.67,C,14.3,60,20400,19800.0,18300.0,Fully Paid,24924.92,2023-12-31
LN101970,CU21970,Joseph Davis,2023-03-15,2023-03-17,Central,Niger,Agriculture,OWN,< 1 year,32463,32.58,D,16.87,60,16400,15100.0,13800.0,Charged Off,8810.91,2023-12-31
LN101971,CU21971,Ashley Jackson,2022-07-14,2022-07-25,East,Imo,Debt Consolidation,MORTGAGE,9 years,34345,12.65,A,8.86,36,12700,10400.0,10300.0,Fully Paid,12657.33,2023-12-31
LN101972,CU21972,Charles Jackson,2023-11-19,2023-12-07,East,Anambra,Car Purchase,OWN,1 year,77011,33.22,C,13.67,36,17600,17600.0,17600.0,Fully Paid,20316.7,2023-12-31
LN101973,CU21973,Kimberly Wilson,2022-11-08,2022-11-28,East,Imo,Debt Consolidation,RENT,6 years,49940,14.49,B,9.47,36,19400,19400.0,18100.0,Fully Paid,22529.19,2023-12-31
LN101974,CU21974,Ashley Flores,2022-10-07,2022-10-21,West,Lagos,Small Business Startup,MORTGAGE,6 years,61819,17.11,B,10.14,36,17000,13600.0,12300.0,Current,5622.09,2023-12-23
LN101975,CU21975,Karen Wright,2023-07-06,2023-07-20,West,Lagos,Agriculture,OWN,4 years,56776,34.54,A,7.35,36,25900,24100.0,22800.0,Fully Paid,28241.14,2023-12-31
LN101976,CU21976,Richard Thompson,2023-10-30,2023-10-31,North,Sokoto,Medical Expenses,RENT,< 1 year,76202,33.92,C,12.21,36,19500,16700.0,16300.0,Charged Off,3593.84,2023-12-31
LN101977,CU21977,Jennifer Ramirez,2022-10-10,2022-10-29,West,Lagos,Medical Expenses,RENT,< 1 year,39008,21.75,D,16.04,60,4300,3500.0,3500.0,Charged Off,575.66,2023-12-31
LN101978,CU21978,Karen Jones,2022-10-31,2022-11-13,South,Delta,Debt Consolidation,RENT,7 years,72140,22.02,B,10.7,36,26900,22300.0,21400.0,Fully Paid,28311.56,2023-12-31
LN101979,CU21979,Susan Miller,2021-04-22,2021-05-09,East,Abia,Personal,RENT,7 years,35412,12.86,B,9.37,36,18500,16600.0,15100.0,Fully Paid,20076.96,2023-12-31
LN101980,CU21980,Melissa Martin,2023-05-30,2023-06-06,West,Ogun,Education,RENT,6 years,45309,4.06,D,17.66,36,13300,13000.0,11900.0,Fully Paid,16432.58,2023-12-31
LN101981,CU21981,Thomas Scott,2021-01-15,2021-01-23,West,Osun,Business Expansion,RENT,10+ years,54792,22.36,C,13.41,36,12600,10600.0,10400.0,Fully Paid,13337.13,2023-11-15
LN101982,CU21982,Donald Garcia,2022-05-16,2022-05-22,Central,Kogi,Debt Consolidation,OWN,10+ years,88574,10.01,B,9.3,36,24800,19100.0,16800.0,Charged Off,5346.86,2023-11-03
LN101983,CU21983,Jessica Wilson,2023-09-09,2023-09-19,South,Delta,Small Business Startup,OWN,10+ years,23672,22.05,C,12.4,60,18600,18600.0,18300.0,Fully Paid,20568.12,2023-12-31
LN101984,CU21984,William Lee,2023-03-20,2023-03-29,South,Delta,Business Expansion,RENT,6 years,102334,12.09,A,7.85,36,13000,13000.0,12700.0,Fully Paid,15496.25,2023-12-31
LN101985,CU21985,Michelle Hernandez,2021-10-16,2021-10-17,South,Akwa Ibom,Education,OWN,2 years,30729,26.2,E,18.95,36,26800,21900.0,21500.0,Fully Paid,24646.45,2023-12-31
LN101986,CU21986,Robert Ramirez,2022-04-12,2022-04-19,Central,Niger,Education,OWN,8 years,97425,15.56,A,6.84,36,1000,900.0,900.0,Fully Paid,1078.55,2023-12-31
LN101987,CU21987,Joshua Nguyen,2021-01-19,2021-01-22,Central,Niger,Car Purchase,MORTGAGE,7 years,35772,4.34,B,9.99,60,5500,4200.0,4100.0,Fully Paid,4748.6,2023-12-31
LN101988,CU21988,William Harris,2022-10-25,2022-11-01,North,Katsina,Small Business Startup,RENT,9 years,54410,8.3,B,11.07,36,31400,23900.0,22600.0,Fully Paid,26680.55,2023-12-31
LN101989,CU21989,James Sanchez,2022-03-14,2022-03-19,East,Anambra,Car Purchase,MORTGAGE,2 years,77879,27.74,C,12.55,60,7600,7300.0,6500.0,Fully Paid,8744.15,2023-12-31
LN101990,CU21990,Sandra Wilson,2023-04-29,2023-05-12,South,Rivers,Car Purchase,MORTGAGE,8 years,80214,16.44,C,14.1,36,1000,900.0,800.0,Fully Paid,1025.66,2023-12-31
LN101991,CU21991,Mary Lewis,2023-01-11,2023-01-22,North,Kano,Car Purchase,OWN,3 years,64823,5.85,F,23.51,36,24700,22000.0,21700.0,Fully Paid,24218.47,2023-12-31
LN101992,CU21992,Karen Rodriguez,2021-03-18,2021-03-20,East,Enugu,Car Purchase,MORTGAGE,7 years,61661,18.73,D,17.37,60,11500,11000.0,10300.0,Current,6500.17,2023-12-30
LN101993,CU21993,Carol Ramirez,2023-11-03,2023-11-15,West,Oyo,Debt Consolidation,OWN,6 years,40941,6.46,D,16.36,36,30100,24900.0,23300.0,Fully Paid,26163.08,2023-12-31
LN101994,CU21994,Margaret Hernandez,2022-05-17,2022-05-30,North,Kaduna,Agriculture,MORTGAGE,6 years,57209,8.15,D,15.57,60,22500,19400.0,19400.0,Fully Paid,24999.6,2023-12-31
LN101995,CU21995,Anthony Jones,2022-07-02,2022-07-06,East,Abia,Debt Consolidation,RENT,9 years,84241,26.35,B,10.46,36,10600,8700.0,8000.0,Fully Paid,9702.91,2023-12-31
LN101996,CU21996,Brian Torres,2021-06-08,2021-06-10,West,Oyo,Medical Expenses,RENT,9 years,51514,22.88,B,11.74,60,12100,11200.0,11200.0,Fully Paid,13843.94,2023-12-31
LN101997,CU21997,Christopher Smith,2021-10-20,2021-10-25,East,Anambra,Small Business Startup,RENT,6 years,24753,27.55,B,9.89,36,28200,28200.0,27000.0,Fully Paid,37861.54,2023-12-31
LN101998,CU21998,Matthew Miller,2021-11-18,2021-11-22,South,Rivers,Debt Consolidation,MORTGAGE,8 years,68372,22.59,C,13.76,36,10000,9000.0,8600.0,Fully Paid,10228.45,2023-12-31
LN101999,CU21999,Nancy Anderson,2021-01-09,2021-01-23,East,Enugu,Personal,MORTGAGE,1 year,43809,26.48,D,15.55,60,19200,19200.0,19200.0,Fully Paid,25849.21,2023-12-31
LN102000,CU22000,David Rodriguez,2023-10-17,2023-10-28,South,Akwa Ibom,Business Expansion,RENT,2 years,71622,29.48,E,21.31,36,17900,13100.0,12600.0,Fully Paid,15567.1,2023-12-31
LN102001,CU22001,Brian Young,2021-09-21,2021-09-23,North,Kano,Agriculture,OWN,7 years,50083,6.68,C,13.58,60,1800,1800.0,1800.0,Fully Paid,2185.19,2023-12-31
LN102002,CU22002,Charles Jones,2023-02-27,2023-03-08,West,Lagos,Medical Expenses,MORTGAGE,1 year,65976,27.05,E,21.95,36,18800,18300.0,15500.0,Fully Paid,21246.73,2023-12-31
LN102003,CU22003,Sandra Torres,2023-03-13,2023-03-28,Central,Kogi,Debt Consolidation,OWN,10+ years,82727,9.14,C,12.97,60,13800,12700.0,12400.0,Fully Paid,15496.68,2023-12-31
LN102004,CU22004,Matthew Gonzalez,2021-01-08,2021-01-12,Central,Niger,Wedding,MORTGAGE,7 years,57144,25.81,A,6.46,60,8800,7600.0,7500.0,Charged Off,2823.41,2021-11-26
LN102005,CU22005,Anthony Garcia,2021-09-29,2021-10-10,West,Osun,Business Expansion,OWN,1 year,110033,24.6,B,10.26,60,18500,18500.0,18500.0,Fully Paid,23223.33,2023-12-31
LN102006,CU22006,Sarah Perez,2022-10-23,2022-10-27,West,Osun,Home Improvement,RENT,5 years,43022,26.53,B,11.67,60,23000,23000.0,21100.0,Fully Paid,25337.82,2023-12-31
LN102007,CU22007,Margaret Moore,2021-04-18,2021-05-05,North,Kaduna,Debt Consolidation,RENT,8 years,78842,33.91,B,10.34,60,10800,9800.0,9700.0,Fully Paid,11146.04,2023-12-31
LN102008,CU22008,Daniel Jones,2022-12-24,2023-01-02,West,Osun,Debt Consolidation,RENT,5 years,110509,32.42,B,9.32,36,15200,14800.0,14500.0,Fully Paid,16694.45,2023-12-31
LN102009,CU22009,Steven Nguyen,2022-08-30,2022-09-06,Central,Plateau,Education,OWN,2 years,22420,32.24,E,21.21,36,12100,8800.0,8800.0,Fully Paid,11648.07,2023-12-31
LN102010,CU22010,Mary Allen,2023-08-21,2023-09-04,South,Akwa Ibom,Personal,OWN,1 year,27873,31.69,A,7.36,36,19100,17700.0,16600.0,Current,1670.12,2023-12-12
LN102011,CU22011,Sarah Martinez,2021-05-05,2021-05-07,South,Bayelsa,Home Improvement,OWN,< 1 year,35603,9.38,A,8.39,60,20500,16200.0,15400.0,Fully Paid,20586.4,2023-12-31
LN102012,CU22012,Mary Hill,2022-03-12,2022-03-15,East,Enugu,Home Improvement,RENT,10+ years,24630,27.99,E,20.31,60,3100,3100.0,3100.0,Fully Paid,3697.34,2023-12-31
LN102013,CU22013,Andrew Young,2022-11-21,2022-12-03,South,Akwa Ibom,Medical Expenses,OWN,8 years,59985,12.3,D,15.81,36,27500,26800.0,26800.0,Fully Paid,30313.23,2023-12-31
LN102014,CU22014,Karen Lee,2022-02-24,2022-03-06,North,Katsina,Agriculture,RENT,6 years,63924,8.35,C,14.26,60,17100,16200.0,16200.0,Fully Paid,21742.1,2023-12-31
LN102015,CU22015,Andrew Lee,2022-05-30,2022-06-04,West,Ogun,Debt Consolidation,MORTGAGE,< 1 year,48350,21.63,F,25.55,36,16800,16600.0,16600.0,Fully Paid,19582.34,2023-12-31
LN102016,CU22016,Amanda Flores,2021-10-29,2021-11-10,East,Imo,Small Business Startup,MORTGAGE,< 1 year,67953,34.27,E,21.21,36,25300,19600.0,17300.0,Fully Paid,24110.73,2023-12-31
LN102017,CU22017,William Perez,2021-02-05,2021-02-07,Central,Kogi,Home Improvement,RENT,3 years,59667,10.32,E,21.38,36,15900,13600.0,13000.0,Current,14012.1,2023-12-03
LN102018,CU22018,Kevin Robinson,2023-12-27,2023-12-31,West,Oyo,Debt Consolidation,RENT,7 years,41558,5.5,B,10.09,60,22400,22400.0,22400.0,Fully Paid,23968.18,2023-12-31
LN102019,CU22019,Margaret Moore,2022-02-17,,Central,Niger,Car Purchase,OWN,8 years,56787,31.37,E,20.09,36,21900,0.0,0.0,Rejected,0.0,
LN102020,CU22020,Joshua Lee,2023-11-20,2023-11-28,Central,Plateau,Agriculture,RENT,1 year,55606,31.9,C,13.71,36,14200,13300.0,13300.0,Fully Paid,14841.93,2023-12-31
LN102021,CU22021,Margaret Johnson,2022-07-28,,East,Abia,Medical Expenses,OWN,7 years,64205,34.41,E,19.68,60,25200,0.0,0.0,Rejected,0.0,
LN102022,CU22022,Charles King,2023-06-28,2023-07-17,South,Rivers,Wedding,OWN,< 1 year,32474,34.21,A,7.15,36,9500,9200.0,8200.0,Fully Paid,12327.83,2023-12-31
LN102023,CU22023,Carol Garcia,2023-12-21,2023-12-31,East,Enugu,Debt Consolidation,OWN,7 years,34974,9.77,A,7.62,36,19700,18000.0,18000.0,Fully Paid,23686.31,2023-12-31
LN102024,CU22024,Lisa Perez,2023-04-29,2023-05-13,Central,Kogi,Debt Consolidation,MORTGAGE,8 years,31081,32.01,E,20.37,36,11000,8800.0,8800.0,Fully Paid,9861.9,2023-12-31
LN102025,CU22025,George Martinez,2021-09-01,2021-09-06,South,Bayelsa,Agriculture,RENT,9 years,87613,33.04,D,16.51,36,8400,7300.0,7000.0,Fully Paid,8164.32,2023-12-31
LN102026,CU22026,Andrew Brown,2022-10-10,2022-10-12,North,Katsina,Education,RENT,8 years,15000,24.02,B,10.88,60,23000,21000.0,19300.0,Fully Paid,25528.79,2023-12-31
LN102027,CU22027,Sandra Lewis,2022-06-16,2022-07-02,Central,Kogi,Business Expansion,OWN,10+ years,48192,2.46,C,14.37,60,21600,19400.0,18900.0,Fully Paid,21548.7,2023-12-31
LN102028,CU22028,Robert Wright,2023-07-16,2023-07-28,Central,Abuja FCT,Home Improvement,MORTGAGE,3 years,97122,20.6,C,13.39,36,14300,14300.0,13500.0,Fully Paid,16389.54,2023-12-31
LN102029,CU22029,Patricia Scott,2023-01-27,2023-02-02,Central,Kogi,Education,MORTGAGE,9 years,35009,24.53,G,29.05,60,14400,12300.0,11600.0,Fully Paid,14944.23,2023-12-31
LN102030,CU22030,Thomas Scott,2023-04-22,2023-04-23,Central,Plateau,Medical Expenses,OWN,8 years,48890,32.42,B,9.07,36,29900,29200.0,27200.0,Fully Paid,34151.68,2023-12-31
LN102031,CU22031,Jessica Nguyen,2022-01-05,2022-01-16,West,Lagos,Car Purchase,OWN,10+ years,47790,24.41,F,25.15,36,11000,9400.0,9100.0,Fully Paid,11413.05,2023-12-31
LN102032,CU22032,Paul Miller,2021-07-21,2021-08-06,South,Bayelsa,Personal,MORTGAGE,2 years,66095,25.69,A,8.45,36,15100,14300.0,14300.0,Charged Off,4302.8,2023-05-08
LN102033,CU22033,John Davis,2021-09-28,2021-10-11,North,Katsina,Home Improvement,OWN,7 years,87754,14.83,F,25.12,36,12700,12700.0,12600.0,Fully Paid,16739.1,2023-12-31
LN102034,CU22034,Sarah Allen,2023-07-20,2023-08-03,West,Oyo,Debt Consolidation,OWN,3 years,32325,7.62,B,11.14,36,3500,2800.0,2700.0,Fully Paid,3326.6,2023-12-31
LN102035,CU22035,Anthony King,2022-11-24,2022-12-09,South,Delta,Car Purchase,RENT,7 years,71905,23.25,D,15.04,60,12500,12500.0,12000.0,Fully Paid,13505.85,2023-12-31
LN102036,CU22036,Kevin Wilson,2022-11-06,2022-11-21,North,Sokoto,Business Expansion,RENT,10+ years,51685,23.52,D,15.13,60,7900,7200.0,7000.0,Fully Paid,7630.71,2023-12-31
LN102037,CU22037,Dorothy Garcia,2022-04-01,2022-04-10,Central,Plateau,Small Business Startup,MORTGAGE,4 years,35022,14.76,C,14.13,60,8200,8200.0,8000.0,Charged Off,2327.34,2023-12-31
LN102038,CU22038,Paul Wilson,2022-09-30,2022-10-04,North,Kaduna,Business Expansion,OWN,4 years,45202,24.52,D,17.66,36,21600,18700.0,18000.0,Fully Paid,24887.13,2023-12-31
LN102039,CU22039,Christopher Brown,2023-06-29,2023-07-17,South,Bayelsa,Debt Consolidation,OWN,5 years,31399,5.44,B,10.88,60,13300,13200.0,12700.0,Fully Paid,16804.87,2023-12-31
LN102040,CU22040,Kenneth Lewis,2021-04-20,2021-04-29,West,Osun,Car Purchase,OWN,3 years,62424,22.41,B,10.92,60,15800,14300.0,14300.0,Fully Paid,17213.1,2023-12-31
LN102041,CU22041,Anthony Walker,2021-02-20,2021-03-02,Central,Kogi,Home Improvement,OWN,6 years,62985,32.54,B,11.18,60,29000,25400.0,25400.0,Fully Paid,27175.92,2023-12-31
LN102042,CU22042,William Flores,2022-03-24,2022-04-05,East,Abia,Debt Consolidation,RENT,8 years,235706,15.47,B,10.99,36,1400,1300.0,1300.0,Fully Paid,1559.31,2023-12-31
LN102043,CU22043,Amanda Hernandez,2023-06-19,2023-06-21,Central,Niger,Car Purchase,OWN,1 year,78277,31.64,A,7.53,36,18200,16600.0,15800.0,Current,3111.06,2023-12-10
LN102044,CU22044,Emily White,2022-04-10,2022-04-22,East,Anambra,Debt Consolidation,OWN,2 years,27721,16.71,A,6.9,60,11600,11600.0,10700.0,Current,4067.9,2023-12-15
LN102045,CU22045,Paul Thomas,2023-03-08,2023-03-18,Central,Plateau,Small Business Startup,OWN,7 years,100082,9.11,A,8.73,60,15300,14400.0,14100.0,Fully Paid,18777.14,2023-12-31
LN102046,CU22046,Thomas Harris,2022-12-09,2022-12-12,South,Rivers,Car Purchase,MORTGAGE,10+ years,53819,28.37,A,7.72,60,12100,9600.0,9600.0,Fully Paid,11482.72,2023-12-31
LN102047,CU22047,Michelle Davis,2023-06-25,2023-07-01,West,Lagos,Car Purchase,OWN,5 years,56236,32.49,C,12.04,36,8900,7400.0,7000.0,Charged Off,3198.3,2023-12-31
LN102048,CU22048,Andrew Scott,2021-07-22,2021-08-04,North,Sokoto,Home Improvement,OWN,4 years,19483,2.95,B,11.51,60,15300,11100.0,10800.0,Fully Paid,11850.05,2023-12-31
LN102049,CU22049,Thomas Scott,2023-07-11,2023-07-30,South,Bayelsa,Education,RENT,< 1 year,38184,11.11,B,11.21,36,1000,800.0,800.0,Fully Paid,1046.26,2023-12-31
LN102050,CU22050,Betty Jackson,2021-02-28,2021-03-01,South,Delta,Debt Consolidation,OWN,6 years,54127,34.33,B,11.89,60,17800,16200.0,16200.0,Fully Paid,20148.63,2023-12-31
LN102051,CU22051,Amanda Lopez,2023-05-02,2023-05-16,North,Kano,Personal,RENT,7 years,66685,14.48,B,10.38,60,4700,4700.0,4200.0,Fully Paid,6278.09,2023-12-31
LN102052,CU22052,William Lee,2022-07-24,2022-07-29,West,Ogun,Debt Consolidation,OWN,< 1 year,69240,31.15,F,22.54,36,19800,17900.0,17100.0,Fully Paid,24051.42,2023-12-31
LN102053,CU22053,Michelle Nguyen,2021-05-29,2021-06-12,Central,Abuja FCT,Home Improvement,OWN,7 years,111104,5.64,E,21.89,36,16500,13800.0,13200.0,Fully Paid,17045.2,2023-12-31
LN102054,CU22054,Michael Walker,2022-11-02,2022-11-06,West,Lagos,Home Improvement,OWN,10+ years,43520,17.03,C,12.91,60,6800,6600.0,6600.0,Fully Paid,6983.27,2023-12-31
LN102055,CU22055,Susan Thomas,2023-07-27,2023-08-06,East,Enugu,Debt Consolidation,RENT,6 years,60065,9.8,B,11.72,60,17100,15500.0,15300.0,Current,1158.73,2023-12-28
LN102056,CU22056,Linda Scott,2023-09-30,2023-10-13,West,Ogun,Debt Consolidation,OWN,6 years,17547,19.93,D,15.65,60,10700,10100.0,10100.0,Fully Paid,12525.13,2023-12-31
LN102057,CU22057,Donna Hernandez,2023-06-18,2023-07-08,South,Bayelsa,Debt Consolidation,RENT,4 years,22575,24.56,D,17.44,60,17500,13300.0,13300.0,Charged Off,2768.61,2023-12-31
LN102058,CU22058,Christopher Smith,2022-12-05,2022-12-15,South,Akwa Ibom,Debt Consolidation,OWN,3 years,41227,27.15,B,11.5,60,19700,16100.0,16100.0,Fully Paid,18140.6,2023-12-31
LN102059,CU22059,Betty Walker,2023-12-29,2024-01-14,South,Delta,Education,MORTGAGE,3 years,42037,22.66,A,7.72,60,22100,19500.0,18900.0,Fully Paid,26071.71,2023-12-31
LN102060,CU22060,Thomas White,2021-06-21,2021-06-26,East,Abia,Education,RENT,10+ years,27762,26.2,A,7.45,36,6000,5900.0,5200.0,Fully Paid,6397.59,2023-12-31
LN102061,CU22061,Donna Robinson,2022-10-11,2022-10-21,Central,Plateau,Car Purchase,OWN,1 year,29428,32.18,C,12.4,36,15600,15000.0,14600.0,Charged Off,3916.73,2023-07-27
LN102062,CU22062,Mark Young,2021-07-14,,West,Osun,Medical Expenses,MORTGAGE,3 years,41651,34.87,G,26.21,60,16000,0.0,0.0,Rejected,0.0,
LN102063,CU22063,Steven Brown,2023-09-11,2023-09-22,North,Kaduna,Wedding,OWN,1 year,40957,6.85,B,9.94,36,1000,900.0,900.0,Current,75.73,2023-12-17
LN102064,CU22064,Margaret Walker,2021-12-16,2022-01-01,Central,Plateau,Personal,MORTGAGE,1 year,31553,6.8,A,8.84,36,24600,23200.0,22500.0,Fully Paid,24900.21,2023-12-31
LN102065,CU22065,Michael Williams,2023-12-11,2023-12-26,Central,Plateau,Debt Consolidation,RENT,6 years,30440,32.41,B,9.9,60,1000,900.0,800.0,Fully Paid,1054.77,2023-12-31
LN102066,CU22066,Dorothy Smith,2022-02-10,2022-02-16,South,Bayelsa,Personal,OWN,1 year,22322,22.98,C,13.12,60,22700,18500.0,18500.0,Fully Paid,20513.78,2023-12-31
LN102067,CU22067,John Brown,2021-04-22,2021-05-03,South,Delta,Agriculture,OWN,8 years,61186,33.4,D,16.3,60,18600,15300.0,13500.0,Fully Paid,16151.6,2023-12-31
LN102068,CU22068,William Hernandez,2021-07-16,2021-08-01,East,Enugu,Agriculture,RENT,2 years,71616,25.79,D,15.08,60,17900,15200.0,14400.0,Charged Off,3914.28,2023-02-06
LN102069,CU22069,Christopher Nguyen,2021-02-09,2021-02-16,Central,Niger,Small Business Startup,OWN,6 years,53143,9.26,C,13.27,36,25300,20200.0,19600.0,Fully Paid,24357.0,2023-12-31
LN102070,CU22070,William Rodriguez,2021-03-06,2021-03-12,East,Enugu,Personal,RENT,3 years,52739,2.87,B,11.61,36,15200,13700.0,13000.0,Fully Paid,14578.96,2023-12-31
LN102071,CU22071,William Johnson,2021-06-04,2021-06-11,North,Kaduna,Debt Consolidation,OWN,3 years,72077,24.72,E,19.02,60,16600,15900.0,15900.0,Current,8339.49,2023-12-17
LN102072,CU22072,Dorothy Lopez,2023-11-25,2023-12-03,East,Anambra,Business Expansion,RENT,1 year,114191,23.27,E,21.19,36,19700,19000.0,17400.0,Fully Paid,21398.73,2023-12-31
LN102073,CU22073,Anthony Jackson,2022-03-20,2022-03-30,East,Anambra,Debt Consolidation,RENT,2 years,45321,29.11,C,13.5,60,9200,9000.0,8600.0,Fully Paid,10606.13,2023-12-31
LN102074,CU22074,Barbara Taylor,2023-05-30,2023-06-18,Central,Plateau,Debt Consolidation,OWN,4 years,66680,30.12,A,6.52,36,22400,18600.0,16600.0,Fully Paid,20911.15,2023-12-31
LN102075,CU22075,Sandra Walker,2023-01-09,2023-01-21,South,Akwa Ibom,Small Business Startup,OWN,9 years,35344,3.29,A,7.42,36,23400,23400.0,23400.0,Fully Paid,30006.27,2023-12-31
LN102076,CU22076,Brian Lopez,2023-01-30,2023-02-15,West,Osun,Education,RENT,9 years,77936,21.17,D,17.54,60,23000,20800.0,20200.0,Fully Paid,24274.14,2023-12-31
LN102077,CU22077,Lisa Thomas,2023-05-04,2023-05-16,Central,Abuja FCT,Small Business Startup,RENT,4 years,58918,15.72,C,12.32,60,1000,900.0,900.0,Fully Paid,1054.17,2023-12-31
LN102078,CU22078,Brian White,2023-06-24,2023-07-02,South,Akwa Ibom,Medical Expenses,RENT,6 years,55976,21.65,G,27.74,60,20400,16700.0,15000.0,Fully Paid,20346.58,2023-12-31
LN102079,CU22079,Brian Clark,2022-05-27,2022-06-12,South,Akwa Ibom,Car Purchase,OWN,4 years,105333,27.66,C,12.61,60,19500,17200.0,16700.0,Fully Paid,18837.79,2023-12-31
LN102080,CU22080,Nancy Walker,2023-07-27,2023-08-07,North,Kano,Business Expansion,MORTGAGE,6 years,21130,3.76,C,14.85,36,1000,700.0,700.0,Fully Paid,932.44,2023-12-31
LN102081,CU22081,Anthony Scott,2022-05-20,2022-06-02,East,Abia,Home Improvement,MORTGAGE,9 years,63147,32.51,F,22.1,36,7200,6700.0,6500.0,Fully Paid,7330.7,2023-12-31
LN102082,CU22082,Donald Nguyen,2023-05-01,2023-05-05,South,Rivers,Business Expansion,OWN,5 years,30266,16.63,A,8.58,36,26700,23200.0,20300.0,Fully Paid,29800.02,2023-12-31
LN102083,CU22083,Richard Robinson,2022-05-17,2022-05-22,North,Kaduna,Business Expansion,OWN,7 years,40243,25.43,D,17.42,60,14600,14600.0,13300.0,Fully Paid,17395.3,2023-12-31
LN102084,CU22084,Deborah Smith,2023-05-18,2023-06-05,North,Sokoto,Home Improvement,RENT,8 years,55682,16.21,B,11.71,36,15300,13300.0,12400.0,Fully Paid,15507.52,2023-12-31
LN102085,CU22085,Andrew Wilson,2021-09-08,2021-09-23,North,Kano,Business Expansion,RENT,6 years,19331,20.64,C,14.35,60,5800,5300.0,5100.0,Fully Paid,6079.07,2023-12-31
LN102086,CU22086,Elizabeth Nguyen,2022-08-31,2022-09-20,South,Bayelsa,Wedding,RENT,6 years,36360,22.16,D,15.62,36,11400,10300.0,10300.0,Current,4380.95,2023-11-24
LN102087,CU22087,Donna Martin,2023-03-21,2023-03-25,North,Kano,Business Expansion,MORTGAGE,4 years,41106,12.54,B,10.52,36,7900,7800.0,7700.0,Fully Paid,9157.85,2023-12-31
LN102088,CU22088,Matthew Jackson,2021-07-01,2021-07-15,Central,Plateau,Personal,MORTGAGE,6 years,33236,11.23,B,10.35,36,2100,1800.0,1800.0,Fully Paid,2187.38,2023-12-31
LN102089,CU22089,Nancy Anderson,2021-03-09,2021-03-28,Central,Abuja FCT,Business Expansion,OWN,6 years,110836,7.46,B,9.32,60,7500,6300.0,5600.0,Charged Off,1894.26,2022-09-14
LN102090,CU22090,Andrew Hill,2021-06-16,2021-06-23,East,Enugu,Debt Consolidation,OWN,3 years,27832,31.35,E,18.93,60,1400,1400.0,1400.0,Fully Paid,1749.67,2023-12-31
LN102091,CU22091,Donald Wilson,2022-07-31,2022-08-03,East,Enugu,Agriculture,OWN,9 years,66220,31.54,A,7.64,60,6000,6000.0,6000.0,Fully Paid,8019.02,2023-12-31
LN102092,CU22092,Margaret Young,2021-03-19,2021-03-23,Central,Niger,Car Purchase,OWN,4 years,34556,11.62,C,14.73,36,15800,13700.0,13700.0,Fully Paid,18393.56,2023-12-31
LN102093,CU22093,Dorothy Nguyen,2021-04-08,2021-04-10,North,Kaduna,Business Expansion,RENT,10+ years,49413,17.9,E,21.6,36,9800,9800.0,9100.0,Current,9740.39,2023-12-05
LN102094,CU22094,Anthony Davis,2021-05-29,2021-06-03,West,Lagos,Debt Consolidation,MORTGAGE,9 years,52845,8.46,G,26.16,60,4300,4100.0,4100.0,Charged Off,2143.55,2022-08-17
LN102095,CU22095,Thomas Allen,2022-06-19,2022-06-22,East,Imo,Medical Expenses,OWN,< 1 year,45856,32.74,A,6.63,36,23100,21200.0,20700.0,Fully Paid,26682.48,2023-12-31
LN102096,CU22096,Kevin Miller,2022-02-25,2022-03-13,West,Lagos,Home Improvement,MORTGAGE,6 years,45541,5.92,B,9.18,60,12500,12200.0,11600.0,Current,4719.56,2023-12-26
LN102097,CU22097,Ashley Davis,2021-07-20,2021-07-25,South,Delta,Business Expansion,MORTGAGE,10+ years,52903,17.9,D,15.93,36,8800,7900.0,7800.0,Fully Paid,9394.52,2023-12-31
LN102098,CU22098,James Hernandez,2022-08-16,2022-08-26,Central,Abuja FCT,Debt Consolidation,OWN,1 year,26817,9.45,B,9.4,60,14300,13300.0,13300.0,Fully Paid,17590.47,2023-12-31
LN102099,CU22099,Brian Jones,2023-06-13,2023-06-23,Central,Niger,Debt Consolidation,RENT,8 years,97998,26.82,D,16.11,60,18500,16600.0,15900.0,Fully Paid,18363.86,2023-12-31
LN102100,CU22100,Jessica Scott,2023-10-20,2023-10-24,North,Kaduna,Business Expansion,RENT,9 years,39248,16.22,G,29.88,60,22500,22500.0,22300.0,Fully Paid,30366.6,2023-12-31
LN102101,CU22101,Jessica Martinez,2022-08-05,2022-08-16,North,Sokoto,Personal,OWN,1 year,43830,24.75,B,11.13,36,21700,20200.0,20200.0,Fully Paid,21521.48,2023-12-31
LN102102,CU22102,Kevin Ramirez,2021-05-17,2021-05-28,South,Bayelsa,Debt Consolidation,RENT,8 years,35558,11.53,C,12.76,60,19700,18300.0,18300.0,Current,9913.34,2023-11-20
LN102103,CU22103,Ashley Martin,2021-10-12,2021-10-27,North,Kaduna,Home Improvement,MORTGAGE,5 years,37604,8.07,E,19.13,36,8000,8000.0,7400.0,Fully Paid,9833.31,2023-12-31
LN102104,CU22104,Sarah King,2023-05-23,,Central,Kogi,Debt Consolidation,RENT,9 years,110014,18.76,F,23.13,36,27900,0.0,0.0,Rejected,0.0,
LN102105,CU22105,Patricia Johnson,2022-11-29,2022-12-06,East,Enugu,Debt Consolidation,RENT,7 years,26100,10.06,A,7.04,60,11100,11100.0,11100.0,Fully Paid,14246.73,2023-12-31
LN102106,CU22106,Elizabeth Lopez,2023-07-23,2023-08-05,West,Lagos,Small Business Startup,OWN,6 years,45392,29.51,A,7.21,60,6200,5600.0,4900.0,Fully Paid,6315.1,2023-12-31
LN102107,CU22107,James Walker,2021-06-19,2021-06-27,North,Kaduna,Car Purchase,RENT,10+ years,117572,16.81,B,11.76,36,17900,16400.0,16400.0,Charged Off,8350.98,2022-12-30
LN102108,CU22108,Dorothy Clark,2021-03-24,2021-03-25,South,Akwa Ibom,Medical Expenses,MORTGAGE,8 years,23381,6.12,C,13.34,36,17200,16400.0,16400.0,Charged Off,6873.01,2022-06-19
LN102109,CU22109,Anthony Wright,2022-07-11,2022-07-12,Central,Abuja FCT,Car Purchase,OWN,7 years,42266,24.96,C,12.41,36,4100,3800.0,3800.0,Fully Paid,4182.09,2023-12-31
LN102110,CU22110,George Davis,2021-11-27,2021-12-03,North,Sokoto,Small Business Startup,OWN,3 years,25785,18.6,A,6.43,36,1000,900.0,900.0,Fully Paid,986.86,2023-12-31
LN102111,CU22111,Paul Moore,2021-11-15,2021-11-17,West,Oyo,Debt Consolidation,MORTGAGE,3 years,46797,25.71,A,7.07,60,10800,8900.0,8100.0,Charged Off,1300.6,2023-12-31
LN102112,CU22112,Sarah Lewis,2022-04-13,2022-04-25,Central,Abuja FCT,Medical Expenses,RENT,1 year,71701,17.4,D,17.11,36,24000,22000.0,21700.0,Fully Paid,28551.88,2023-12-31
LN102113,CU22113,Deborah Lee,2023-06-27,2023-06-28,South,Akwa Ibom,Business Expansion,OWN,2 years,51249,12.85,C,14.3,36,8700,7300.0,7200.0,Fully Paid,8621.33,2023-12-31
LN102114,CU22114,Kenneth White,2023-08-10,2023-08-13,West,Lagos,Home Improvement,MORTGAGE,3 years,25642,16.41,C,12.09,36,22400,21900.0,21900.0,Charged Off,5476.12,2023-12-31
LN102115,CU22115,Charles Perez,2021-06-08,2021-06-25,South,Akwa Ibom,Education,MORTGAGE,5 years,15000,14.97,C,14.61,36,14100,12900.0,12900.0,Fully Paid,13915.0,2023-12-31
LN102116,CU22116,Thomas Jackson,2023-07-20,2023-07-26,West,Osun,Business Expansion,RENT,10+ years,77129,14.33,B,9.39,36,1000,900.0,900.0,Current,134.56,2023-11-26
LN102117,CU22117,Michelle Anderson,2022-03-31,2022-04-08,North,Katsina,Small Business Startup,RENT,7 years,50773,33.8,D,17.94,36,17200,15900.0,14300.0,Fully Paid,19486.32,2023-12-31
LN102118,CU22118,Kevin Martinez,2023-06-30,2023-07-20,North,Kano,Education,RENT,3 years,41058,12.4,C,14.47,60,12500,10400.0,9300.0,Fully Paid,11915.08,2023-12-31
LN102119,CU22119,Emily Lee,2023-02-02,2023-02-20,East,Abia,Business Expansion,MORTGAGE,9 years,36340,31.03,A,6.92,36,25400,24300.0,21100.0,Fully Paid,26875.11,2023-12-31
LN102120,CU22120,Melissa Smith,2021-04-11,2021-04-28,West,Osun,Medical Expenses,MORTGAGE,4 years,53985,22.5,A,7.08,36,32100,27600.0,26600.0,Fully Paid,33477.88,2023-12-31
LN102121,CU22121,Matthew Jones,2022-11-11,2022-11-20,North,Katsina,Small Business Startup,RENT,7 years,49668,18.41,C,12.72,60,6800,5900.0,5900.0,Fully Paid,7776.81,2023-12-31
LN102122,CU22122,Betty Lee,2023-04-29,2023-05-09,South,Bayelsa,Debt Consolidation,OWN,3 years,68701,13.3,E,19.67,36,35200,34600.0,32300.0,Fully Paid,42058.07,2023-12-31
LN102123,CU22123,Daniel Anderson,2022-02-03,2022-02-23,North,Sokoto,Medical Expenses,RENT,6 years,44929,8.47,A,7.85,36,34700,26900.0,26900.0,Fully Paid,30631.79,2023-12-31
LN102124,CU22124,Sandra Young,2021-01-19,2021-01-24,South,Akwa Ibom,Small Business Startup,MORTGAGE,4 years,35581,28.58,B,11.03,36,1000,900.0,900.0,Fully Paid,992.01,2023-12-21
LN102125,CU22125,Steven Smith,2021-06-13,2021-06-24,North,Sokoto,Business Expansion,RENT,2 years,33345,32.76,D,15.92,60,5700,5500.0,5400.0,Current,3110.16,2023-11-23
LN102126,CU22126,Michael Lee,2022-10-08,2022-10-21,Central,Kogi,Personal,RENT,4 years,22644,7.3,B,11.54,36,1000,900.0,900.0,Current,376.2,2023-12-07
LN102127,CU22127,James Hernandez,2023-01-26,2023-02-03,East,Anambra,Wedding,RENT,< 1 year,46645,7.2,E,18.96,36,15400,12200.0,10800.0,Fully Paid,15081.33,2023-12-31
LN102128,CU22128,Carol Hill,2022-01-07,2022-01-24,East,Imo,Wedding,OWN,1 year,54392,29.8,A,6.97,36,16700,16400.0,16400.0,Fully Paid,17446.76,2023-12-31
LN102129,CU22129,William Hill,2022-01-12,2022-01-18,West,Osun,Business Expansion,MORTGAGE,9 years,83898,25.26,C,13.8,60,27200,23600.0,21000.0,Current,9447.65,2023-12-21
LN102130,CU22130,Joshua Rodriguez,2022-09-11,2022-09-15,South,Rivers,Debt Consolidation,OWN,6 years,40129,14.09,A,7.39,36,9100,7800.0,7800.0,Fully Paid,8753.33,2023-12-31
LN102131,CU22131,Betty Harris,2023-08-31,2023-09-12,Central,Niger,Medical Expenses,OWN,6 years,81353,7.12,C,12.66,36,16900,16800.0,16800.0,Fully Paid,22534.73,2023-12-31
LN102132,CU22132,Joseph Nguyen,2022-09-11,2022-09-13,South,Rivers,Home Improvement,MORTGAGE,5 years,54038,5.52,B,9.02,36,13900,13900.0,12800.0,Fully Paid,17394.84,2023-12-31
LN102133,CU22133,Michael Torres,2022-03-10,2022-03-13,South,Delta,Agriculture,RENT,9 years,31988,25.42,D,15.68,60,15600,14100.0,13400.0,Fully Paid,14813.72,2023-12-31
LN102134,CU22134,Mary Lopez,2023-06-01,,Central,Kogi,Debt Consolidation,OWN,6 years,75270,31.77,E,18.58,60,5200,0.0,0.0,Rejected,0.0,
LN102135,CU22135,Matthew Moore,2023-11-19,2023-11-20,West,Lagos,Medical Expenses,MORTGAGE,5 years,52215,33.44,D,16.06,60,9700,8700.0,8100.0,Fully Paid,10647.15,2023-12-31
LN102136,CU22136,Elizabeth Anderson,2022-12-06,2022-12-09,North,Sokoto,Car Purchase,MORTGAGE,3 years,69765,10.16,D,15.41,36,21900,18300.0,17300.0,Fully Paid,22788.38,2023-12-31
LN102137,CU22137,Sandra Wright,2022-11-10,2022-11-18,North,Sokoto,Debt Consolidation,RENT,4 years,90847,11.22,C,13.32,60,1000,800.0,800.0,Fully Paid,1027.77,2023-12-31
LN102138,CU22138,Michelle Jackson,2021-08-02,2021-08-16,East,Anambra,Small Business Startup,OWN,10+ years,15000,21.99,C,13.35,60,18500,17100.0,14300.0,Fully Paid,21604.99,2023-12-31
LN102139,CU22139,Patricia Thompson,2023-05-07,2023-05-25,South,Bayelsa,Education,OWN,2 years,64680,7.4,A,6.08,36,17300,15400.0,15400.0,Current,3308.99,2023-12-11
LN102140,CU22140,Donald Scott,2021-06-01,2021-06-09,North,Katsina,Car Purchase,MORTGAGE,9 years,25803,28.9,B,9.18,36,23600,22700.0,22400.0,Charged Off,3562.51,2022-11-10
LN102141,CU22141,Kenneth Scott,2023-03-03,2023-03-14,West,Lagos,Debt Consolidation,MORTGAGE,7 years,46412,31.37,B,10.9,36,8100,7400.0,6700.0,Fully Paid,8105.59,2023-12-31
LN102142,CU22142,Ashley Davis,2021-11-15,2021-12-02,Central,Kogi,Small Business Startup,OWN,2 years,27671,28.06,B,10.14,60,27100,24900.0,23000.0,Fully Paid,27793.41,2023-12-31
LN102143,CU22143,Jennifer Garcia,2022-10-01,2022-10-16,East,Anambra,Small Business Startup,OWN,< 1 year,47111,16.63,E,18.16,36,13400,11500.0,10900.0,Fully Paid,14741.54,2023-12-31
LN102144,CU22144,Andrew Wright,2022-05-14,2022-05-28,Central,Niger,Car Purchase,MORTGAGE,1 year,30276,26.37,C,12.62,60,7200,6400.0,6200.0,Fully Paid,7984.71,2023-12-31
LN102145,CU22145,Matthew Harris,2021-09-17,2021-10-03,Central,Niger,Debt Consolidation,RENT,8 years,67900,26.48,B,11.14,36,12700,12100.0,11300.0,Fully Paid,13437.19,2023-12-31
LN102146,CU22146,Ashley Clark,2022-11-30,2022-12-04,East,Enugu,Home Improvement,OWN,8 years,29239,24.21,B,9.42,36,1000,900.0,900.0,Fully Paid,1125.17,2023-12-31
LN102147,CU22147,Matthew Thompson,2023-03-16,2023-03-28,South,Bayelsa,Wedding,RENT,2 years,34936,4.42,A,7.29,36,26800,26800.0,26500.0,Current,6845.22,2023-12-20
LN102148,CU22148,Sarah Lee,2022-05-25,2022-06-07,East,Anambra,Debt Consolidation,RENT,5 years,43762,26.82,B,11.02,60,6800,5700.0,5400.0,Fully Paid,7656.4,2023-12-31
LN102149,CU22149,Kimberly Lewis,2023-05-23,,Central,Kogi,Education,OWN,2 years,21835,26.55,F,23.11,60,29000,0.0,0.0,Rejected,0.0,
LN102150,CU22150,Amanda White,2022-09-21,2022-10-05,North,Kaduna,Medical Expenses,RENT,10+ years,115155,27.51,D,15.41,36,13900,13800.0,12400.0,Fully Paid,18508.68,2023-12-31
LN102151,CU22151,Christopher Harris,2021-08-13,2021-08-18,Central,Kogi,Business Expansion,OWN,10+ years,29410,17.49,C,12.16,60,12900,12500.0,11300.0,Fully Paid,16409.31,2023-12-31
LN102152,CU22152,Ashley Lopez,2022-10-17,2022-10-26,Central,Niger,Business Expansion,MORTGAGE,< 1 year,48467,15.62,D,16.84,36,15600,15300.0,14300.0,Fully Paid,17301.05,2023-12-31
LN102153,CU22153,Robert Rodriguez,2022-09-09,2022-09-15,Central,Abuja FCT,Debt Consolidation,RENT,10+ years,36286,25.33,C,13.11,36,40000,39800.0,39800.0,Current,17070.59,2023-11-30
LN102154,CU22154,Sandra Scott,2022-12-08,2022-12-20,North,Sokoto,Medical Expenses,RENT,9 years,28445,21.71,B,10.39,36,6100,5200.0,5100.0,Current,1868.47,2023-11-17
LN102155,CU22155,Dorothy Brown,2022-02-21,2022-02-24,West,Lagos,Agriculture,OWN,10+ years,37984,32.79,E,20.44,36,31600,31600.0,31600.0,Fully Paid,38446.15,2023-12-31
LN102156,CU22156,Elizabeth Thomas,2021-11-16,2021-11-27,South,Bayelsa,Medical Expenses,MORTGAGE,< 1 year,107994,17.25,B,11.78,60,13300,12500.0,12200.0,Current,5929.06,2023-11-30
LN102157,CU22157,Betty Lewis,2022-02-08,2022-02-25,North,Katsina,Personal,RENT,10+ years,28406,24.95,C,12.66,36,18300,16300.0,14800.0,Fully Paid,17136.24,2023-12-31
LN102158,CU22158,William Martinez,2023-11-27,2023-12-10,North,Kaduna,Debt Consolidation,RENT,8 years,80193,12.24,E,21.67,36,9200,7900.0,7900.0,Fully Paid,10127.57,2023-12-31
LN102159,CU22159,Paul Wilson,2023-05-17,2023-06-03,South,Delta,Wedding,RENT,10+ years,119260,23.52,A,7.73,36,14400,13400.0,13000.0,Current,2987.52,2023-11-27
LN102160,CU22160,Joshua Sanchez,2022-02-28,2022-03-20,West,Lagos,Agriculture,RENT,< 1 year,24269,3.84,A,8.56,60,20100,17200.0,16200.0,Fully Paid,22655.77,2023-12-31
LN102161,CU22161,Joshua Rodriguez,2023-05-09,2023-05-13,North,Sokoto,Business Expansion,RENT,9 years,33780,22.25,C,14.15,36,6600,6300.0,5900.0,Fully Paid,6890.13,2023-12-31
LN102162,CU22162,Lisa Garcia,2023-02-06,2023-02-09,Central,Niger,Home Improvement,OWN,10+ years,85637,28.64,C,14.91,36,24500,20600.0,19700.0,Current,6007.02,2023-12-06
LN102163,CU22163,Linda Walker,2021-04-10,2021-04-20,East,Enugu,Agriculture,OWN,8 years,31709,32.74,A,8.2,36,10500,9900.0,9600.0,Fully Paid,10597.37,2023-12-31
LN102164,CU22164,Patricia Moore,2022-12-15,2022-12-18,South,Rivers,Home Improvement,RENT,6 years,60761,9.36,A,8.68,60,16100,16100.0,16100.0,Fully Paid,20931.47,2023-12-31
LN102165,CU22165,Kimberly Miller,2023-09-05,2023-09-12,East,Anambra,Business Expansion,RENT,7 years,31788,28.3,E,19.28,36,15700,11400.0,11400.0,Charged Off,4783.22,2023-12-31
LN102166,CU22166,Betty King,2022-08-01,2022-08-19,East,Abia,Car Purchase,RENT,1 year,35660,8.34,C,13.46,60,9200,8100.0,8100.0,Fully Paid,8726.64,2023-12-31
LN102167,CU22167,Joshua Williams,2021-07-30,2021-08-15,South,Bayelsa,Car Purchase,RENT,9 years,62755,22.52,B,10.58,36,11800,11800.0,10600.0,Fully Paid,13933.2,2023-12-31
LN102168,CU22168,Lisa King,2023-11-26,2023-12-09,West,Osun,Debt Consolidation,RENT,1 year,40813,34.68,C,12.26,60,8200,7900.0,7900.0,Fully Paid,9667.57,2023-12-31
LN102169,CU22169,Kimberly Gonzalez,2023-04-28,2023-04-29,South,Delta,Home Improvement,OWN,7 years,39011,11.41,A,8.61,60,21700,21700.0,21200.0,Fully Paid,29158.56,2023-12-31
LN102170,CU22170,Lisa Gonzalez,2021-05-18,2021-05-23,East,Imo,Home Improvement,MORTGAGE,5 years,23691,14.77,E,19.69,60,11900,10500.0,10500.0,Fully Paid,11802.78,2023-12-31
LN102171,CU22171,Jessica Thomas,2022-08-02,2022-08-06,Central,Niger,Business Expansion,OWN,6 years,55905,29.7,C,13.2,36,37000,37000.0,36300.0,Fully Paid,47472.22,2023-12-31
LN102172,CU22172,Nancy Scott,2022-11-08,2022-11-26,North,Kaduna,Business Expansion,MORTGAGE,4 years,32356,12.83,C,14.79,60,24700,21400.0,21400.0,Fully Paid,28049.02,2023-12-31
LN102173,CU22173,Deborah Gonzalez,2023-11-22,2023-11-28,North,Kano,Home Improvement,RENT,3 years,55466,23.12,B,9.47,60,13500,11700.0,11100.0,Fully Paid,13633.71,2023-12-31
LN102174,CU22174,Emily Anderson,2021-05-23,2021-05-29,East,Imo,Agriculture,MORTGAGE,5 years,24364,28.86,D,17.43,36,22000,18600.0,17600.0,Fully Paid,24411.32,2023-12-31
LN102175,CU22175,Karen Ramirez,2021-01-10,2021-01-28,North,Kano,Car Purchase,MORTGAGE,7 years,39426,23.61,C,14.45,36,21400,18900.0,17500.0,Fully Paid,25083.27,2023-12-31
LN102176,CU22176,George Smith,2021-12-08,2021-12-12,West,Ogun,Debt Consolidation,RENT,7 years,92436,29.5,C,13.41,36,5800,5700.0,5700.0,Fully Paid,6842.16,2023-12-31
LN102177,CU22177,Christopher Rodriguez,2022-02-11,,West,Osun,Debt Consolidation,OWN,9 years,49416,14.61,G,26.25,60,34800,0.0,0.0,Rejected,0.0,
LN102178,CU22178,Jennifer Martinez,2021-10-17,2021-10-27,North,Kaduna,Home Improvement,MORTGAGE,4 years,58434,27.05,A,6.42,60,28400,27600.0,25100.0,Fully Paid,36336.35,2023-12-31
LN102179,CU22179,Daniel Walker,2021-07-12,2021-07-16,West,Osun,Wedding,MORTGAGE,6 years,38048,27.02,B,11.8,60,24000,21100.0,20000.0,Fully Paid,26647.89,2023-12-31
LN102180,CU22180,Daniel Sanchez,2023-04-13,2023-04-30,West,Osun,Debt Consolidation,RENT,< 1 year,22592,20.76,E,20.43,60,7900,7300.0,7300.0,Fully Paid,8091.55,2023-12-31
LN102181,CU22181,Sarah Johnson,2021-11-08,2021-11-20,North,Sokoto,Home Improvement,OWN,4 years,66388,32.69,B,11.83,60,2900,2900.0,2800.0,Current,1291.51,2023-12-19
LN102182,CU22182,Brian Lopez,2021-06-05,,South,Rivers,Home Improvement,RENT,3 years,85262,12.03,G,29.94,36,18000,0.0,0.0,Rejected,0.0,
LN102183,CU22183,Sandra Johnson,2023-09-07,2023-09-18,East,Imo,Small Business Startup,MORTGAGE,3 years,44757,28.07,C,13.26,36,7500,5900.0,5900.0,Fully Paid,7328.76,2023-12-31
LN102184,CU22184,Jennifer Perez,2021-03-31,2021-04-14,North,Kaduna,Agriculture,OWN,6 years,94160,29.12,B,11.13,36,1000,800.0,700.0,Charged Off,281.57,2021-09-28
LN102185,CU22185,Betty Thompson,2022-06-20,2022-06-28,Central,Niger,Medical Expenses,RENT,5 years,52195,32.36,B,10.79,36,21300,18900.0,17400.0,Fully Paid,22723.09,2023-12-31
LN102186,CU22186,Susan Thompson,2022-01-18,2022-02-06,West,Lagos,Business Expansion,OWN,4 years,45490,22.56,E,20.28,60,8500,7900.0,7800.0,Charged Off,1785.99,2023-07-17
LN102187,CU22187,Amanda Allen,2022-08-04,2022-08-11,West,Osun,Business Expansion,MORTGAGE,3 years,52305,25.31,B,11.44,36,21300,18900.0,18900.0,Current,9653.59,2023-11-30
LN102188,CU22188,Brian Rodriguez,2023-01-18,2023-02-05,West,Osun,Education,OWN,8 years,96606,8.87,C,12.43,60,12400,12400.0,11800.0,Fully Paid,16212.92,2023-12-31
LN102189,CU22189,David Young,2021-01-06,2021-01-07,South,Akwa Ibom,Medical Expenses,OWN,< 1 year,50504,18.99,C,14.07,36,21300,15500.0,15300.0,Fully Paid,19362.93,2023-12-18
LN102190,CU22190,Karen Harris,2021-06-26,2021-07-05,North,Sokoto,Medical Expenses,MORTGAGE,< 1 year,79788,29.52,B,10.68,60,10100,10100.0,9200.0,Current,5158.5,2023-12-24
LN102191,CU22191,Betty Gonzalez,2022-04-26,2022-05-09,North,Kano,Debt Consolidation,RENT,6 years,71011,30.37,D,17.54,36,15100,14200.0,14200.0,Fully Paid,18158.79,2023-12-31
LN102192,CU22192,Richard Smith,2021-04-27,2021-04-30,North,Kaduna,Medical Expenses,MORTGAGE,< 1 year,96033,19.94,A,7.77,36,6600,5500.0,5400.0,Fully Paid,6634.72,2023-12-31
LN102193,CU22193,James Martin,2021-12-22,2022-01-02,Central,Abuja FCT,Business Expansion,MORTGAGE,10+ years,61188,17.93,A,8.95,36,12600,10600.0,10200.0,Fully Paid,12016.2,2023-12-31
LN102194,CU22194,Paul Hill,2022-04-17,2022-05-01,South,Rivers,Debt Consolidation,OWN,4 years,43740,28.62,B,11.12,60,29200,25500.0,23300.0,Fully Paid,28629.68,2023-12-31
LN102195,CU22195,Betty Hernandez,2023-11-15,2023-12-02,Central,Abuja FCT,Agriculture,OWN,2 years,47875,29.63,A,8.96,60,24200,19800.0,19800.0,Charged Off,10425.19,2023-12-31
LN102196,CU22196,Deborah Robinson,2021-01-08,,East,Abia,Home Improvement,RENT,3 years,66955,4.79,G,26.29,36,16200,0.0,0.0,Rejected,0.0,
LN102197,CU22197,John Thompson,2022-05-16,,Central,Niger,Car Purchase,OWN,9 years,41836,21.9,G,27.73,36,14400,0.0,0.0,Rejected,0.0,
LN102198,CU22198,Joshua Lewis,2021-10-13,2021-10-23,Central,Kogi,Business Expansion,OWN,8 years,22576,18.04,A,7.75,36,28500,23700.0,23600.0,Current,18200.64,2023-12-17
LN102199,CU22199,Donald Clark,2021-08-01,2021-08-18,East,Enugu,Debt Consolidation,RENT,7 years,61652,34.82,B,10.28,36,6700,6700.0,5900.0,Fully Paid,7835.24,2023-12-31
LN102200,CU22200,William King,2023-04-18,,Central,Niger,Small Business Startup,OWN,6 years,34024,18.39,G,28.18,60,22800,0.0,0.0,Rejected,0.0,
LN102201,CU22201,Mary Garcia,2023-07-31,2023-08-14,West,Ogun,Debt Consolidation,RENT,2 years,45024,34.24,D,16.78,36,16300,15000.0,13300.0,Fully Paid,17747.34,2023-12-31
LN102202,CU22202,Brian Allen,2023-07-06,2023-07-17,North,Kano,Debt Consolidation,MORTGAGE,6 years,107107,23.91,B,9.26,60,13300,11600.0,11400.0,Current,1046.46,2023-11-20
LN102203,CU22203,Joshua Wright,2023-08-08,2023-08-27,Central,Abuja FCT,Personal,RENT,9 years,92074,28.0,A,7.75,60,18600,18300.0,17200.0,Fully Paid,19959.33,2023-12-31
LN102204,CU22204,Michelle Walker,2021-11-08,2021-11-21,West,Osun,Education,RENT,5 years,48493,27.5,B,11.92,60,28300,28300.0,27700.0,Fully Paid,34376.39,2023-12-31
LN102205,CU22205,Emily White,2022-10-12,2022-10-16,Central,Abuja FCT,Medical Expenses,OWN,1 year,29446,13.94,C,14.76,60,25200,21200.0,21200.0,Fully Paid,22955.53,2023-12-31
LN102206,CU22206,Deborah Harris,2022-01-21,2022-02-09,East,Abia,Medical Expenses,MORTGAGE,1 year,52066,24.2,D,17.86,36,29600,26000.0,26000.0,Fully Paid,34031.18,2023-12-31
LN102207,CU22207,Betty Thompson,2021-06-14,2021-07-01,North,Katsina,Home Improvement,MORTGAGE,1 year,76858,13.39,B,11.52,60,14000,12500.0,12500.0,Fully Paid,13335.31,2023-12-31
LN102208,CU22208,Lisa Williams,2022-06-21,2022-07-08,North,Kano,Agriculture,RENT,9 years,86942,24.49,C,14.11,36,13900,12300.0,12300.0,Fully Paid,14985.75,2023-12-31
LN102209,CU22209,Ashley Thompson,2022-04-23,2022-04-24,West,Lagos,Personal,MORTGAGE,< 1 year,99089,2.55,D,17.32,36,8400,7500.0,6800.0,Current,4623.6,2023-12-22
LN102210,CU22210,Nancy Smith,2021-03-15,2021-03-28,North,Katsina,Education,RENT,4 years,92182,22.84,F,22.68,36,7400,6100.0,5100.0,Fully Paid,7504.33,2023-12-31
LN102211,CU22211,Barbara Hernandez,2023-04-16,2023-04-29,South,Delta,Education,MORTGAGE,3 years,100604,14.85,E,21.28,36,21900,21000.0,19300.0,Current,4695.96,2023-11-30
LN102212,CU22212,Kenneth Gonzalez,2022-06-20,,North,Kano,Business Expansion,OWN,6 years,55575,13.59,G,28.6,60,5400,0.0,0.0,Rejected,0.0,
LN102213,CU22213,William Taylor,2023-01-15,2023-01-16,Central,Plateau,Debt Consolidation,OWN,7 years,59953,4.09,A,8.84,60,11700,11700.0,10600.0,Fully Paid,13431.48,2023-12-31
LN102214,CU22214,Brian Garcia,2023-03-12,2023-03-28,East,Imo,Debt Consolidation,MORTGAGE,9 years,95392,28.77,D,16.1,60,14700,12700.0,12000.0,Fully Paid,16079.58,2023-12-31
LN102215,CU22215,Ashley Wilson,2022-06-03,2022-06-12,East,Imo,Car Purchase,RENT,3 years,35986,33.9,C,12.76,36,6800,5900.0,5500.0,Fully Paid,6954.57,2023-12-31
LN102216,CU22216,Paul Clark,2022-07-03,2022-07-15,East,Anambra,Business Expansion,MORTGAGE,3 years,44791,11.48,C,14.36,36,13600,11500.0,11000.0,Fully Paid,15334.21,2023-12-31
LN102217,CU22217,David Clark,2023-06-09,2023-06-14,West,Ogun,Business Expansion,RENT,4 years,36268,17.78,A,7.55,36,2700,2600.0,2600.0,Charged Off,1121.89,2023-12-31
LN102218,CU22218,Donald White,2021-01-10,2021-01-24,Central,Plateau,Home Improvement,MORTGAGE,9 years,209697,20.01,E,19.16,36,18200,15400.0,15400.0,Fully Paid,18988.59,2023-12-27
LN102219,CU22219,Kevin Taylor,2023-06-01,2023-06-13,East,Anambra,Home Improvement,MORTGAGE,5 years,49865,31.09,D,17.6,36,16200,12700.0,12500.0,Charged Off,5867.78,2023-12-31
LN102220,CU22220,Christopher Brown,2021-12-25,2021-12-26,East,Enugu,Personal,MORTGAGE,4 years,57014,16.8,D,16.2,36,22500,17800.0,17600.0,Charged Off,3533.96,2022-07-20
LN102221,CU22221,Edward Hill,2023-08-16,2023-08-21,South,Rivers,Business Expansion,RENT,3 years,54903,5.61,C,14.74,60,11700,10400.0,10400.0,Fully Paid,12761.71,2023-12-31
LN102222,CU22222,Kenneth Thompson,2021-02-28,2021-03-04,North,Kano,Business Expansion,OWN,6 years,46534,8.91,F,22.55,60,8500,7800.0,7700.0,Fully Paid,9773.21,2023-12-31
LN102223,CU22223,Brian Smith,2021-02-17,2021-02-27,East,Imo,Small Business Startup,MORTGAGE,2 years,15437,13.05,C,14.88,36,3600,3600.0,3600.0,Fully Paid,4025.13,2023-12-31
LN102224,CU22224,William Robinson,2022-04-22,2022-04-29,Central,Kogi,Medical Expenses,OWN,7 years,42335,33.58,D,16.86,60,7300,6300.0,5300.0,Charged Off,2902.88,2022-12-20
LN102225,CU22225,Linda Martinez,2021-03-01,2021-03-16,South,Akwa Ibom,Small Business Startup,RENT,2 years,77457,18.69,C,13.2,36,8000,6600.0,5800.0,Fully Paid,7224.99,2023-12-31
LN102226,CU22226,Carol Harris,2021-08-16,2021-08-24,South,Akwa Ibom,Debt Consolidation,MORTGAGE,< 1 year,86589,26.82,C,13.57,60,4900,4100.0,4100.0,Fully Paid,4986.43,2023-12-31
LN102227,CU22227,Daniel Thompson,2021-06-14,2021-07-04,East,Imo,Debt Consolidation,RENT,10+ years,32755,29.81,A,8.27,36,17200,15300.0,15300.0,Fully Paid,18937.47,2023-12-31
LN102228,CU22228,Joseph Lee,2023-09-04,2023-09-15,North,Kaduna,Debt Consolidation,MORTGAGE,4 years,79849,27.77,C,13.03,60,18400,14700.0,14700.0,Fully Paid,16404.85,2023-12-31
LN102229,CU22229,Brian Williams,2023-08-29,2023-09-13,West,Ogun,Car Purchase,OWN,8 years,45167,24.64,D,17.54,60,19800,19800.0,19500.0,Current,1055.68,2023-12-07
LN102230,CU22230,Michael Rodriguez,2023-09-02,2023-09-16,North,Sokoto,Debt Consolidation,RENT,6 years,22016,23.37,F,24.88,36,25800,25800.0,22800.0,Current,2182.73,2023-12-04
LN102231,CU22231,Mary Allen,2023-11-13,2023-12-02,East,Enugu,Debt Consolidation,MORTGAGE,7 years,59201,17.81,B,10.18,36,8600,6600.0,6600.0,Fully Paid,7047.24,2023-12-31
LN102232,CU22232,Joseph Garcia,2022-05-08,2022-05-11,Central,Plateau,Home Improvement,OWN,3 years,54304,11.3,G,29.69,60,15800,14000.0,12600.0,Fully Paid,16775.1,2023-12-31
LN102233,CU22233,Karen Perez,2021-10-20,2021-11-04,North,Sokoto,Home Improvement,OWN,10+ years,60780,3.26,B,11.11,60,26800,26100.0,25500.0,Fully Paid,33698.98,2023-12-31
LN102234,CU22234,Barbara Wilson,2023-12-24,2024-01-10,East,Anambra,Home Improvement,MORTGAGE,8 years,24884,22.16,B,11.87,60,13400,9200.0,9200.0,Fully Paid,12242.7,2023-12-31
LN102235,CU22235,Charles Martinez,2023-01-27,2023-01-29,North,Kano,Agriculture,MORTGAGE,3 years,40711,16.16,D,16.2,60,1200,1100.0,1000.0,Fully Paid,1202.77,2023-12-31
LN102236,CU22236,George Thomas,2022-06-07,2022-06-22,North,Kano,Medical Expenses,OWN,7 years,51473,12.72,A,7.09,60,13500,13500.0,12100.0,Fully Paid,14923.46,2023-12-31
LN102237,CU22237,Robert Davis,2021-02-19,2021-02-22,East,Imo,Wedding,MORTGAGE,4 years,43998,29.48,C,13.89,36,22400,21500.0,20700.0,Fully Paid,27136.75,2023-12-28
LN102238,CU22238,Karen Thomas,2022-04-06,2022-04-25,West,Oyo,Home Improvement,OWN,< 1 year,54855,5.49,E,20.74,36,15200,13700.0,13500.0,Fully Paid,14872.87,2023-12-31
LN102239,CU22239,Michael Lee,2021-10-29,2021-11-18,North,Katsina,Education,MORTGAGE,9 years,64948,16.31,D,15.34,60,24300,21100.0,20500.0,Current,9982.83,2023-12-10
LN102240,CU22240,Robert Lewis,2023-11-09,2023-11-11,South,Delta,Medical Expenses,OWN,6 years,41528,25.75,D,15.42,36,3200,3000.0,3000.0,Fully Paid,3590.25,2023-12-31
LN102241,CU22241,Michelle Martinez,2022-05-20,2022-06-04,South,Rivers,Home Improvement,RENT,9 years,39568,3.6,B,11.7,60,14200,11400.0,11400.0,Fully Paid,13544.94,2023-12-31
LN102242,CU22242,Donald Davis,2021-10-08,2021-10-09,North,Sokoto,Car Purchase,MORTGAGE,8 years,81980,5.47,A,8.05,60,7000,6600.0,6200.0,Fully Paid,7508.19,2023-12-31
LN102243,CU22243,Joshua Flores,2022-02-07,2022-02-08,North,Sokoto,Agriculture,OWN,4 years,62400,26.27,D,15.82,36,23200,20200.0,20000.0,Fully Paid,22286.14,2023-12-31
LN102244,CU22244,Deborah Harris,2023-10-10,2023-10-20,Central,Niger,Personal,MORTGAGE,9 years,137363,33.18,D,15.1,36,6000,5500.0,5400.0,Fully Paid,7227.82,2023-12-31
LN102245,CU22245,Joshua Lee,2023-07-16,2023-07-25,Central,Plateau,Small Business Startup,RENT,< 1 year,44490,25.63,C,12.71,36,19500,17500.0,17400.0,Charged Off,8582.62,2023-12-31
LN102246,CU22246,Sarah Clark,2022-09-02,2022-09-10,West,Oyo,Car Purchase,MORTGAGE,1 year,49128,32.02,B,10.61,36,7800,6600.0,6100.0,Fully Paid,8002.57,2023-12-31
LN102247,CU22247,John Jones,2023-07-04,2023-07-08,South,Delta,Small Business Startup,OWN,1 year,58551,32.13,E,18.19,60,10800,10400.0,10400.0,Current,903.17,2023-12-28
LN102248,CU22248,Michael Wright,2021-11-01,2021-11-13,East,Anambra,Debt Consolidation,OWN,1 year,47511,3.1,D,15.71,36,5600,4900.0,4900.0,Fully Paid,5400.5,2023-12-31
LN102249,CU22249,Emily Gonzalez,2023-12-08,2023-12-09,North,Katsina,Business Expansion,OWN,10+ years,46709,28.04,B,10.23,60,27400,25400.0,25200.0,Fully Paid,30977.89,2023-12-31
LN102250,CU22250,Carol Garcia,2023-02-19,2023-03-07,West,Ogun,Business Expansion,MORTGAGE,< 1 year,31130,4.37,E,19.86,60,10000,10000.0,10000.0,Fully Paid,11052.56,2023-12-31
LN102251,CU22251,Mary Thompson,2022-06-11,2022-06-12,South,Rivers,Debt Consolidation,MORTGAGE,1 year,86970,19.3,F,25.12,60,7400,6600.0,6300.0,Fully Paid,7788.73,2023-12-31
LN102252,CU22252,Emily White,2021-08-02,2021-08-05,North,Sokoto,Medical Expenses,OWN,3 years,84276,24.77,B,10.38,60,21800,18600.0,17500.0,Fully Paid,24452.41,2023-12-31
LN102253,CU22253,Edward Garcia,2022-09-15,2022-10-05,Central,Kogi,Education,RENT,4 years,34623,25.33,B,11.8,60,21300,19700.0,18500.0,Fully Paid,24330.5,2023-12-31
LN102254,CU22254,Nancy Harris,2023-07-18,2023-08-02,North,Kano,Car Purchase,RENT,7 years,91207,2.77,F,22.31,60,3100,2500.0,2500.0,Fully Paid,3233.16,2023-12-31
LN102255,CU22255,Edward Allen,2021-10-17,2021-10-21,Central,Plateau,Medical Expenses,RENT,3 years,50417,29.93,C,13.75,60,19400,15000.0,13200.0,Current,6891.68,2023-12-07
LN102256,CU22256,Deborah Lewis,2021-02-21,2021-02-25,Central,Niger,Business Expansion,RENT,5 years,44041,21.15,C,13.48,60,3800,3800.0,3400.0,Current,2426.61,2023-11-28
LN102257,CU22257,Donald Jackson,2021-10-14,2021-10-27,North,Kano,Debt Consolidation,OWN,10+ years,68637,4.02,B,10.97,60,5200,4700.0,4400.0,Fully Paid,5360.72,2023-12-31
LN102258,CU22258,Betty Harris,2023-05-19,2023-05-22,South,Bayelsa,Small Business Startup,OWN,3 years,76607,4.39,B,9.0,36,31300,26200.0,26200.0,Fully Paid,30780.51,2023-12-31
LN102259,CU22259,Carol Martin,2023-02-07,2023-02-27,South,Rivers,Debt Consolidation,OWN,4 years,133809,24.66,C,13.53,36,12200,10600.0,9900.0,Fully Paid,12821.33,2023-12-31
LN102260,CU22260,Susan Clark,2021-02-25,2021-03-16,East,Abia,Debt Consolidation,RENT,6 years,52049,19.21,D,15.94,60,16000,13900.0,13600.0,Fully Paid,16609.26,2023-12-31
LN102261,CU22261,Susan Harris,2021-01-07,2021-01-27,Central,Niger,Debt Consolidation,OWN,4 years,89220,11.3,A,7.62,60,12300,12300.0,12000.0,Fully Paid,13755.72,2023-12-31
LN102262,CU22262,Joseph Garcia,2021-10-24,2021-11-09,East,Anambra,Wedding,MORTGAGE,9 years,24008,29.94,E,18.45,36,23900,23300.0,21600.0,Fully Paid,27144.28,2023-12-31
LN102263,CU22263,Joseph Moore,2022-06-26,2022-07-15,North,Kaduna,Small Business Startup,OWN,6 years,119667,25.16,A,8.23,36,8600,8200.0,8200.0,Current,4187.74,2023-12-21
LN102264,CU22264,William Allen,2023-09-10,2023-09-28,South,Akwa Ibom,Car Purchase,OWN,8 years,90762,27.54,B,9.58,36,18300,18300.0,18300.0,Current,1684.33,2023-12-06
LN102265,CU22265,Dorothy Brown,2023-07-07,2023-07-26,West,Oyo,Home Improvement,MORTGAGE,9 years,109190,34.9,C,14.19,60,19400,17400.0,17200.0,Fully Paid,19756.97,2023-12-31
LN102266,CU22266,Mark Flores,2022-10-09,2022-10-13,Central,Abuja FCT,Home Improvement,OWN,2 years,31607,9.12,C,12.32,36,17000,15800.0,15800.0,Fully Paid,20636.38,2023-12-31
LN102267,CU22267,Nancy Clark,2023-12-31,2024-01-14,East,Enugu,Debt Consolidation,MORTGAGE,1 year,50943,15.6,A,8.98,36,13500,11900.0,10900.0,Current,613.85,2023-11-18
LN102268,CU22268,Amanda Lee,2021-07-13,2021-08-02,West,Ogun,Debt Consolidation,RENT,3 years,29878,2.39,C,14.49,36,18100,15200.0,13700.0,Fully Paid,20315.18,2023-12-31
LN102269,CU22269,Daniel Lewis,2021-07-31,2021-08-07,South,Bayelsa,Business Expansion,RENT,9 years,38817,30.77,C,12.92,60,19100,19000.0,19000.0,Fully Paid,23145.16,2023-12-31
LN102270,CU22270,Jennifer Torres,2023-03-14,2023-03-21,South,Rivers,Medical Expenses,MORTGAGE,2 years,55321,4.99,B,11.09,36,23500,23500.0,20700.0,Fully Paid,24766.42,2023-12-31
LN102271,CU22271,Margaret Young,2021-12-18,2022-01-01,East,Anambra,Car Purchase,OWN,6 years,32907,24.53,E,18.89,36,17000,16600.0,16600.0,Fully Paid,21425.61,2023-12-31
LN102272,CU22272,Robert Walker,2022-07-03,2022-07-13,Central,Kogi,Car Purchase,MORTGAGE,< 1 year,59924,33.48,B,11.26,36,6400,6000.0,5600.0,Fully Paid,7802.63,2023-12-31
LN102273,CU22273,Donald Hernandez,2022-08-29,2022-09-09,Central,Kogi,Business Expansion,RENT,8 years,70314,25.94,A,8.33,36,20100,16900.0,16900.0,Fully Paid,22327.29,2023-12-31
LN102274,CU22274,Jessica Hill,2021-11-10,2021-11-30,Central,Abuja FCT,Business Expansion,RENT,4 years,41974,13.63,A,9.0,36,20200,17900.0,17000.0,Fully Paid,19576.33,2023-12-31
LN102275,CU22275,Deborah Perez,2022-07-12,2022-07-23,North,Katsina,Wedding,OWN,9 years,51480,10.17,A,8.1,36,6500,5600.0,5500.0,Fully Paid,7355.32,2023-12-31
LN102276,CU22276,Melissa Taylor,2022-01-03,2022-01-05,West,Osun,Personal,OWN,2 years,22007,14.3,A,8.12,60,27600,25900.0,24500.0,Current,11202.27,2023-12-17
LN102277,CU22277,Andrew Hill,2022-06-13,2022-06-24,East,Imo,Personal,OWN,3 years,26459,22.92,C,14.17,60,14900,14900.0,14500.0,Fully Paid,17048.36,2023-12-31
LN102278,CU22278,Deborah Brown,2021-01-18,2021-02-07,Central,Niger,Medical Expenses,RENT,9 years,40263,8.87,B,10.2,60,22700,22700.0,22400.0,Charged Off,8934.08,2022-11-25
LN102279,CU22279,Lisa Nguyen,2021-10-05,2021-10-23,Central,Plateau,Home Improvement,MORTGAGE,4 years,36922,5.14,F,25.66,36,26700,22000.0,21900.0,Fully Paid,27134.44,2023-12-31
LN102280,CU22280,Barbara Miller,2022-01-21,2022-02-04,West,Osun,Home Improvement,RENT,10+ years,38718,15.67,B,11.84,36,1000,1000.0,1000.0,Fully Paid,1069.31,2023-12-31
LN102281,CU22281,Susan Wilson,2022-01-29,2022-02-02,Central,Plateau,Agriculture,RENT,7 years,50275,5.97,D,15.09,36,14400,14400.0,14400.0,Fully Paid,16097.89,2023-12-31
LN102282,CU22282,James Lopez,2021-12-18,2021-12-22,East,Anambra,Car Purchase,MORTGAGE,2 years,96373,7.52,B,11.2,60,9200,8200.0,7600.0,Fully Paid,9902.02,2023-12-31
LN102283,CU22283,George Anderson,2022-05-19,,North,Katsina,Business Expansion,OWN,3 years,55969,33.97,G,27.74,60,30100,0.0,0.0,Rejected,0.0,
LN102284,CU22284,James Miller,2022-09-27,2022-10-02,Central,Abuja FCT,Small Business Startup,RENT,4 years,74385,9.6,B,9.5,60,20700,20700.0,20100.0,Fully Paid,25884.23,2023-12-31
LN102285,CU22285,Brian Moore,2021-01-15,2021-01-27,South,Akwa Ibom,Car Purchase,MORTGAGE,9 years,50110,8.3,A,6.92,60,9700,9700.0,8600.0,Fully Paid,12914.52,2023-12-31
LN102286,CU22286,Kevin Allen,2022-11-20,2022-11-24,West,Lagos,Medical Expenses,RENT,4 years,68113,34.94,E,18.03,60,16600,16100.0,14800.0,Fully Paid,18603.0,2023-12-31
LN102287,CU22287,Paul Flores,2023-08-16,2023-08-26,North,Kano,Small Business Startup,OWN,5 years,36587,26.31,B,9.93,36,11400,10400.0,10200.0,Fully Paid,14009.17,2023-12-31
LN102288,CU22288,Kenneth Flores,2023-03-01,2023-03-02,North,Kano,Home Improvement,OWN,10+ years,78231,11.58,B,11.71,36,1000,1000.0,1000.0,Fully Paid,1145.49,2023-12-31
LN102289,CU22289,Michelle Moore,2021-03-14,2021-03-27,South,Delta,Car Purchase,MORTGAGE,2 years,85313,4.25,B,9.73,60,15800,13500.0,12300.0,Fully Paid,16864.06,2023-12-31
LN102290,CU22290,Joshua Lopez,2022-04-24,2022-04-27,South,Akwa Ibom,Car Purchase,OWN,8 years,63623,32.47,C,13.15,60,19200,17900.0,16600.0,Fully Paid,22151.85,2023-12-31
LN102291,CU22291,Edward Gonzalez,2022-04-18,2022-04-28,Central,Abuja FCT,Education,RENT,2 years,24932,26.54,B,9.84,36,15900,15000.0,14800.0,Charged Off,4684.8,2022-11-25
LN102292,CU22292,Steven Gonzalez,2022-01-27,2022-02-04,East,Abia,Debt Consolidation,OWN,4 years,30943,25.86,E,20.7,36,28900,26700.0,24700.0,Current,18267.7,2023-12-25
LN102293,CU22293,Melissa King,2022-06-06,,West,Osun,Home Improvement,MORTGAGE,< 1 year,59645,32.81,G,28.03,60,20300,0.0,0.0,Rejected,0.0,
LN102294,CU22294,Charles Lopez,2021-12-28,2022-01-08,East,Anambra,Home Improvement,RENT,9 years,43236,26.3,D,17.83,60,15900,13800.0,13800.0,Charged Off,3236.02,2023-12-31
LN102295,CU22295,Mary Torres,2023-12-08,2023-12-09,East,Anambra,Business Expansion,MORTGAGE,5 years,60181,11.88,C,13.83,60,10600,8500.0,8500.0,Fully Paid,10013.65,2023-12-31
LN102296,CU22296,Joshua Ramirez,2022-03-06,2022-03-19,East,Imo,Agriculture,RENT,9 years,45565,13.86,C,12.29,60,5600,5600.0,5500.0,Fully Paid,6314.47,2023-12-31
LN102297,CU22297,Emily King,2021-03-19,2021-04-06,South,Rivers,Home Improvement,MORTGAGE,9 years,34736,25.14,A,7.02,36,14700,14700.0,14700.0,Fully Paid,17443.0,2023-12-31
LN102298,CU22298,Sarah Jackson,2023-02-12,2023-02-27,Central,Plateau,Debt Consolidation,MORTGAGE,6 years,43150,14.43,E,19.72,60,17800,16900.0,15600.0,Charged Off,7611.73,2023-12-31
LN102299,CU22299,Brian Johnson,2021-06-24,2021-06-27,West,Lagos,Car Purchase,RENT,9 years,74012,27.29,D,16.32,36,25100,24100.0,24100.0,Charged Off,11552.55,2023-01-14
LN102300,CU22300,Thomas Lewis,2023-03-15,2023-03-16,North,Sokoto,Business Expansion,RENT,5 years,34157,4.18,A,7.26,60,17400,16500.0,16500.0,Fully Paid,17704.04,2023-12-31
LN102301,CU22301,Steven Ramirez,2023-02-27,2023-03-06,North,Kaduna,Home Improvement,RENT,10+ years,26337,4.88,B,9.88,36,13100,12400.0,12100.0,Fully Paid,13791.85,2023-12-31
LN102302,CU22302,Michelle Ramirez,2021-02-08,2021-02-19,Central,Kogi,Debt Consolidation,RENT,5 years,64519,5.63,D,17.28,36,23900,23700.0,23700.0,Fully Paid,27789.64,2023-12-21
LN102303,CU22303,Andrew Anderson,2022-09-29,2022-10-05,West,Oyo,Home Improvement,OWN,2 years,34630,29.28,F,25.3,60,11900,10600.0,10600.0,Fully Paid,12512.13,2023-12-31
LN102304,CU22304,Brian Wright,2022-11-10,2022-11-15,Central,Niger,Business Expansion,RENT,1 year,85830,29.39,A,6.9,36,11600,10300.0,10300.0,Fully Paid,13844.24,2023-12-31
LN102305,CU22305,Jessica Wright,2023-05-27,2023-06-13,East,Abia,Debt Consolidation,MORTGAGE,2 years,44961,21.04,A,8.27,60,13800,11900.0,11300.0,Fully Paid,12749.7,2023-12-31
LN102306,CU22306,Edward Thomas,2022-05-16,2022-05-29,Central,Kogi,Debt Consolidation,MORTGAGE,6 years,86797,32.32,A,8.58,36,10600,10600.0,10200.0,Current,6024.22,2023-12-17
LN102307,CU22307,Mary Garcia,2021-10-17,2021-10-20,North,Kaduna,Car Purchase,RENT,8 years,72714,19.95,C,13.73,60,19600,19600.0,19600.0,Fully Paid,24169.09,2023-12-31
LN102308,CU22308,James Jackson,2021-10-29,2021-11-14,Central,Kogi,Home Improvement,MORTGAGE,7 years,20598,11.27,B,10.38,60,12100,10800.0,10800.0,Charged Off,2247.67,2023-10-15
LN102309,CU22309,Anthony Martinez,2023-05-16,2023-05-23,North,Kano,Car Purchase,OWN,4 years,31743,6.57,A,6.91,60,13500,13500.0,13000.0,Fully Paid,15220.57,2023-12-31
LN102310,CU22310,Deborah Hill,2022-04-22,2022-04-29,West,Ogun,Agriculture,OWN,8 years,25177,2.63,A,6.22,36,11300,10400.0,10200.0,Fully Paid,12292.0,2023-12-31
LN102311,CU22311,Jennifer Walker,2022-03-27,2022-04-11,North,Katsina,Business Expansion,OWN,7 years,33511,32.69,B,9.9,60,16200,15500.0,14200.0,Fully Paid,18265.24,2023-12-31
LN102312,CU22312,Anthony Rodriguez,2023-03-15,2023-04-01,West,Ogun,Debt Consolidation,RENT,8 years,53226,23.4,C,12.94,36,4900,4300.0,4200.0,Fully Paid,5688.24,2023-12-31
LN102313,CU22313,Joshua Young,2023-10-13,2023-10-21,West,Oyo,Medical Expenses,RENT,9 years,68739,30.06,C,12.82,60,17400,16900.0,16400.0,Fully Paid,22000.31,2023-12-31
LN102314,CU22314,Nancy Rodriguez,2022-01-25,2022-02-02,Central,Kogi,Agriculture,RENT,7 years,86113,15.12,B,11.36,36,19100,16600.0,16600.0,Fully Paid,19749.34,2023-12-31
LN102315,CU22315,Donald Jackson,2021-11-04,2021-11-07,North,Sokoto,Business Expansion,OWN,7 years,48654,5.15,A,7.26,60,12200,10900.0,10900.0,Fully Paid,12900.65,2023-12-31
LN102316,CU22316,Karen Garcia,2023-08-23,2023-09-12,North,Sokoto,Debt Consolidation,OWN,10+ years,77790,30.64,E,21.11,36,22000,21100.0,21100.0,Fully Paid,27147.89,2023-12-31
LN102317,CU22317,Amanda Williams,2021-03-10,2021-03-18,Central,Kogi,Car Purchase,RENT,5 years,43789,2.29,A,7.2,36,13900,13400.0,12000.0,Fully Paid,16973.85,2023-12-31
LN102318,CU22318,Jessica King,2023-01-19,2023-01-24,East,Abia,Personal,OWN,5 years,48679,2.87,E,21.82,36,15200,14300.0,13400.0,Fully Paid,16859.0,2023-12-31
LN102319,CU22319,Kenneth Smith,2023-08-14,2023-08-16,North,Sokoto,Medical Expenses,OWN,9 years,43341,18.15,B,11.21,36,16400,15700.0,14500.0,Fully Paid,20323.33,2023-12-31
LN102320,CU22320,Edward White,2021-06-11,2021-06-22,West,Lagos,Wedding,MORTGAGE,9 years,39955,29.73,A,7.51,60,16300,14200.0,12900.0,Fully Paid,15279.61,2023-12-31
LN102321,CU22321,Carol Lee,2023-07-07,2023-07-17,Central,Niger,Business Expansion,RENT,6 years,64895,13.59,C,13.28,60,30500,27600.0,27000.0,Fully Paid,32499.42,2023-12-31
LN102322,CU22322,Steven Clark,2021-01-01,2021-01-14,Central,Plateau,Agriculture,RENT,7 years,42471,2.43,D,17.2,60,10900,8900.0,8900.0,Fully Paid,11637.19,2023-12-31
LN102323,CU22323,Matthew Scott,2023-02-03,2023-02-23,South,Rivers,Small Business Startup,MORTGAGE,2 years,33849,8.58,D,16.11,60,3300,3200.0,3100.0,Fully Paid,3376.1,2023-12-31
LN102324,CU22324,Michelle Jones,2022-04-22,2022-05-11,East,Anambra,Agriculture,MORTGAGE,3 years,68794,34.41,A,6.01,36,13100,12800.0,12800.0,Fully Paid,15346.1,2023-12-31
LN102325,CU22325,Charles Johnson,2023-09-13,2023-09-19,East,Imo,Small Business Startup,MORTGAGE,3 years,80748,27.69,B,10.87,60,14200,12700.0,11900.0,Fully Paid,13590.6,2023-12-31
LN102326,CU22326,Daniel Jones,2023-12-26,2024-01-05,South,Rivers,Education,RENT,6 years,32482,19.18,B,9.1,60,1000,1000.0,900.0,Fully Paid,1123.09,2023-12-31
LN102327,CU22327,Donna Garcia,2023-10-22,2023-11-01,East,Abia,Business Expansion,RENT,2 years,67382,25.35,C,12.78,60,17000,16000.0,15600.0,Fully Paid,16812.78,2023-12-31
LN102328,CU22328,Joshua Taylor,2021-02-04,2021-02-21,East,Enugu,Business Expansion,MORTGAGE,10+ years,60784,23.7,B,9.5,36,12200,12200.0,10500.0,Fully Paid,13635.92,2023-12-31
LN102329,CU22329,Jennifer Wright,2022-09-28,2022-10-01,West,Osun,Home Improvement,RENT,7 years,39161,5.41,G,27.21,36,1000,1000.0,900.0,Fully Paid,1325.6,2023-12-31
LN102330,CU22330,Steven Gonzalez,2022-12-29,2023-01-09,North,Kano,Debt Consolidation,MORTGAGE,5 years,28887,27.74,E,18.78,60,13600,12400.0,12300.0,Fully Paid,13312.15,2023-12-31
LN102331,CU22331,Michelle King,2021-12-10,2021-12-21,Central,Kogi,Education,MORTGAGE,1 year,56337,34.92,B,10.47,60,15500,15500.0,13300.0,Fully Paid,20026.3,2023-12-31
LN102332,CU22332,Andrew King,2021-12-16,2021-12-29,East,Enugu,Personal,MORTGAGE,6 years,47142,16.81,D,15.99,36,15100,13900.0,13700.0,Fully Paid,17755.44,2023-12-31
LN102333,CU22333,Susan Wright,2022-03-28,2022-04-15,South,Rivers,Debt Consolidation,RENT,8 years,65937,34.89,A,8.29,36,13200,13200.0,13200.0,Fully Paid,16891.1,2023-12-31
LN102334,CU22334,Patricia Gonzalez,2022-06-13,2022-06-23,Central,Abuja FCT,Business Expansion,RENT,3 years,57230,6.01,D,15.78,36,20900,19400.0,19400.0,Fully Paid,20968.27,2023-12-31
LN102335,CU22335,Lisa Torres,2021-04-17,,West,Ogun,Debt Consolidation,MORTGAGE,1 year,35609,21.75,F,22.69,60,28400,0.0,0.0,Rejected,0.0,
LN102336,CU22336,Elizabeth Walker,2021-07-05,2021-07-12,South,Akwa Ibom,Agriculture,OWN,4 years,16336,5.42,A,8.17,36,11800,10700.0,10400.0,Fully Paid,12301.81,2023-12-31
LN102337,CU22337,Daniel White,2021-05-09,2021-05-19,South,Rivers,Medical Expenses,RENT,3 years,53622,34.96,C,12.12,36,8200,8200.0,7900.0,Fully Paid,9716.46,2023-12-31
LN102338,CU22338,Jennifer Miller,2023-01-09,2023-01-20,North,Katsina,Home Improvement,MORTGAGE,8 years,41878,23.82,C,12.91,60,8300,6900.0,6300.0,Fully Paid,8779.74,2023-12-31
LN102339,CU22339,Margaret Thomas,2022-09-14,,East,Imo,Business Expansion,OWN,8 years,34153,14.86,G,28.97,36,28200,0.0,0.0,Rejected,0.0,
LN102340,CU22340,Joshua Nguyen,2023-04-13,2023-04-15,North,Kano,Agriculture,MORTGAGE,9 years,41621,11.76,C,12.8,36,19200,19200.0,17800.0,Fully Paid,24102.35,2023-12-31
LN102341,CU22341,Michelle Miller,2021-08-03,2021-08-23,North,Katsina,Debt Consolidation,MORTGAGE,6 years,24489,26.5,C,14.95,60,22100,22100.0,21800.0,Charged Off,2860.55,2023-12-31
LN102342,CU22342,Kenneth Rodriguez,2021-10-02,2021-10-16,South,Akwa Ibom,Medical Expenses,MORTGAGE,1 year,34254,32.57,C,13.21,36,17200,14400.0,14000.0,Fully Paid,19116.24,2023-12-31
LN102343,CU22343,Carol Garcia,2023-04-04,2023-04-09,West,Oyo,Business Expansion,OWN,10+ years,102359,17.46,A,8.35,60,21600,18300.0,18000.0,Charged Off,3601.01,2023-12-31
LN102344,CU22344,Ashley Torres,2021-01-23,2021-02-08,North,Kaduna,Wedding,RENT,9 years,38211,6.91,G,26.92,60,34900,32700.0,32700.0,Charged Off,5439.14,2023-09-29
LN102345,CU22345,Patricia Gonzalez,2021-03-04,2021-03-22,South,Delta,Debt Consolidation,OWN,10+ years,88220,30.48,B,10.98,60,23100,22900.0,21900.0,Fully Paid,27434.29,2023-12-31
LN102346,CU22346,Thomas Gonzalez,2021-09-08,2021-09-19,Central,Plateau,Debt Consolidation,OWN,9 years,52499,4.88,A,7.05,60,3300,3000.0,3000.0,Fully Paid,3795.5,2023-12-31
LN102347,CU22347,Nancy Allen,2023-11-23,2023-12-03,North,Kano,Car Purchase,RENT,< 1 year,29641,13.3,D,17.42,36,8700,8700.0,8700.0,Fully Paid,9587.84,2023-12-31
LN102348,CU22348,Barbara Taylor,2023-01-05,2023-01-25,North,Katsina,Debt Consolidation,RENT,7 years,37900,16.49,D,15.79,60,17400,15500.0,15500.0,Fully Paid,16468.71,2023-12-31
LN102349,CU22349,Mary Taylor,2023-06-12,2023-06-25,North,Sokoto,Debt Consolidation,RENT,4 years,34291,25.73,E,18.82,36,14400,13200.0,12800.0,Fully Paid,17190.35,2023-12-31
LN102350,CU22350,William Anderson,2023-12-24,2024-01-05,Central,Plateau,Home Improvement,MORTGAGE,8 years,74409,31.23,D,16.33,60,9300,7900.0,7700.0,Fully Paid,10623.61,2023-12-31
LN102351,CU22351,Michelle Thomas,2023-03-09,2023-03-14,North,Kano,Car Purchase,MORTGAGE,< 1 year,36178,24.78,E,19.67,36,24600,24400.0,24400.0,Fully Paid,25788.58,2023-12-31
LN102352,CU22352,Michael Gonzalez,2021-01-19,2021-02-03,Central,Plateau,Agriculture,RENT,7 years,116120,31.96,C,14.49,60,5300,5000.0,5000.0,Fully Paid,5369.46,2023-12-31
LN102353,CU22353,Michelle Smith,2022-03-01,2022-03-18,South,Rivers,Car Purchase,RENT,1 year,46277,9.89,G,29.04,60,8900,8500.0,8200.0,Fully Paid,11450.34,2023-12-31
LN102354,CU22354,George Thomas,2022-08-17,,Central,Niger,Wedding,RENT,1 year,61601,24.55,F,24.36,36,19700,0.0,0.0,Rejected,0.0,
LN102355,CU22355,Thomas Robinson,2023-01-11,2023-01-30,Central,Abuja FCT,Personal,OWN,4 years,71028,8.61,G,27.76,36,17400,15600.0,15600.0,Fully Paid,16815.13,2023-12-31
LN102356,CU22356,Anthony Walker,2022-11-10,2022-11-26,South,Rivers,Medical Expenses,MORTGAGE,3 years,24006,32.38,B,9.38,60,13400,13400.0,12600.0,Charged Off,5069.17,2023-12-31
LN102357,CU22357,Edward King,2022-11-11,2022-11-23,West,Osun,Car Purchase,RENT,10+ years,21933,9.77,B,9.45,36,6900,6100.0,6100.0,Fully Paid,8123.85,2023-12-31
LN102358,CU22358,Kevin Lopez,2021-01-04,2021-01-16,South,Delta,Business Expansion,OWN,8 years,67832,2.22,D,15.66,36,26600,23500.0,23500.0,Current,23787.7,2023-11-29
LN102359,CU22359,Steven Perez,2023-05-16,2023-06-05,West,Oyo,Medical Expenses,RENT,6 years,90544,34.36,F,24.56,36,17400,17400.0,16800.0,Fully Paid,19723.99,2023-12-31
LN102360,CU22360,Emily Anderson,2022-07-29,2022-08-09,West,Oyo,Education,MORTGAGE,5 years,40992,16.46,D,17.49,60,10900,10900.0,10500.0,Current,3007.4,2023-11-21
LN102361,CU22361,Richard Garcia,2022-12-07,2022-12-24,West,Oyo,Home Improvement,MORTGAGE,5 years,162604,28.31,A,7.8,36,30000,29700.0,29100.0,Fully Paid,35537.93,2023-12-31
LN102362,CU22362,Amanda Robinson,2021-05-12,2021-05-18,East,Enugu,Debt Consolidation,MORTGAGE,10+ years,111943,21.31,B,9.87,60,21600,18900.0,18900.0,Fully Paid,21677.72,2023-12-31
LN102363,CU22363,Melissa Davis,2023-05-20,2023-06-01,Central,Plateau,Car Purchase,RENT,5 years,42699,31.4,A,6.67,60,12500,9900.0,9700.0,Fully Paid,10608.67,2023-12-31
LN102364,CU22364,Deborah Ramirez,2023-04-06,2023-04-07,East,Enugu,Debt Consolidation,RENT,8 years,69981,32.37,B,10.8,36,29900,22200.0,20700.0,Fully Paid,23641.8,2023-12-31
LN102365,CU22365,Daniel Allen,2021-08-14,2021-08-25,South,Rivers,Home Improvement,RENT,3 years,31525,28.04,D,17.51,36,22600,19200.0,18300.0,Fully Paid,23916.72,2023-12-31
LN102366,CU22366,Barbara Moore,2023-12-10,,South,Delta,Debt Consolidation,RENT,8 years,58234,12.77,E,21.17,36,4200,0.0,0.0,Rejected,0.0,
LN102367,CU22367,Karen Hill,2023-02-21,2023-03-07,South,Bayelsa,Agriculture,RENT,8 years,54995,19.4,B,9.15,60,21900,18800.0,17400.0,Fully Paid,20018.13,2023-12-31
LN102368,CU22368,Kenneth Allen,2021-01-17,2021-01-20,North,Sokoto,Small Business Startup,OWN,3 years,126358,18.89,C,14.73,36,26000,20600.0,19400.0,Fully Paid,23691.92,2023-12-22
LN102369,CU22369,Mark Thomas,2023-03-31,2023-04-11,East,Abia,Agriculture,MORTGAGE,7 years,106391,25.72,C,12.31,60,26400,24800.0,23500.0,Fully Paid,29141.21,2023-12-31
LN102370,CU22370,Daniel Thomas,2023-03-16,2023-03-25,Central,Niger,Business Expansion,OWN,9 years,54154,19.23,A,8.67,60,6800,6600.0,6300.0,Fully Paid,8562.9,2023-12-31
LN102371,CU22371,Kenneth Rodriguez,2021-04-09,2021-04-19,West,Ogun,Business Expansion,MORTGAGE,5 years,42776,33.76,E,21.0,60,20300,19300.0,19300.0,Fully Paid,20629.58,2023-12-31
LN102372,CU22372,Brian Martinez,2023-04-18,2023-05-05,Central,Kogi,Debt Consolidation,RENT,10+ years,68143,33.75,B,11.78,36,1000,800.0,700.0,Fully Paid,850.22,2023-12-31
LN102373,CU22373,Daniel Lee,2021-02-10,2021-02-28,South,Delta,Business Expansion,MORTGAGE,7 years,38292,23.13,B,10.36,60,11100,11000.0,10200.0,Current,7088.1,2023-12-07
LN102374,CU22374,Barbara Clark,2023-01-30,,East,Anambra,Agriculture,RENT,7 years,39287,13.52,G,28.57,60,21100,0.0,0.0,Rejected,0.0,
LN102375,CU22375,Charles Sanchez,2021-02-15,2021-03-07,North,Katsina,Wedding,RENT,5 years,92734,33.7,C,12.25,36,21800,18800.0,17800.0,Fully Paid,22312.32,2023-12-31
LN102376,CU22376,Lisa Jones,2022-09-05,2022-09-16,South,Akwa Ibom,Car Purchase,OWN,4 years,166881,6.16,B,10.81,36,39800,35100.0,31600.0,Fully Paid,37911.27,2023-12-31
LN102377,CU22377,Sarah Flores,2023-12-01,2023-12-20,Central,Niger,Debt Consolidation,MORTGAGE,3 years,46679,9.41,C,13.55,60,1000,1000.0,900.0,Fully Paid,1181.99,2023-12-31
LN102378,CU22378,Daniel Harris,2023-09-13,2023-09-20,East,Enugu,Car Purchase,OWN,5 years,43160,14.23,E,19.3,60,3600,3400.0,3400.0,Fully Paid,3882.04,2023-12-31
LN102379,CU22379,Margaret Wright,2021-07-28,2021-08-02,West,Osun,Home Improvement,RENT,6 years,34818,9.6,A,8.4,36,8100,7700.0,7700.0,Fully Paid,10002.46,2023-12-31
LN102380,CU22380,Deborah Flores,2023-04-10,2023-04-22,North,Katsina,Home Improvement,MORTGAGE,3 years,26146,4.7,A,6.9,36,10800,8600.0,8000.0,Fully Paid,10561.86,2023-12-31
LN102381,CU22381,Linda Brown,2021-09-10,2021-09-18,North,Kaduna,Medical Expenses,RENT,10+ years,20144,6.55,C,12.76,60,13400,12700.0,12700.0,Fully Paid,15676.48,2023-12-31
LN102382,CU22382,Jessica Jones,2021-10-01,2021-10-18,East,Abia,Small Business Startup,OWN,5 years,74752,26.49,B,11.83,60,16200,16200.0,15200.0,Fully Paid,18247.17,2023-12-31
LN102383,CU22383,Nancy Moore,2021-07-15,2021-07-30,West,Oyo,Agriculture,RENT,8 years,30865,15.76,B,9.99,60,15600,13700.0,13700.0,Fully Paid,17118.94,2023-12-31
LN102384,CU22384,Jessica Martinez,2023-02-03,2023-02-19,Central,Kogi,Small Business Startup,RENT,8 years,55783,7.81,D,15.05,60,10400,9700.0,9600.0,Fully Paid,11062.11,2023-12-31
LN102385,CU22385,Lisa Allen,2023-04-05,2023-04-09,North,Katsina,Wedding,OWN,2 years,85685,30.43,A,8.36,60,17600,15500.0,14500.0,Fully Paid,18184.03,2023-12-31
LN102386,CU22386,Susan Martin,2022-09-08,2022-09-27,West,Lagos,Debt Consolidation,OWN,7 years,56673,14.69,D,15.31,60,17100,16100.0,16100.0,Fully Paid,19052.36,2023-12-31
LN102387,CU22387,Michael Taylor,2022-05-18,2022-06-06,West,Osun,Debt Consolidation,RENT,1 year,60160,23.48,A,7.67,60,29600,29600.0,29600.0,Fully Paid,31450.65,2023-12-31
LN102388,CU22388,Susan Young,2023-04-05,2023-04-25,East,Imo,Small Business Startup,OWN,1 year,72295,20.88,F,23.85,36,8100,6100.0,6100.0,Fully Paid,6589.41,2023-12-31
LN102389,CU22389,Sandra Thompson,2021-03-22,2021-04-06,Central,Abuja FCT,Agriculture,OWN,7 years,57741,29.2,C,14.25,60,17800,17000.0,15700.0,Fully Paid,21145.65,2023-12-31
LN102390,CU22390,John Young,2021-12-31,2022-01-13,Central,Plateau,Agriculture,MORTGAGE,5 years,43546,6.2,C,12.94,36,21700,20800.0,19800.0,Fully Paid,22814.04,2023-12-31
LN102391,CU22391,Lisa Nguyen,2023-07-01,2023-07-15,South,Bayelsa,Home Improvement,RENT,10+ years,107810,14.59,D,15.75,36,14300,12700.0,11800.0,Fully Paid,14249.98,2023-12-31
LN102392,CU22392,Carol Thompson,2021-04-04,2021-04-22,Central,Plateau,Medical Expenses,RENT,< 1 year,116711,18.96,A,7.36,36,11100,9200.0,9200.0,Fully Paid,10405.45,2023-12-31
LN102393,CU22393,Susan Anderson,2022-02-02,2022-02-04,East,Enugu,Business Expansion,MORTGAGE,< 1 year,61929,20.99,G,26.3,36,5700,5700.0,5400.0,Fully Paid,7542.43,2023-12-31
LN102394,CU22394,David Young,2023-06-05,2023-06-21,East,Anambra,Small Business Startup,RENT,10+ years,49058,7.75,E,21.69,60,26500,21500.0,19100.0,Fully Paid,27265.31,2023-12-31
LN102395,CU22395,Mark Jones,2022-02-06,2022-02-21,East,Enugu,Business Expansion,MORTGAGE,10+ years,45090,11.31,D,15.03,36,6100,5700.0,5600.0,Fully Paid,6375.44,2023-12-31
LN102396,CU22396,Deborah Ramirez,2023-03-10,2023-03-16,East,Anambra,Debt Consolidation,OWN,8 years,58694,6.34,B,9.52,60,26200,24400.0,23900.0,Fully Paid,30519.92,2023-12-31
LN102397,CU22397,George Walker,2021-05-20,2021-06-03,Central,Kogi,Car Purchase,OWN,8 years,34014,31.17,C,14.59,60,16700,15400.0,14900.0,Fully Paid,16649.03,2023-12-31
LN102398,CU22398,William Rodriguez,2021-06-04,,South,Delta,Agriculture,RENT,10+ years,71366,28.92,E,20.63,60,1000,0.0,0.0,Rejected,0.0,
LN102399,CU22399,David Harris,2023-09-29,,North,Kaduna,Debt Consolidation,MORTGAGE,8 years,37336,23.8,G,28.27,36,10500,0.0,0.0,Rejected,0.0,
LN102400,CU22400,Nancy Flores,2022-10-15,2022-10-28,East,Abia,Debt Consolidation,RENT,4 years,93991,15.58,C,13.89,60,15500,12300.0,12100.0,Fully Paid,15498.25,2023-12-31
LN102401,CU22401,Lisa Lee,2021-06-06,2021-06-09,East,Imo,Home Improvement,OWN,8 years,67715,4.57,B,9.29,60,31100,28900.0,28900.0,Fully Paid,38333.25,2023-12-31
LN102402,CU22402,Steven Johnson,2021-04-29,2021-05-18,East,Anambra,Debt Consolidation,OWN,8 years,51328,23.26,G,29.3,36,20000,17300.0,17000.0,Current,16768.69,2023-12-04
LN102403,CU22403,Steven Martin,2023-10-15,2023-10-21,North,Sokoto,Debt Consolidation,OWN,4 years,98421,18.49,A,7.15,36,26900,20600.0,19600.0,Charged Off,2827.36,2023-12-31
LN102404,CU22404,Kimberly Thomas,2022-10-25,2022-10-31,South,Delta,Home Improvement,RENT,< 1 year,49317,31.71,A,8.7,36,20600,17300.0,17300.0,Fully Paid,20976.44,2023-12-31
LN102405,CU22405,Matthew Smith,2023-11-07,2023-11-23,South,Rivers,Home Improvement,RENT,6 years,44738,7.79,D,17.76,60,17500,17500.0,15400.0,Charged Off,6763.84,2023-12-31
LN102406,CU22406,Kevin Walker,2022-05-01,2022-05-02,West,Lagos,Agriculture,RENT,6 years,27537,21.44,D,15.43,60,16800,15700.0,15300.0,Fully Paid,19566.31,2023-12-31
LN102407,CU22407,Robert Clark,2023-10-19,2023-11-06,South,Rivers,Medical Expenses,OWN,< 1 year,38369,33.81,E,19.13,60,23400,22000.0,22000.0,Charged Off,5497.85,2023-12-31
LN102408,CU22408,Matthew Torres,2022-04-09,2022-04-20,South,Rivers,Wedding,MORTGAGE,2 years,118673,21.9,E,19.55,60,10500,9300.0,8300.0,Fully Paid,10481.2,2023-12-31
LN102409,CU22409,Sandra Martin,2023-04-02,2023-04-22,North,Kaduna,Car Purchase,OWN,5 years,32033,28.25,A,8.15,36,27900,25200.0,25100.0,Fully Paid,29384.99,2023-12-31
LN102410,CU22410,Thomas Torres,2021-02-01,2021-02-21,North,Katsina,Car Purchase,OWN,4 years,52954,31.85,D,15.39,36,5400,5100.0,5100.0,Fully Paid,5436.21,2023-12-31
LN102411,CU22411,Robert White,2022-01-20,2022-02-04,Central,Abuja FCT,Business Expansion,RENT,8 years,46315,15.92,D,15.43,60,17600,15600.0,14900.0,Fully Paid,18543.9,2023-12-31
LN102412,CU22412,Linda Perez,2022-05-25,2022-05-31,South,Rivers,Medical Expenses,MORTGAGE,6 years,71954,27.8,D,17.19,60,10400,7800.0,7300.0,Fully Paid,8198.07,2023-12-31
LN102413,CU22413,Linda Ramirez,2023-11-11,2023-11-16,Central,Abuja FCT,Personal,RENT,5 years,78529,13.47,E,21.17,36,14600,14200.0,13600.0,Fully Paid,18863.52,2023-12-31
LN102414,CU22414,Richard White,2023-10-29,2023-10-30,Central,Niger,Debt Consolidation,RENT,3 years,97296,15.28,B,11.05,36,13500,13500.0,13500.0,Fully Paid,15991.97,2023-12-31
LN102415,CU22415,Christopher Garcia,2022-11-24,2022-11-28,West,Oyo,Medical Expenses,RENT,6 years,56935,33.06,D,16.72,60,5200,5200.0,4800.0,Charged Off,943.6,2023-06-12
LN102416,CU22416,Karen Brown,2022-05-16,2022-06-02,North,Kano,Car Purchase,OWN,1 year,84448,2.36,F,24.29,60,12400,12400.0,11900.0,Fully Paid,15188.41,2023-12-31
LN102417,CU22417,Andrew Nguyen,2022-11-26,,North,Kano,Agriculture,MORTGAGE,7 years,47235,23.66,E,18.4,60,20500,0.0,0.0,Rejected,0.0,
LN102418,CU22418,Jennifer Young,2021-03-08,2021-03-27,North,Kano,Business Expansion,RENT,6 years,28835,18.55,D,16.5,36,19700,18200.0,17500.0,Fully Paid,19817.45,2023-12-31
LN102419,CU22419,Brian Harris,2021-07-10,2021-07-28,North,Sokoto,Business Expansion,RENT,4 years,53547,31.23,C,13.62,36,25500,25500.0,22800.0,Fully Paid,28372.58,2023-12-31
LN102420,CU22420,Matthew Scott,2023-07-18,2023-07-20,East,Enugu,Personal,RENT,7 years,41714,23.86,C,13.39,60,7500,7500.0,6900.0,Charged Off,1799.31,2023-12-31
LN102421,CU22421,Christopher Nguyen,2021-06-13,2021-06-21,West,Ogun,Business Expansion,MORTGAGE,7 years,92982,4.98,C,14.28,36,18900,18900.0,17200.0,Fully Paid,21343.0,2023-12-31
LN102422,CU22422,Anthony Lewis,2022-06-25,2022-07-13,East,Abia,Business Expansion,RENT,1 year,83910,34.32,B,11.34,60,16400,13100.0,12700.0,Fully Paid,15850.98,2023-12-31
LN102423,CU22423,Donna Martin,2021-08-28,2021-08-29,West,Ogun,Education,MORTGAGE,1 year,67959,21.13,A,8.97,60,26900,26900.0,26100.0,Fully Paid,35065.16,2023-12-31
LN102424,CU22424,Donald Brown,2022-09-05,2022-09-09,West,Oyo,Car Purchase,RENT,6 years,25522,2.02,D,17.5,36,2200,1800.0,1800.0,Charged Off,1038.03,2023-12-31
LN102425,CU22425,Donald Sanchez,2023-01-12,2023-01-23,East,Abia,Business Expansion,RENT,10+ years,42233,4.29,F,24.97,60,13300,12300.0,12300.0,Fully Paid,14803.31,2023-12-31
LN102426,CU22426,Sandra Martinez,2022-03-07,,South,Bayelsa,Debt Consolidation,RENT,8 years,29924,28.95,E,19.35,36,5600,0.0,0.0,Rejected,0.0,
LN102427,CU22427,Edward Wilson,2023-11-06,2023-11-20,Central,Abuja FCT,Car Purchase,RENT,10+ years,35327,17.01,A,7.14,60,12200,11500.0,11500.0,Charged Off,3644.77,2023-12-31
LN102428,CU22428,Dorothy Clark,2023-11-30,2023-12-02,North,Kano,Business Expansion,OWN,6 years,29361,17.58,A,8.35,60,24400,21800.0,21400.0,Fully Paid,28529.46,2023-12-31
LN102429,CU22429,Mark Robinson,2023-08-18,2023-08-23,West,Oyo,Debt Consolidation,OWN,10+ years,46577,34.48,B,9.62,60,6900,6400.0,6400.0,Fully Paid,7674.24,2023-12-31
LN102430,CU22430,Barbara Lewis,2021-04-23,2021-04-28,North,Kaduna,Debt Consolidation,RENT,3 years,60030,31.08,D,17.97,36,11200,10800.0,9600.0,Fully Paid,12699.0,2023-12-31
LN102431,CU22431,Kevin Williams,2022-08-12,2022-08-14,West,Ogun,Business Expansion,OWN,2 years,26866,24.27,C,12.7,36,8000,7600.0,7500.0,Fully Paid,8471.74,2023-12-31
LN102432,CU22432,Joseph Taylor,2021-02-16,2021-03-07,East,Abia,Home Improvement,RENT,< 1 year,41901,31.75,B,11.5,60,3900,3600.0,3300.0,Fully Paid,4059.28,2023-12-31
LN102433,CU22433,Carol Smith,2021-09-25,,West,Oyo,Wedding,OWN,5 years,57824,26.68,G,27.75,60,17200,0.0,0.0,Rejected,0.0,
LN102434,CU22434,Christopher Rodriguez,2021-07-05,2021-07-07,Central,Kogi,Small Business Startup,OWN,8 years,66607,25.6,A,7.03,60,10300,7800.0,7800.0,Charged Off,2271.91,2023-01-30
LN102435,CU22435,Thomas King,2022-08-12,2022-08-20,Central,Kogi,Debt Consolidation,MORTGAGE,7 years,55144,31.9,B,11.34,60,3100,2800.0,2700.0,Current,854.39,2023-11-21
LN102436,CU22436,Edward King,2021-12-08,2021-12-25,North,Sokoto,Business Expansion,RENT,5 years,43964,21.08,C,14.89,36,1000,1000.0,1000.0,Fully Paid,1147.2,2023-12-31
LN102437,CU22437,Anthony Martin,2022-11-14,2022-12-02,South,Akwa Ibom,Business Expansion,OWN,7 years,35006,17.42,A,7.67,60,11600,9600.0,9600.0,Fully Paid,12846.49,2023-12-31
LN102438,CU22438,Betty Johnson,2022-04-14,2022-04-18,South,Rivers,Debt Consolidation,MORTGAGE,9 years,33525,7.59,C,14.85,36,9600,9600.0,9600.0,Fully Paid,10296.46,2023-12-31
LN102439,CU22439,John Garcia,2023-04-02,2023-04-20,Central,Kogi,Business Expansion,RENT,3 years,42770,15.14,B,11.85,36,18700,16100.0,16100.0,Fully Paid,19638.11,2023-12-31
LN102440,CU22440,Donald Hernandez,2022-02-20,2022-03-02,Central,Plateau,Personal,MORTGAGE,1 year,71136,22.92,A,6.75,36,17700,16400.0,16400.0,Fully Paid,21142.24,2023-12-31
LN102441,CU22441,Andrew Davis,2022-09-27,2022-10-04,West,Osun,Debt Consolidation,RENT,1 year,17895,16.89,A,7.28,36,27400,24800.0,24800.0,Fully Paid,30071.75,2023-12-31
LN102442,CU22442,James Walker,2022-10-26,2022-11-05,North,Kaduna,Small Business Startup,OWN,< 1 year,41324,16.75,C,12.54,60,21300,18400.0,17600.0,Fully Paid,19757.67,2023-12-31
LN102443,CU22443,Mary Martinez,2021-06-18,2021-06-27,South,Rivers,Home Improvement,MORTGAGE,7 years,30812,23.04,A,7.08,60,7900,7400.0,7000.0,Current,3852.86,2023-11-30
LN102444,CU22444,Michelle Rodriguez,2022-07-06,2022-07-17,North,Kaduna,Home Improvement,RENT,6 years,100128,31.88,E,18.53,60,13100,11300.0,11300.0,Fully Paid,11925.7,2023-12-31
LN102445,CU22445,Daniel Hernandez,2022-06-02,2022-06-15,West,Osun,Debt Consolidation,RENT,2 years,119488,32.18,E,21.3,36,16500,16500.0,15200.0,Charged Off,6060.07,2023-06-29
LN102446,CU22446,Charles Wright,2021-01-28,2021-02-02,South,Delta,Wedding,MORTGAGE,5 years,29956,7.4,B,10.52,60,14500,14500.0,13700.0,Fully Paid,18221.26,2023-12-31
LN102447,CU22447,Betty Wright,2021-04-11,2021-04-19,North,Katsina,Business Expansion,OWN,4 years,73757,7.26,A,7.01,36,15100,15100.0,14200.0,Current,14399.55,2023-12-14
LN102448,CU22448,Melissa Wright,2023-08-01,2023-08-20,East,Enugu,Small Business Startup,OWN,1 year,60143,29.95,C,13.09,36,21600,19000.0,19000.0,Fully Paid,23423.04,2023-12-31
LN102449,CU22449,Donald Rodriguez,2022-12-19,2023-01-06,North,Kano,Business Expansion,OWN,9 years,54851,3.42,D,15.39,36,11600,9700.0,9600.0,Current,3285.69,2023-12-09
LN102450,CU22450,William Thomas,2023-07-11,2023-07-27,South,Delta,Agriculture,OWN,4 years,75025,10.56,E,20.3,36,12100,12100.0,10500.0,Fully Paid,14540.04,2023-12-31
LN102451,CU22451,Michael Perez,2022-10-23,2022-11-12,Central,Kogi,Car Purchase,OWN,1 year,70176,13.79,A,7.29,36,2700,2700.0,2500.0,Fully Paid,2902.46,2023-12-31
LN102452,CU22452,David Johnson,2023-07-31,2023-08-06,West,Oyo,Medical Expenses,RENT,1 year,40596,7.58,C,14.98,60,5400,5000.0,4600.0,Fully Paid,6466.05,2023-12-31
LN102453,CU22453,Jessica Nguyen,2023-03-01,2023-03-04,West,Ogun,Wedding,OWN,5 years,45850,16.38,C,13.8,36,16000,16000.0,16000.0,Current,4879.87,2023-12-01
LN102454,CU22454,George Lewis,2023-08-03,2023-08-13,South,Bayelsa,Medical Expenses,RENT,2 years,74334,24.95,A,8.65,60,23800,23800.0,23100.0,Fully Paid,27172.82,2023-12-31
LN102455,CU22455,Nancy Martin,2023-11-29,2023-12-11,Central,Plateau,Personal,RENT,2 years,35515,25.98,D,16.81,60,16500,16100.0,15900.0,Fully Paid,18535.41,2023-12-31
LN102456,CU22456,Edward Martin,2021-11-17,2021-11-26,South,Rivers,Home Improvement,MORTGAGE,9 years,33497,9.93,D,15.14,36,5800,5500.0,5100.0,Fully Paid,6843.0,2023-12-31
LN102457,CU22457,Charles Rodriguez,2023-05-08,2023-05-27,East,Abia,Small Business Startup,OWN,10+ years,66910,13.67,G,26.12,36,10300,9600.0,9200.0,Fully Paid,11812.05,2023-12-31
LN102458,CU22458,Brian Thompson,2023-09-06,2023-09-19,West,Ogun,Home Improvement,RENT,2 years,35411,15.54,D,15.86,36,22200,22200.0,20900.0,Fully Paid,28499.51,2023-12-31
LN102459,CU22459,William Rodriguez,2021-11-11,2021-11-13,East,Imo,Agriculture,OWN,3 years,45034,12.57,E,19.65,36,11700,10500.0,10500.0,Fully Paid,11291.27,2023-12-31
LN102460,CU22460,Kenneth Brown,2021-10-31,2021-11-15,North,Sokoto,Education,RENT,3 years,47947,4.19,D,15.33,36,22300,21000.0,20000.0,Current,14982.07,2023-12-12
LN102461,CU22461,Robert Taylor,2023-05-13,2023-05-30,West,Oyo,Debt Consolidation,MORTGAGE,< 1 year,71734,11.95,B,11.64,36,1100,1100.0,1100.0,Fully Paid,1458.07,2023-12-31
LN102462,CU22462,Joseph Wilson,2023-07-08,2023-07-19,East,Imo,Debt Consolidation,RENT,2 years,75488,29.96,B,9.47,36,20800,16900.0,16900.0,Fully Paid,21214.87,2023-12-31
LN102463,CU22463,Brian Walker,2022-12-24,2022-12-30,West,Lagos,Home Improvement,OWN,9 years,35793,4.05,C,12.06,36,7600,6300.0,6100.0,Fully Paid,8340.15,2023-12-31
LN102464,CU22464,Karen Robinson,2022-10-27,2022-11-16,South,Bayelsa,Wedding,OWN,< 1 year,60960,5.52,A,8.16,36,18700,16600.0,15100.0,Fully Paid,20291.75,2023-12-31
LN102465,CU22465,Kenneth Brown,2023-07-18,2023-07-28,West,Oyo,Education,RENT,1 year,52193,25.66,E,21.46,60,9900,8300.0,8300.0,Current,743.88,2023-12-16
LN102466,CU22466,Melissa Lee,2021-04-18,2021-04-22,East,Imo,Agriculture,MORTGAGE,4 years,73565,5.25,F,22.7,36,16100,16100.0,15300.0,Fully Paid,19284.79,2023-12-31
LN102467,CU22467,George Brown,2023-01-15,2023-01-25,West,Osun,Debt Consolidation,RENT,9 years,36436,29.91,D,15.67,36,13100,12600.0,12300.0,Fully Paid,15815.18,2023-12-31
LN102468,CU22468,Donna Johnson,2022-03-11,2022-03-23,East,Imo,Debt Consolidation,MORTGAGE,10+ years,23673,19.03,B,10.77,36,11500,11000.0,10600.0,Current,6867.9,2023-11-17
LN102469,CU22469,Joseph Perez,2022-05-24,2022-05-25,West,Ogun,Business Expansion,MORTGAGE,1 year,49322,11.51,F,25.57,36,17000,16200.0,16200.0,Fully Paid,18139.68,2023-12-31
LN102470,CU22470,Jessica Wilson,2022-04-17,2022-04-22,North,Kano,Business Expansion,RENT,4 years,35847,23.49,B,9.3,36,10200,8600.0,8000.0,Fully Paid,10257.19,2023-12-31
LN102471,CU22471,Mary Torres,2022-01-26,2022-02-03,Central,Kogi,Business Expansion,MORTGAGE,7 years,75327,2.21,D,15.47,36,25000,22000.0,20600.0,Fully Paid,25239.7,2023-12-31
LN102472,CU22472,Betty Brown,2021-09-28,2021-10-01,South,Delta,Business Expansion,RENT,1 year,40028,26.75,A,8.46,60,17900,17600.0,17500.0,Fully Paid,20362.29,2023-12-31
LN102473,CU22473,Ashley Brown,2021-04-18,2021-04-29,Central,Kogi,Education,RENT,2 years,106423,15.22,B,9.46,60,1000,900.0,900.0,Fully Paid,964.23,2023-12-31
LN102474,CU22474,Michelle Hernandez,2021-06-29,2021-07-15,East,Imo,Car Purchase,OWN,5 years,25191,13.83,A,6.7,36,16200,14400.0,13800.0,Fully Paid,15445.59,2023-12-31
LN102475,CU22475,Jessica Thompson,2022-04-03,2022-04-06,North,Sokoto,Education,MORTGAGE,4 years,82253,4.27,C,13.83,60,3300,2700.0,2700.0,Fully Paid,3543.33,2023-12-31
LN102476,CU22476,Nancy Young,2023-10-14,2023-10-20,East,Imo,Business Expansion,OWN,6 years,33292,27.24,B,10.3,36,29300,29300.0,28600.0,Fully Paid,36318.55,2023-12-31
LN102477,CU22477,Sarah Clark,2023-06-01,2023-06-19,South,Rivers,Wedding,OWN,6 years,87110,33.32,C,12.4,36,19100,14700.0,14100.0,Fully Paid,19367.74,2023-12-31
LN102478,CU22478,Margaret Thomas,2021-01-19,2021-01-30,East,Anambra,Business Expansion,OWN,7 years,35876,18.94,E,19.74,36,22400,22400.0,21100.0,Charged Off,3963.04,2022-01-16
LN102479,CU22479,Joshua Scott,2023-05-11,2023-05-21,West,Oyo,Business Expansion,MORTGAGE,7 years,28809,26.81,C,13.38,36,21500,17900.0,17900.0,Current,3593.21,2023-12-04
LN102480,CU22480,Mary Allen,2021-08-12,2021-08-16,North,Kaduna,Wedding,OWN,1 year,60963,13.85,D,17.75,60,12700,12700.0,12700.0,Fully Paid,16126.51,2023-12-31
LN102481,CU22481,Elizabeth Young,2022-03-01,2022-03-05,Central,Abuja FCT,Car Purchase,OWN,4 years,36581,7.92,C,14.4,60,25000,22500.0,22500.0,Fully Paid,25265.74,2023-12-31
LN102482,CU22482,Linda Clark,2022-12-23,2023-01-06,Central,Plateau,Small Business Startup,OWN,8 years,25267,10.34,E,21.27,60,12800,11800.0,11700.0,Fully Paid,12551.94,2023-12-31
LN102483,CU22483,Kenneth Williams,2022-11-16,2022-11-29,Central,Plateau,Debt Consolidation,RENT,8 years,71768,10.6,E,20.15,36,13200,9500.0,8500.0,Fully Paid,11468.42,2023-12-31
LN102484,CU22484,Donald Martinez,2021-01-04,2021-01-14,West,Ogun,Business Expansion,MORTGAGE,10+ years,58255,22.06,G,29.93,36,12900,9300.0,9300.0,Fully Paid,11529.04,2023-12-01
LN102485,CU22485,Susan Thompson,2021-02-06,2021-02-24,West,Oyo,Car Purchase,RENT,8 years,15000,13.23,E,18.89,36,25300,22000.0,22000.0,Current,23173.39,2023-11-23
LN102486,CU22486,Mark King,2021-07-31,2021-08-20,Central,Kogi,Small Business Startup,MORTGAGE,4 years,66461,31.63,C,13.04,60,18300,15700.0,15700.0,Fully Paid,18423.9,2023-12-31
LN102487,CU22487,Jennifer Taylor,2022-06-24,2022-07-11,West,Osun,Car Purchase,MORTGAGE,< 1 year,38890,24.49,D,17.83,60,22300,18900.0,18900.0,Fully Paid,22214.25,2023-12-31
LN102488,CU22488,Robert Scott,2021-07-26,2021-07-28,East,Abia,Business Expansion,OWN,6 years,32865,7.87,A,6.91,60,16600,15200.0,14200.0,Fully Paid,18730.75,2023-12-31
LN102489,CU22489,Betty Wilson,2021-07-03,2021-07-10,East,Anambra,Car Purchase,MORTGAGE,< 1 year,32672,15.17,A,8.75,60,8900,7300.0,7300.0,Fully Paid,7985.94,2023-12-31
LN102490,CU22490,John Rodriguez,2023-05-28,2023-06-13,East,Imo,Debt Consolidation,RENT,3 years,95424,17.74,C,12.72,60,13700,13600.0,13600.0,Fully Paid,15267.17,2023-12-31
LN102491,CU22491,Richard Miller,2023-09-13,2023-09-17,West,Osun,Home Improvement,OWN,9 years,121882,6.81,F,25.13,60,14200,11300.0,11000.0,Fully Paid,13721.05,2023-12-31
LN102492,CU22492,Elizabeth Smith,2022-06-22,2022-07-02,North,Kano,Business Expansion,MORTGAGE,< 1 year,19785,18.08,C,12.42,60,1000,900.0,900.0,Fully Paid,951.42,2023-12-31
LN102493,CU22493,Nancy Jackson,2023-11-05,2023-11-24,Central,Abuja FCT,Home Improvement,MORTGAGE,< 1 year,38280,6.58,F,24.66,36,14400,12400.0,12000.0,Fully Paid,14513.44,2023-12-31
LN102494,CU22494,Jessica King,2021-10-04,2021-10-05,Central,Plateau,Business Expansion,RENT,6 years,26498,12.58,E,18.39,36,29000,29000.0,27700.0,Current,24338.97,2023-12-13
LN102495,CU22495,Jessica King,2021-02-26,2021-03-09,South,Rivers,Car Purchase,OWN,9 years,61966,23.83,B,9.24,36,15000,13800.0,12900.0,Current,13633.94,2023-12-17
LN102496,CU22496,Mary Young,2023-06-16,2023-06-27,East,Enugu,Agriculture,MORTGAGE,9 years,46880,2.73,B,11.89,60,18100,14700.0,14100.0,Fully Paid,17257.71,2023-12-31
LN102497,CU22497,Elizabeth Allen,2022-02-03,2022-02-09,Central,Plateau,Car Purchase,RENT,1 year,35484,20.23,A,7.57,60,10100,10100.0,9800.0,Current,3961.8,2023-12-11
LN102498,CU22498,Kenneth Sanchez,2021-12-06,2021-12-16,North,Kaduna,Wedding,OWN,3 years,36303,4.4,A,6.11,36,19700,19700.0,19700.0,Charged Off,5735.08,2023-05-09
LN102499,CU22499,Mark Miller,2021-06-11,2021-06-20,South,Akwa Ibom,Home Improvement,MORTGAGE,5 years,53050,6.07,B,10.56,36,22000,20200.0,20200.0,Current,18137.7,2023-11-21
LN102500,CU22500,David Allen,2021-05-23,2021-05-29,North,Sokoto,Home Improvement,RENT,6 years,44053,29.85,C,13.29,36,14800,12600.0,11600.0,Current,11056.84,2023-11-28
LN102501,CU22501,Emily Jackson,2021-03-10,2021-03-24,East,Abia,Debt Consolidation,MORTGAGE,8 years,34149,34.61,B,10.14,36,29600,24400.0,23100.0,Charged Off,4154.53,2022-05-28
LN102502,CU22502,Michelle Lee,2022-09-13,2022-09-22,Central,Kogi,Car Purchase,RENT,2 years,52710,6.63,A,6.04,36,23900,18600.0,18500.0,Fully Paid,20362.4,2023-12-31
LN102503,CU22503,Paul Sanchez,2022-05-16,2022-05-28,South,Rivers,Medical Expenses,RENT,3 years,59761,6.28,B,10.39,60,8400,7400.0,7400.0,Charged Off,4229.18,2023-02-07
LN102504,CU22504,Paul Williams,2023-02-19,2023-02-23,South,Bayelsa,Business Expansion,MORTGAGE,9 years,94314,24.78,B,11.44,60,15600,15600.0,14900.0,Fully Paid,17543.15,2023-12-31
LN102505,CU22505,Anthony Smith,2021-02-20,2021-03-09,West,Lagos,Education,RENT,7 years,51396,31.72,C,14.79,36,9900,9600.0,9100.0,Fully Paid,12223.75,2023-12-31
LN102506,CU22506,Michael Nguyen,2022-10-08,2022-10-18,Central,Niger,Home Improvement,RENT,10+ years,30967,21.12,B,11.03,36,22200,17300.0,16300.0,Fully Paid,20288.78,2023-12-31
LN102507,CU22507,Kevin Wilson,2021-04-03,2021-04-10,East,Enugu,Debt Consolidation,OWN,4 years,55775,9.82,E,18.31,36,25600,23700.0,22100.0,Fully Paid,28551.4,2023-12-31
LN102508,CU22508,Emily Miller,2022-12-02,2022-12-17,East,Enugu,Education,OWN,3 years,60862,27.3,A,6.47,36,8600,8000.0,8000.0,Fully Paid,10004.44,2023-12-31
LN102509,CU22509,Karen Lewis,2023-04-29,2023-05-12,North,Sokoto,Small Business Startup,OWN,9 years,23800,27.4,F,24.98,36,14400,12200.0,12100.0,Fully Paid,13893.04,2023-12-31
LN102510,CU22510,Steven Robinson,2021-05-22,2021-06-04,Central,Niger,Home Improvement,OWN,3 years,62545,15.64,B,9.31,60,4800,4700.0,3900.0,Fully Paid,5603.06,2023-12-31
LN102511,CU22511,Edward Martinez,2023-08-26,2023-09-04,West,Oyo,Education,MORTGAGE,4 years,24209,23.88,E,21.16,60,15800,15800.0,14600.0,Charged Off,3276.88,2023-12-31
LN102512,CU22512,Thomas Taylor,2021-01-08,2021-01-16,Central,Plateau,Business Expansion,MORTGAGE,3 years,58565,32.07,F,22.99,36,28700,28700.0,27200.0,Fully Paid,38483.86,2023-11-23
LN102513,CU22513,Charles Garcia,2022-09-08,2022-09-16,South,Bayelsa,Business Expansion,OWN,< 1 year,91149,28.56,A,8.5,36,12100,11200.0,10900.0,Current,5198.02,2023-12-03
LN102514,CU22514,Daniel Anderson,2022-12-14,2022-12-17,North,Kaduna,Education,RENT,6 years,48408,4.12,D,15.72,36,29100,25900.0,24100.0,Charged Off,9502.91,2023-12-31
LN102515,CU22515,Dorothy Perez,2021-07-13,2021-07-26,East,Abia,Debt Consolidation,OWN,5 years,54606,19.1,D,15.68,36,23800,21200.0,21200.0,Fully Paid,22395.58,2023-12-31
LN102516,CU22516,Mark Jackson,2023-08-09,2023-08-28,Central,Plateau,Agriculture,MORTGAGE,4 years,30509,27.44,B,11.63,60,10000,8600.0,8600.0,Fully Paid,10554.63,2023-12-31
LN102517,CU22517,Thomas King,2021-01-25,2021-01-26,North,Katsina,Agriculture,MORTGAGE,3 years,126078,30.96,B,10.22,36,9400,9000.0,8500.0,Fully Paid,11937.65,2023-12-13
LN102518,CU22518,Sandra Smith,2023-09-23,2023-10-13,North,Katsina,Debt Consolidation,OWN,10+ years,69506,27.91,B,10.44,60,15600,15200.0,14900.0,Current,783.03,2023-12-29
LN102519,CU22519,Mark King,2021-06-01,2021-06-03,North,Kaduna,Home Improvement,RENT,1 year,19942,26.3,B,10.72,60,8300,8100.0,8000.0,Fully Paid,9180.62,2023-12-31
LN102520,CU22520,David Garcia,2022-08-25,2022-09-09,East,Imo,Debt Consolidation,OWN,5 years,48126,19.62,D,16.0,60,14200,14100.0,14100.0,Fully Paid,15787.89,2023-12-31
LN102521,CU22521,Kevin King,2022-12-03,2022-12-19,East,Abia,Debt Consolidation,RENT,2 years,19827,3.46,B,9.69,36,22400,16500.0,15500.0,Fully Paid,17456.24,2023-12-31
LN102522,CU22522,George Anderson,2021-01-03,2021-01-16,East,Anambra,Education,OWN,4 years,39323,9.92,C,13.85,36,22000,22000.0,21200.0,Fully Paid,29567.65,2023-12-19
LN102523,CU22523,George Harris,2023-07-24,2023-08-12,North,Katsina,Small Business Startup,OWN,1 year,47836,21.41,A,8.98,36,7700,6600.0,6100.0,Fully Paid,8441.43,2023-12-31
LN102524,CU22524,Elizabeth Moore,2021-11-08,2021-11-19,Central,Plateau,Personal,OWN,8 years,34790,23.11,A,8.47,60,18000,17100.0,16500.0,Fully Paid,19204.67,2023-12-31
LN102525,CU22525,Elizabeth Walker,2021-07-09,2021-07-18,West,Osun,Small Business Startup,RENT,1 year,60388,34.42,B,11.97,36,15600,14100.0,13000.0,Fully Paid,18151.06,2023-12-31
LN102526,CU22526,Edward Walker,2023-06-21,2023-07-09,Central,Plateau,Debt Consolidation,OWN,6 years,25467,23.68,B,9.02,60,2400,1900.0,1700.0,Fully Paid,2267.28,2023-12-31
LN102527,CU22527,Christopher Robinson,2021-08-31,2021-09-01,Central,Niger,Personal,MORTGAGE,1 year,68903,13.31,E,19.55,60,13400,12400.0,12400.0,Fully Paid,16038.66,2023-12-31
LN102528,CU22528,Michelle Gonzalez,2023-03-17,2023-03-18,East,Imo,Home Improvement,RENT,6 years,31708,20.95,B,9.63,60,14700,12800.0,11500.0,Current,2005.24,2023-11-21
LN102529,CU22529,Dorothy Lee,2021-01-11,2021-01-16,East,Abia,Medical Expenses,OWN,9 years,41186,22.4,C,14.15,60,27600,23500.0,23300.0,Fully Paid,30596.49,2023-12-31
LN102530,CU22530,George Wright,2021-11-06,2021-11-17,West,Osun,Car Purchase,RENT,5 years,19362,4.14,B,9.38,36,35200,30700.0,28000.0,Charged Off,17252.12,2023-01-19
LN102531,CU22531,Patricia Smith,2021-08-16,2021-08-30,North,Kaduna,Education,MORTGAGE,< 1 year,65814,6.79,B,9.25,60,11800,10900.0,10900.0,Current,5140.39,2023-11-24
LN102532,CU22532,Sandra Gonzalez,2022-06-01,2022-06-06,Central,Kogi,Business Expansion,MORTGAGE,9 years,71190,23.32,A,7.88,36,8300,8200.0,7900.0,Fully Paid,10714.32,2023-12-31
LN102533,CU22533,Patricia Scott,2022-01-31,2022-02-19,Central,Niger,Debt Consolidation,MORTGAGE,4 years,90291,29.21,C,14.0,60,13600,13600.0,13100.0,Fully Paid,17397.78,2023-12-31
LN102534,CU22534,Amanda Scott,2021-09-19,2021-09-21,West,Osun,Car Purchase,OWN,10+ years,37617,33.85,D,17.8,36,32000,26400.0,25800.0,Fully Paid,29798.2,2023-12-31
LN102535,CU22535,Ashley Robinson,2023-01-14,2023-01-19,South,Bayelsa,Business Expansion,RENT,6 years,46006,34.34,C,12.21,36,18800,17700.0,16900.0,Fully Paid,22684.85,2023-12-31
LN102536,CU22536,Emily Rodriguez,2023-04-22,2023-05-02,South,Rivers,Business Expansion,OWN,1 year,42655,16.69,A,7.58,60,11200,8700.0,8300.0,Current,1226.89,2023-11-21
LN102537,CU22537,Kenneth Anderson,2022-01-24,2022-02-13,North,Kano,Small Business Startup,RENT,4 years,139080,18.96,A,8.29,60,6300,6100.0,6100.0,Fully Paid,7332.34,2023-12-31
LN102538,CU22538,Kenneth Flores,2023-04-28,2023-05-03,Central,Abuja FCT,Education,RENT,6 years,38741,2.97,B,9.82,36,23100,18300.0,17800.0,Fully Paid,22384.95,2023-12-31
LN102539,CU22539,Amanda Torres,2022-12-05,2022-12-20,South,Delta,Debt Consolidation,OWN,8 years,96810,24.92,D,15.45,60,14700,13900.0,12300.0,Fully Paid,15323.94,2023-12-31
LN102540,CU22540,Joshua Thomas,2022-10-20,2022-10-29,West,Oyo,Business Expansion,OWN,2 years,37811,3.4,E,19.25,60,1600,1400.0,1300.0,Fully Paid,1757.19,2023-12-31
LN102541,CU22541,Edward Thomas,2023-11-05,2023-11-13,West,Osun,Debt Consolidation,OWN,1 year,51278,14.27,C,12.22,36,13400,10800.0,10800.0,Charged Off,2470.52,2023-12-31
LN102542,CU22542,Amanda King,2023-10-21,2023-11-02,North,Sokoto,Car Purchase,RENT,1 year,48021,8.75,E,21.36,60,11600,10600.0,10400.0,Fully Paid,13228.56,2023-12-31
LN102543,CU22543,Patricia Harris,2023-12-23,2024-01-11,South,Bayelsa,Small Business Startup,RENT,9 years,52694,18.12,G,26.21,60,14900,14300.0,13400.0,Charged Off,2516.4,2023-12-31
LN102544,CU22544,Matthew Thomas,2021-08-27,2021-09-09,West,Ogun,Debt Consolidation,RENT,2 years,31051,7.96,C,14.66,60,19000,18600.0,16300.0,Fully Paid,20737.31,2023-12-31
LN102545,CU22545,Christopher Allen,2021-01-14,2021-01-29,East,Enugu,Business Expansion,OWN,9 years,28925,31.56,A,6.96,60,1000,800.0,800.0,Fully Paid,1013.16,2023-12-31
LN102546,CU22546,Andrew Gonzalez,2023-09-29,,Central,Kogi,Wedding,MORTGAGE,5 years,69001,28.25,F,25.05,36,24700,0.0,0.0,Rejected,0.0,
LN102547,CU22547,Andrew Martinez,2022-07-06,2022-07-13,East,Abia,Education,MORTGAGE,1 year,31063,6.78,B,9.22,60,9200,8700.0,8100.0,Fully Paid,11648.89,2023-12-31
LN102548,CU22548,James Wilson,2021-10-31,2021-11-14,Central,Plateau,Debt Consolidation,RENT,6 years,49267,3.44,B,11.87,60,12000,10300.0,9500.0,Current,4394.87,2023-11-26
LN102549,CU22549,Charles Hernandez,2021-03-04,2021-03-12,South,Delta,Personal,OWN,8 years,69500,30.36,B,9.13,60,6300,5700.0,5200.0,Charged Off,3271.04,2022-02-04
LN102550,CU22550,Andrew Hernandez,2023-11-14,2023-11-18,East,Anambra,Home Improvement,RENT,3 years,37863,14.12,C,14.88,36,5900,5000.0,5000.0,Charged Off,1679.26,2023-12-31
LN102551,CU22551,Kimberly Gonzalez,2023-06-23,2023-07-11,North,Kano,Business Expansion,OWN,6 years,30087,29.59,C,14.94,60,21200,20800.0,18900.0,Fully Paid,22987.49,2023-12-31
LN102552,CU22552,William Smith,2021-02-16,2021-02-25,North,Katsina,Education,MORTGAGE,4 years,45469,16.17,A,6.41,60,27700,26600.0,25200.0,Fully Paid,28483.45,2023-12-31
LN102553,CU22553,Amanda Hernandez,2022-03-05,2022-03-25,West,Osun,Home Improvement,MORTGAGE,6 years,64162,12.16,B,9.98,36,25400,21500.0,19000.0,Fully Paid,24685.68,2023-12-31
LN102554,CU22554,Jennifer Johnson,2021-06-15,2021-07-03,North,Sokoto,Car Purchase,OWN,8 years,75616,6.81,C,12.34,60,6700,6400.0,5400.0,Fully Paid,8083.21,2023-12-31
LN102555,CU22555,Margaret Lopez,2021-01-27,2021-02-01,South,Rivers,Education,OWN,6 years,27396,24.61,D,15.03,60,6900,6900.0,6900.0,Current,4219.55,2023-12-22
LN102556,CU22556,Melissa King,2022-01-25,2022-02-01,South,Rivers,Wedding,MORTGAGE,4 years,56800,29.3,A,8.05,60,20600,17800.0,17200.0,Fully Paid,20456.97,2023-12-31
LN102557,CU22557,Andrew Davis,2021-03-03,2021-03-11,West,Ogun,Business Expansion,MORTGAGE,1 year,67123,12.22,A,8.61,60,1800,1700.0,1700.0,Current,1084.75,2023-12-04
LN102558,CU22558,Michelle Harris,2022-09-18,,Central,Plateau,Debt Consolidation,OWN,3 years,45289,29.34,E,18.83,36,5600,0.0,0.0,Rejected,0.0,
LN102559,CU22559,Thomas White,2021-05-12,2021-05-21,East,Imo,Home Improvement,OWN,6 years,39233,21.56,E,18.4,60,22700,18800.0,18800.0,Fully Paid,19764.16,2023-12-31
LN102560,CU22560,Paul Jackson,2021-02-26,2021-03-14,East,Imo,Debt Consolidation,OWN,5 years,89338,11.87,D,17.19,36,13200,11900.0,11300.0,Fully Paid,13004.44,2023-12-29
LN102561,CU22561,Anthony Hernandez,2021-09-23,,Central,Abuja FCT,Business Expansion,RENT,1 year,43291,25.91,E,18.48,36,26300,0.0,0.0,Rejected,0.0,
LN102562,CU22562,Christopher Johnson,2023-05-02,2023-05-13,Central,Plateau,Car Purchase,OWN,3 years,70748,22.43,D,15.37,36,27300,27200.0,26000.0,Fully Paid,34256.75,2023-12-31
LN102563,CU22563,David Rodriguez,2022-10-27,2022-11-11,Central,Abuja FCT,Debt Consolidation,MORTGAGE,8 years,33630,21.8,E,18.77,60,12200,10800.0,10800.0,Fully Paid,12101.44,2023-12-31
LN102564,CU22564,Sarah Brown,2023-04-09,2023-04-29,East,Abia,Home Improvement,OWN,5 years,34771,14.81,B,11.24,36,28000,26200.0,25500.0,Fully Paid,33574.68,2023-12-31
LN102565,CU22565,Linda Perez,2022-10-17,2022-11-01,South,Akwa Ibom,Car Purchase,MORTGAGE,10+ years,34319,19.35,F,23.74,36,11700,11400.0,10400.0,Fully Paid,13828.08,2023-12-31
LN102566,CU22566,Barbara Sanchez,2021-06-18,2021-06-26,North,Kano,Debt Consolidation,RENT,4 years,34090,20.26,C,13.59,36,21000,20800.0,19900.0,Charged Off,11528.15,2022-07-28
LN102567,CU22567,Paul Allen,2021-08-30,2021-09-04,North,Katsina,Education,MORTGAGE,6 years,33561,5.29,B,9.2,60,8500,7800.0,7800.0,Current,4181.44,2023-12-17
LN102568,CU22568,Lisa Perez,2022-01-06,2022-01-25,East,Imo,Business Expansion,OWN,5 years,22175,11.08,B,11.21,60,12400,12400.0,12200.0,Fully Paid,14214.77,2023-12-31
LN102569,CU22569,Joshua Hill,2022-01-21,2022-01-22,North,Kaduna,Car Purchase,RENT,9 years,54402,17.68,F,25.19,36,17500,13400.0,13400.0,Fully Paid,17119.56,2023-12-31
LN102570,CU22570,Anthony Martinez,2022-10-28,2022-10-29,West,Oyo,Debt Consolidation,MORTGAGE,1 year,50050,17.07,D,15.26,60,4200,3400.0,3200.0,Fully Paid,4568.48,2023-12-31
LN102571,CU22571,Daniel King,2021-03-21,2021-03-27,Central,Plateau,Agriculture,OWN,5 years,30190,34.66,C,13.98,36,20300,19100.0,17300.0,Charged Off,3868.76,2022-05-19
LN102572,CU22572,Amanda King,2021-05-05,2021-05-19,Central,Plateau,Agriculture,OWN,8 years,73141,34.61,B,9.59,60,23800,21500.0,20200.0,Fully Paid,23028.74,2023-12-31
LN102573,CU22573,Steven Torres,2021-01-15,2021-01-19,Central,Niger,Car Purchase,MORTGAGE,7 years,38569,10.69,D,15.84,36,5900,5900.0,5400.0,Fully Paid,7488.03,2023-11-29
LN102574,CU22574,Joshua Walker,2023-08-14,2023-08-27,Central,Niger,Business Expansion,OWN,10+ years,36518,33.76,A,8.72,60,1000,1000.0,900.0,Fully Paid,1323.71,2023-12-31
LN102575,CU22575,Joseph Wilson,2023-11-30,2023-12-17,Central,Plateau,Car Purchase,MORTGAGE,5 years,47947,22.25,C,14.65,36,17700,15500.0,15000.0,Fully Paid,19263.59,2023-12-31
LN102576,CU22576,Emily Flores,2023-11-16,2023-11-24,Central,Plateau,Agriculture,MORTGAGE,1 year,34166,21.21,A,7.64,60,12800,12300.0,11500.0,Fully Paid,14639.75,2023-12-31
LN102577,CU22577,Jessica Brown,2021-01-09,2021-01-29,Central,Abuja FCT,Home Improvement,RENT,3 years,26093,30.85,A,7.49,60,2300,2300.0,2300.0,Fully Paid,2837.09,2023-12-31
LN102578,CU22578,George Martin,2023-08-06,2023-08-15,East,Imo,Debt Consolidation,MORTGAGE,10+ years,50051,33.76,B,10.98,60,13000,12100.0,11500.0,Current,923.19,2023-12-03
LN102579,CU22579,Betty Nguyen,2021-10-05,2021-10-15,South,Bayelsa,Debt Consolidation,RENT,10+ years,63982,16.08,A,8.31,60,14800,14300.0,13000.0,Fully Paid,16292.21,2023-12-31
LN102580,CU22580,Daniel Torres,2021-03-05,2021-03-25,North,Katsina,Education,MORTGAGE,4 years,39874,10.94,B,9.75,36,11100,9600.0,9300.0,Fully Paid,12829.84,2023-12-31
LN102581,CU22581,Amanda Torres,2023-05-29,2023-06-15,North,Katsina,Debt Consolidation,RENT,8 years,35451,24.87,F,25.42,60,15600,14300.0,14300.0,Fully Paid,18970.09,2023-12-31
LN102582,CU22582,Nancy Clark,2023-02-14,2023-02-24,Central,Abuja FCT,Car Purchase,RENT,8 years,86228,25.98,A,6.93,36,11900,11000.0,11000.0,Fully Paid,13163.06,2023-12-31
LN102583,CU22583,Susan Brown,2023-08-13,2023-08-24,West,Lagos,Personal,RENT,6 years,35363,22.8,A,6.28,36,14700,12500.0,12300.0,Fully Paid,15532.19,2023-12-31
LN102584,CU22584,Ashley Allen,2023-03-06,2023-03-23,Central,Niger,Debt Consolidation,MORTGAGE,2 years,43595,15.04,A,6.45,36,17100,17100.0,15800.0,Fully Paid,18025.05,2023-12-31
LN102585,CU22585,Richard Clark,2021-09-24,2021-09-30,Central,Kogi,Debt Consolidation,MORTGAGE,5 years,41936,27.38,C,14.05,36,1600,1600.0,1500.0,Fully Paid,2047.19,2023-12-31
LN102586,CU22586,Carol Sanchez,2021-11-21,2021-11-25,East,Anambra,Home Improvement,RENT,3 years,55080,22.5,C,12.94,60,16000,16000.0,15000.0,Fully Paid,18962.35,2023-12-31
LN102587,CU22587,Joshua Brown,2021-09-20,2021-09-30,South,Delta,Wedding,OWN,4 years,33645,17.33,C,13.45,36,21600,18700.0,18700.0,Fully Paid,23070.42,2023-12-31
LN102588,CU22588,John Nguyen,2022-10-05,2022-10-10,South,Akwa Ibom,Medical Expenses,RENT,5 years,50838,23.07,B,11.08,36,25500,24300.0,22300.0,Charged Off,7424.54,2023-12-31
LN102589,CU22589,Thomas Jones,2022-09-26,2022-10-09,South,Bayelsa,Business Expansion,RENT,5 years,55365,13.54,A,7.69,60,15200,14400.0,14300.0,Current,3440.7,2023-11-26
LN102590,CU22590,Andrew Thomas,2021-10-30,2021-11-13,Central,Abuja FCT,Medical Expenses,RENT,10+ years,23350,22.31,D,17.2,36,21400,17100.0,16400.0,Fully Paid,20199.89,2023-12-31
LN102591,CU22591,Michael Martinez,2022-05-01,2022-05-11,South,Delta,Debt Consolidation,MORTGAGE,10+ years,25115,7.49,B,9.08,60,18900,18200.0,18200.0,Fully Paid,22153.72,2023-12-31
LN102592,CU22592,Jessica Smith,2023-01-28,2023-02-02,East,Imo,Debt Consolidation,RENT,5 years,21740,13.12,F,24.32,36,8200,7700.0,7600.0,Fully Paid,8575.29,2023-12-31
LN102593,CU22593,Margaret Smith,2023-09-25,2023-10-02,West,Osun,Personal,MORTGAGE,9 years,131438,14.75,C,14.41,60,35500,31200.0,30500.0,Fully Paid,34041.37,2023-12-31
LN102594,CU22594,Richard Torres,2022-06-23,2022-07-01,Central,Abuja FCT,Agriculture,MORTGAGE,6 years,66466,19.12,E,18.14,36,25200,21500.0,20700.0,Fully Paid,25006.84,2023-12-31
LN102595,CU22595,Elizabeth Ramirez,2022-01-12,,Central,Abuja FCT,Business Expansion,MORTGAGE,2 years,51241,29.76,G,26.6,60,13200,0.0,0.0,Rejected,0.0,
LN102596,CU22596,Lisa Perez,2021-08-02,2021-08-03,North,Katsina,Car Purchase,RENT,9 years,115808,5.01,B,9.11,60,14400,13700.0,13700.0,Fully Paid,14660.93,2023-12-31
LN102597,CU22597,Carol Miller,2021-04-25,,South,Rivers,Debt Consolidation,OWN,9 years,39827,34.39,F,25.39,60,18100,0.0,0.0,Rejected,0.0,
LN102598,CU22598,Karen Flores,2023-06-13,2023-06-26,North,Katsina,Medical Expenses,MORTGAGE,7 years,105775,20.49,A,8.68,36,15700,15700.0,15300.0,Fully Paid,16833.0,2023-12-31
LN102599,CU22599,Richard Thomas,2021-11-19,2021-11-23,South,Rivers,Car Purchase,MORTGAGE,6 years,53148,22.01,B,11.35,36,22600,20400.0,19600.0,Charged Off,5479.19,2022-01-17
LN102600,CU22600,Donald Garcia,2023-05-06,2023-05-11,South,Delta,Agriculture,OWN,< 1 year,57093,7.41,C,14.69,36,24800,22000.0,19900.0,Fully Paid,27405.63,2023-12-31
LN102601,CU22601,Melissa Moore,2021-04-21,2021-05-07,South,Bayelsa,Debt Consolidation,RENT,4 years,59928,27.22,A,7.86,60,14200,12900.0,12100.0,Fully Paid,15617.18,2023-12-31
LN102602,CU22602,David Scott,2023-03-31,2023-04-03,South,Rivers,Business Expansion,OWN,2 years,125283,9.69,B,9.48,36,19600,19600.0,19200.0,Fully Paid,21564.38,2023-12-31
LN102603,CU22603,Emily Brown,2023-05-02,2023-05-07,East,Imo,Business Expansion,MORTGAGE,6 years,61496,14.71,D,16.1,60,15700,15700.0,15300.0,Fully Paid,17760.24,2023-12-31
LN102604,CU22604,James Torres,2023-05-24,2023-06-04,West,Lagos,Home Improvement,RENT,7 years,32075,22.14,B,9.47,60,14300,13200.0,12900.0,Current,1646.5,2023-12-03
LN102605,CU22605,Emily Robinson,2023-10-11,2023-10-12,East,Abia,Debt Consolidation,MORTGAGE,8 years,47145,17.85,A,6.78,60,15300,12700.0,12100.0,Fully Paid,15998.47,2023-12-31
LN102606,CU22606,Anthony Lee,2023-07-28,2023-08-02,West,Osun,Debt Consolidation,OWN,6 years,101958,14.13,B,9.26,60,16100,14000.0,13700.0,Fully Paid,15351.27,2023-12-31
LN102607,CU22607,Patricia Hill,2023-04-02,2023-04-11,South,Delta,Business Expansion,MORTGAGE,1 year,66296,13.42,B,11.12,60,1000,900.0,900.0,Current,120.48,2023-12-10
LN102608,CU22608,Richard Young,2021-03-10,2021-03-28,North,Katsina,Education,RENT,6 years,30030,26.01,B,11.19,60,5400,5400.0,5400.0,Fully Paid,6957.74,2023-12-31
LN102609,CU22609,Brian Sanchez,2023-08-25,2023-09-09,West,Oyo,Personal,MORTGAGE,5 years,25161,5.11,C,13.91,36,16300,15300.0,15300.0,Fully Paid,16941.27,2023-12-31
LN102610,CU22610,Barbara Taylor,2022-05-03,2022-05-16,South,Akwa Ibom,Business Expansion,RENT,10+ years,32720,11.58,B,11.06,36,2600,2200.0,2200.0,Fully Paid,2365.93,2023-12-31
LN102611,CU22611,Jennifer Flores,2021-02-10,2021-02-26,Central,Kogi,Debt Consolidation,MORTGAGE,7 years,17988,7.03,D,15.01,36,26800,23800.0,23500.0,Charged Off,8501.79,2022-05-11
LN102612,CU22612,Ashley Miller,2021-03-22,2021-04-07,East,Anambra,Debt Consolidation,RENT,7 years,65361,9.95,D,16.95,36,7000,6800.0,6800.0,Fully Paid,7258.76,2023-12-31
LN102613,CU22613,Joseph Ramirez,2023-06-26,2023-07-06,Central,Kogi,Medical Expenses,MORTGAGE,6 years,42368,22.9,D,16.36,36,2700,2600.0,2600.0,Fully Paid,3252.36,2023-12-31
LN102614,CU22614,Robert Garcia,2021-04-15,2021-05-01,North,Kaduna,Business Expansion,MORTGAGE,7 years,34878,17.04,D,15.15,36,21300,18800.0,18600.0,Fully Paid,21782.36,2023-12-31
LN102615,CU22615,Barbara Smith,2021-11-01,2021-11-07,East,Enugu,Debt Consolidation,RENT,10+ years,31692,21.5,G,27.16,60,21800,20300.0,20300.0,Fully Paid,26980.47,2023-12-31
LN102616,CU22616,Amanda Flores,2021-06-17,2021-06-29,South,Rivers,Debt Consolidation,OWN,10+ years,62150,3.33,C,12.52,60,16400,15200.0,14500.0,Fully Paid,19564.93,2023-12-31
LN102617,CU22617,Sarah Robinson,2023-05-15,2023-05-25,East,Anambra,Agriculture,RENT,9 years,53047,21.09,B,11.6,60,17800,17400.0,16800.0,Fully Paid,22237.64,2023-12-31
LN102618,CU22618,Elizabeth Harris,2021-12-06,2021-12-10,Central,Kogi,Education,OWN,4 years,81972,27.72,D,15.25,60,19300,18600.0,18600.0,Fully Paid,23540.9,2023-12-31
LN102619,CU22619,Charles Williams,2022-01-20,2022-02-04,East,Enugu,Car Purchase,OWN,7 years,45139,6.84,A,8.81,36,6200,5600.0,5600.0,Fully Paid,7217.65,2023-12-31
LN102620,CU22620,Melissa Torres,2023-02-16,,Central,Plateau,Small Business Startup,MORTGAGE,1 year,61896,34.22,G,28.97,60,3000,0.0,0.0,Rejected,0.0,
LN102621,CU22621,Deborah Smith,2022-12-05,2022-12-15,Central,Kogi,Car Purchase,RENT,1 year,52519,28.2,B,11.43,60,26100,20300.0,20300.0,Fully Paid,21597.74,2023-12-31
LN102622,CU22622,Kimberly Martin,2023-11-24,2023-12-11,Central,Plateau,Home Improvement,MORTGAGE,1 year,51163,28.56,F,23.1,36,21900,17700.0,17700.0,Charged Off,10230.62,2023-12-31
LN102623,CU22623,Steven Sanchez,2021-04-03,2021-04-14,South,Akwa Ibom,Debt Consolidation,MORTGAGE,5 years,32931,22.3,E,19.78,60,20600,18600.0,16400.0,Charged Off,7599.98,2023-12-31
LN102624,CU22624,Margaret Wilson,2023-02-05,2023-02-24,South,Akwa Ibom,Debt Consolidation,OWN,5 years,55127,21.47,C,12.44,60,14100,13500.0,12700.0,Current,2554.21,2023-12-26
LN102625,CU22625,Brian Brown,2021-05-26,2021-06-12,Central,Kogi,Business Expansion,MORTGAGE,4 years,42841,28.33,A,7.23,60,10300,9100.0,9100.0,Fully Paid,11379.49,2023-12-31
LN102626,CU22626,Christopher Hill,2021-06-06,2021-06-10,South,Delta,Debt Consolidation,OWN,5 years,18820,15.04,C,14.48,60,21900,20800.0,18000.0,Fully Paid,23148.18,2023-12-31
LN102627,CU22627,Kevin Robinson,2023-12-26,2024-01-09,South,Akwa Ibom,Business Expansion,OWN,< 1 year,34475,23.22,D,17.65,36,16200,16200.0,16200.0,Fully Paid,18692.36,2023-12-31
LN102628,CU22628,Ashley Rodriguez,2022-11-11,2022-11-29,North,Sokoto,Agriculture,RENT,8 years,40062,15.17,C,14.48,60,14100,12100.0,10900.0,Fully Paid,15312.29,2023-12-31
LN102629,CU22629,Robert Jackson,2022-07-28,2022-08-03,West,Oyo,Agriculture,RENT,4 years,60379,10.52,F,23.55,60,12100,11500.0,11000.0,Fully Paid,15302.39,2023-12-31
LN102630,CU22630,Donald Scott,2022-01-05,2022-01-11,East,Abia,Wedding,OWN,4 years,41584,33.98,B,10.29,60,26300,24800.0,23800.0,Fully Paid,30022.89,2023-12-31
LN102631,CU22631,Sarah Thompson,2023-05-18,2023-06-06,South,Delta,Car Purchase,RENT,6 years,54576,14.08,E,20.48,60,23300,23300.0,22500.0,Fully Paid,28132.91,2023-12-31
LN102632,CU22632,Donald Perez,2022-11-06,2022-11-09,East,Imo,Debt Consolidation,MORTGAGE,4 years,23788,33.57,C,14.65,60,10700,10000.0,9900.0,Current,2168.05,2023-11-22
LN102633,CU22633,William Nguyen,2021-01-07,2021-01-13,South,Bayelsa,Debt Consolidation,MORTGAGE,5 years,82405,17.35,A,8.89,60,14000,11100.0,10200.0,Fully Paid,12763.46,2023-12-31
LN102634,CU22634,Brian Nguyen,2023-02-11,2023-02-16,South,Akwa Ibom,Wedding,OWN,8 years,59625,28.98,B,10.81,36,17300,17200.0,16100.0,Fully Paid,22402.08,2023-12-31
LN102635,CU22635,Charles Jackson,2023-05-15,2023-05-18,West,Ogun,Business Expansion,MORTGAGE,10+ years,26754,18.32,D,16.05,36,22600,20300.0,20300.0,Fully Paid,23809.4,2023-12-31
LN102636,CU22636,Betty Rodriguez,2021-05-08,2021-05-28,South,Delta,Agriculture,RENT,< 1 year,37376,25.12,B,10.97,60,12400,11300.0,10800.0,Fully Paid,11967.57,2023-12-31
LN102637,CU22637,Joseph Miller,2021-09-26,2021-10-04,West,Lagos,Business Expansion,MORTGAGE,2 years,70830,12.9,B,10.35,60,16900,14700.0,14100.0,Fully Paid,16375.12,2023-12-31
LN102638,CU22638,Carol Lopez,2023-04-28,2023-05-13,West,Lagos,Small Business Startup,MORTGAGE,10+ years,37277,25.3,B,9.49,60,13700,13700.0,13400.0,Fully Paid,15832.31,2023-12-31
LN102639,CU22639,Robert Miller,2022-03-06,2022-03-24,South,Rivers,Business Expansion,MORTGAGE,< 1 year,51972,8.4,C,13.47,36,16400,16400.0,15900.0,Fully Paid,19874.76,2023-12-31
LN102640,CU22640,Patricia Sanchez,2022-10-16,2022-11-02,West,Lagos,Debt Consolidation,MORTGAGE,4 years,104581,18.24,C,13.04,60,23400,21300.0,21300.0,Fully Paid,23845.22,2023-12-31
LN102641,CU22641,Christopher Jackson,2021-12-05,2021-12-16,North,Kaduna,Business Expansion,MORTGAGE,8 years,65469,23.43,C,14.04,36,15200,11800.0,11800.0,Current,8973.67,2023-11-19
LN102642,CU22642,Kimberly Wright,2021-03-26,2021-04-01,West,Osun,Medical Expenses,RENT,9 years,89101,3.11,A,6.82,60,8400,8200.0,7900.0,Fully Paid,10800.78,2023-12-31
LN102643,CU22643,Paul Jackson,2022-11-04,2022-11-10,West,Lagos,Debt Consolidation,OWN,< 1 year,26413,32.93,A,6.73,36,14400,13100.0,12600.0,Fully Paid,15878.75,2023-12-31
LN102644,CU22644,Sandra Garcia,2021-11-23,2021-12-10,South,Delta,Debt Consolidation,OWN,3 years,66482,18.43,B,11.6,60,13900,13500.0,12000.0,Fully Paid,15361.57,2023-12-31
LN102645,CU22645,Mark Walker,2021-10-06,2021-10-12,Central,Plateau,Business Expansion,RENT,8 years,38394,22.61,E,20.81,60,17400,15300.0,14500.0,Fully Paid,18493.96,2023-12-31
LN102646,CU22646,Matthew Johnson,2021-01-13,2021-01-22,South,Delta,Medical Expenses,MORTGAGE,7 years,40748,7.81,C,13.35,36,14800,14000.0,13600.0,Fully Paid,15035.97,2023-11-21
LN102647,CU22647,James Clark,2022-03-31,,South,Delta,Medical Expenses,RENT,10+ years,19864,18.5,F,24.53,60,1000,0.0,0.0,Rejected,0.0,
LN102648,CU22648,Donald Thomas,2021-12-22,2022-01-07,East,Abia,Agriculture,OWN,10+ years,93394,16.51,A,6.39,60,34700,30400.0,27000.0,Fully Paid,38915.98,2023-12-31
LN102649,CU22649,Thomas Perez,2023-12-23,2023-12-28,South,Akwa Ibom,Business Expansion,RENT,9 years,68521,13.27,D,16.41,36,21800,19000.0,18000.0,Fully Paid,21207.57,2023-12-31
LN102650,CU22650,Kevin Rodriguez,2023-07-07,2023-07-09,South,Akwa Ibom,Agriculture,OWN,4 years,20890,30.09,D,17.13,60,20100,17600.0,16800.0,Fully Paid,23606.66,2023-12-31
LN102651,CU22651,Nancy Perez,2023-12-04,2023-12-19,East,Abia,Car Purchase,MORTGAGE,10+ years,83625,28.74,A,6.67,60,25800,22800.0,22800.0,Fully Paid,25945.29,2023-12-31
LN102652,CU22652,Anthony Walker,2023-01-07,2023-01-20,Central,Abuja FCT,Business Expansion,MORTGAGE,6 years,84260,25.9,D,16.91,60,24600,20600.0,19800.0,Fully Paid,24474.25,2023-12-31
LN102653,CU22653,Betty Perez,2022-09-01,2022-09-15,West,Lagos,Education,RENT,8 years,45426,14.63,B,11.01,60,14700,14700.0,14200.0,Fully Paid,16441.64,2023-12-31
LN102654,CU22654,Amanda Lopez,2021-11-30,2021-12-18,Central,Abuja FCT,Home Improvement,RENT,8 years,43468,15.35,C,13.81,60,21800,19000.0,18500.0,Fully Paid,23879.99,2023-12-31
LN102655,CU22655,James Ramirez,2022-06-21,2022-06-27,South,Delta,Education,RENT,9 years,183256,34.06,A,8.52,60,29800,29700.0,28000.0,Fully Paid,31468.1,2023-12-31
LN102656,CU22656,Mary Scott,2022-02-27,2022-03-07,Central,Kogi,Car Purchase,OWN,1 year,41715,22.13,D,15.39,36,17700,13900.0,13900.0,Fully Paid,15616.4,2023-12-31
LN102657,CU22657,Mary Davis,2021-07-06,2021-07-18,South,Bayelsa,Business Expansion,RENT,2 years,75494,8.62,A,7.63,36,23200,21800.0,19700.0,Fully Paid,26974.59,2023-12-31
LN102658,CU22658,Emily Jones,2021-08-28,2021-09-04,North,Kaduna,Business Expansion,RENT,3 years,32533,30.73,D,15.62,60,19500,16100.0,15700.0,Fully Paid,19119.0,2023-12-31
LN102659,CU22659,Kenneth Lewis,2023-11-14,2023-11-26,West,Ogun,Debt Consolidation,RENT,1 year,43033,24.34,D,17.99,60,28700,27900.0,27900.0,Fully Paid,34819.62,2023-12-31
LN102660,CU22660,Sandra Nguyen,2023-10-11,2023-10-23,East,Imo,Debt Consolidation,RENT,9 years,76390,16.52,B,10.03,60,27000,22600.0,21500.0,Charged Off,6131.42,2023-12-31
LN102661,CU22661,Brian Harris,2023-06-27,2023-06-30,South,Rivers,Home Improvement,OWN,4 years,44368,25.38,B,10.54,60,28800,26000.0,25300.0,Fully Paid,32169.27,2023-12-31
LN102662,CU22662,David Lee,2021-10-21,2021-10-24,South,Akwa Ibom,Small Business Startup,OWN,7 years,81404,34.73,E,21.58,36,25300,19900.0,19600.0,Fully Paid,22765.61,2023-12-31
LN102663,CU22663,Robert Flores,2022-09-06,2022-09-17,South,Rivers,Business Expansion,RENT,7 years,51886,14.29,E,19.18,60,10100,9100.0,9000.0,Current,2549.31,2023-12-29
LN102664,CU22664,Kevin Rodriguez,2022-06-21,2022-07-01,West,Osun,Home Improvement,RENT,3 years,79320,15.47,C,12.08,36,8900,6900.0,6800.0,Fully Paid,7635.3,2023-12-31
LN102665,CU22665,Lisa Thomas,2021-12-12,2021-12-13,South,Rivers,Car Purchase,MORTGAGE,4 years,37056,34.75,B,11.63,60,14200,13100.0,13100.0,Fully Paid,14434.39,2023-12-31
LN102666,CU22666,Deborah Ramirez,2021-02-15,2021-03-05,South,Akwa Ibom,Wedding,MORTGAGE,4 years,51740,6.6,D,15.27,36,24500,24400.0,23900.0,Fully Paid,28267.63,2023-12-27
LN102667,CU22667,Kevin Hernandez,2022-10-12,2022-10-22,East,Abia,Home Improvement,MORTGAGE,9 years,56610,2.05,B,9.18,36,22500,20000.0,19900.0,Fully Paid,23870.72,2023-12-31
LN102668,CU22668,Thomas Garcia,2021-11-12,2021-11-30,South,Delta,Small Business Startup,RENT,4 years,44014,20.26,C,13.22,36,5600,5600.0,5400.0,Fully Paid,6026.09,2023-12-31
LN102669,CU22669,Linda Wilson,2022-06-21,2022-06-28,East,Anambra,Debt Consolidation,MORTGAGE,5 years,99140,9.75,C,13.42,36,19000,14900.0,14200.0,Fully Paid,18709.71,2023-12-31
LN102670,CU22670,Brian Lopez,2023-05-02,2023-05-07,West,Osun,Business Expansion,OWN,2 years,45975,5.47,G,27.97,60,14000,11900.0,11900.0,Charged Off,1883.16,2023-07-29
LN102671,CU22671,Deborah Hernandez,2022-02-22,2022-02-25,Central,Abuja FCT,Debt Consolidation,MORTGAGE,1 year,41847,9.58,B,11.98,36,16900,16400.0,15100.0,Fully Paid,21447.74,2023-12-31
LN102672,CU22672,John Hernandez,2023-12-18,2023-12-28,Central,Abuja FCT,Medical Expenses,MORTGAGE,1 year,58621,15.24,A,7.74,60,28600,27800.0,27800.0,Fully Paid,30505.91,2023-12-31
LN102673,CU22673,Andrew Miller,2023-11-17,2023-11-28,Central,Abuja FCT,Debt Consolidation,OWN,1 year,54881,34.87,A,8.01,36,17900,14100.0,14100.0,Fully Paid,17180.52,2023-12-31
LN102674,CU22674,Brian Wilson,2021-11-07,2021-11-23,North,Katsina,Debt Consolidation,OWN,6 years,26885,4.37,A,8.64,60,14500,14400.0,14200.0,Current,6270.35,2023-11-16
LN102675,CU22675,Brian Jones,2021-01-24,2021-02-13,West,Lagos,Car Purchase,MORTGAGE,3 years,48364,5.71,C,14.07,36,17700,17000.0,17000.0,Current,17376.22,2023-12-01
LN102676,CU22676,Charles Williams,2021-08-18,2021-08-26,East,Enugu,Home Improvement,OWN,3 years,53077,26.95,C,14.35,36,9200,9000.0,8500.0,Fully Paid,11607.34,2023-12-31
LN102677,CU22677,Lisa Ramirez,2021-06-06,2021-06-18,North,Katsina,Car Purchase,RENT,8 years,60793,13.79,E,19.9,60,15300,11700.0,11700.0,Charged Off,5356.02,2023-12-31
LN102678,CU22678,Daniel Martinez,2021-11-08,2021-11-12,East,Abia,Personal,OWN,1 year,29970,25.81,C,14.48,36,16800,16800.0,16200.0,Fully Paid,21849.65,2023-12-31
LN102679,CU22679,Ashley Allen,2021-04-23,2021-04-30,North,Kaduna,Business Expansion,RENT,7 years,34979,14.41,D,17.93,36,8200,7000.0,6800.0,Fully Paid,8554.0,2023-12-31
LN102680,CU22680,Deborah Wilson,2023-03-29,2023-04-11,North,Katsina,Education,RENT,< 1 year,178814,11.47,C,12.04,60,15200,15200.0,14400.0,Fully Paid,19893.74,2023-12-31
LN102681,CU22681,Betty Hill,2022-05-23,2022-05-27,South,Delta,Car Purchase,OWN,7 years,25231,32.22,B,9.18,60,16500,14000.0,13700.0,Fully Paid,16036.76,2023-12-31
LN102682,CU22682,James Johnson,2021-05-15,2021-05-22,Central,Plateau,Small Business Startup,RENT,10+ years,65663,4.0,A,6.15,60,18300,15900.0,15400.0,Fully Paid,17726.29,2023-12-31
LN102683,CU22683,Mary Sanchez,2022-08-24,2022-09-13,East,Abia,Home Improvement,RENT,8 years,42139,31.86,B,11.08,36,14000,13100.0,13100.0,Fully Paid,14427.42,2023-12-31
LN102684,CU22684,Nancy Hill,2022-01-17,2022-02-04,North,Katsina,Education,OWN,8 years,53866,28.76,E,21.4,60,9400,8200.0,7300.0,Fully Paid,8957.78,2023-12-31
LN102685,CU22685,Emily Perez,2022-10-10,2022-10-29,East,Imo,Business Expansion,OWN,3 years,42771,19.74,F,24.48,36,10600,10600.0,9500.0,Fully Paid,13615.88,2023-12-31
LN102686,CU22686,Karen King,2023-05-28,2023-06-15,South,Delta,Business Expansion,RENT,8 years,55820,29.65,D,16.68,36,15900,14200.0,13800.0,Fully Paid,15742.63,2023-12-31
LN102687,CU22687,Andrew Gonzalez,2023-12-26,2024-01-09,South,Delta,Debt Consolidation,OWN,< 1 year,46199,13.12,A,6.77,36,10300,10300.0,9600.0,Fully Paid,11940.04,2023-12-31
LN102688,CU22688,Anthony Clark,2023-09-10,2023-09-26,East,Abia,Home Improvement,MORTGAGE,4 years,146690,4.85,F,22.39,36,13700,11500.0,11200.0,Fully Paid,12524.43,2023-12-31
LN102689,CU22689,Joseph Miller,2022-12-08,2022-12-10,West,Oyo,Debt Consolidation,OWN,9 years,33039,20.56,B,10.33,60,22400,17900.0,15900.0,Current,3772.43,2023-12-12
LN102690,CU22690,James Allen,2022-07-06,2022-07-24,North,Kaduna,Debt Consolidation,RENT,1 year,51231,8.69,F,23.48,36,11000,11000.0,9900.0,Charged Off,2813.83,2023-03-30
LN102691,CU22691,Brian Harris,2023-04-29,2023-05-12,North,Kaduna,Personal,MORTGAGE,6 years,77096,20.59,G,26.47,60,21600,20600.0,20600.0,Fully Paid,26943.24,2023-12-31
LN102692,CU22692,Matthew Jones,2023-03-30,2023-04-10,North,Kano,Education,MORTGAGE,< 1 year,43319,31.37,C,14.35,60,5600,4500.0,4300.0,Fully Paid,5088.98,2023-12-31
LN102693,CU22693,Thomas Lopez,2023-02-17,2023-03-05,West,Ogun,Education,MORTGAGE,4 years,77635,7.48,F,25.7,36,17700,17500.0,17100.0,Fully Paid,23565.35,2023-12-31
LN102694,CU22694,Mary Gonzalez,2022-10-07,2022-10-21,East,Imo,Small Business Startup,RENT,5 years,42547,21.22,A,8.54,60,11500,11500.0,10300.0,Fully Paid,12173.88,2023-12-31
LN102695,CU22695,James Garcia,2021-10-09,2021-10-26,North,Katsina,Debt Consolidation,OWN,7 years,16896,12.15,D,17.33,36,15600,15600.0,13900.0,Fully Paid,19127.37,2023-12-31
LN102696,CU22696,Sarah Rodriguez,2022-03-02,2022-03-04,North,Katsina,Debt Consolidation,RENT,8 years,36226,33.23,C,12.7,60,30300,29400.0,28400.0,Fully Paid,33735.13,2023-12-31
LN102697,CU22697,Kenneth Lewis,2022-06-14,2022-06-26,North,Kano,Business Expansion,OWN,9 years,55662,21.82,E,20.29,60,7700,6700.0,6500.0,Charged Off,1050.23,2023-08-17
LN102698,CU22698,Anthony Taylor,2022-07-18,2022-07-25,North,Kano,Education,MORTGAGE,10+ years,38398,33.31,E,19.01,60,21100,17800.0,17800.0,Fully Paid,23822.85,2023-12-31
LN102699,CU22699,Sandra Williams,2021-12-20,2021-12-24,North,Katsina,Small Business Startup,RENT,9 years,106767,15.24,D,15.99,60,8400,7300.0,7300.0,Fully Paid,8061.92,2023-12-31
LN102700,CU22700,Thomas Jackson,2023-05-27,2023-06-12,Central,Plateau,Home Improvement,MORTGAGE,5 years,69819,2.83,F,23.17,36,5400,4900.0,4600.0,Fully Paid,6171.3,2023-12-31
LN102701,CU22701,Margaret Rodriguez,2021-12-12,2021-12-26,West,Oyo,Medical Expenses,MORTGAGE,< 1 year,108499,29.84,E,21.87,36,13000,11800.0,10000.0,Fully Paid,15018.4,2023-12-31
LN102702,CU22702,Amanda Jones,2022-07-09,2022-07-20,West,Ogun,Education,RENT,7 years,41567,25.99,D,16.74,60,22600,19600.0,18400.0,Fully Paid,21957.3,2023-12-31
LN102703,CU22703,Linda Clark,2021-11-29,2021-12-02,South,Delta,Car Purchase,RENT,4 years,48761,28.62,B,11.73,60,14700,14700.0,14700.0,Fully Paid,18449.31,2023-12-31
LN102704,CU22704,Patricia Garcia,2023-08-11,2023-08-22,West,Lagos,Debt Consolidation,MORTGAGE,1 year,33130,2.36,C,12.38,60,1000,1000.0,1000.0,Fully Paid,1335.61,2023-12-31
LN102705,CU22705,Melissa Thomas,2022-09-10,2022-09-16,North,Sokoto,Business Expansion,MORTGAGE,4 years,67743,4.39,A,6.27,60,4300,3700.0,3400.0,Fully Paid,4874.04,2023-12-31
LN102706,CU22706,Jessica Lee,2022-02-18,,East,Anambra,Business Expansion,MORTGAGE,3 years,81398,33.2,F,23.93,60,22600,0.0,0.0,Rejected,0.0,
LN102707,CU22707,Amanda Thompson,2021-09-13,2021-09-27,West,Osun,Medical Expenses,MORTGAGE,3 years,97956,27.35,G,26.19,36,14000,12900.0,12100.0,Fully Paid,15009.24,2023-12-31
LN102708,CU22708,Sandra Walker,2022-12-01,2022-12-18,North,Kaduna,Business Expansion,MORTGAGE,8 years,41727,18.52,F,22.52,36,25800,23100.0,21300.0,Fully Paid,30908.73,2023-12-31
LN102709,CU22709,Carol King,2021-05-30,,Central,Kogi,Car Purchase,MORTGAGE,< 1 year,42470,5.14,G,27.95,36,5500,0.0,0.0,Rejected,0.0,
LN102710,CU22710,Linda Clark,2022-09-08,2022-09-12,North,Kaduna,Education,RENT,4 years,26699,9.51,B,9.76,36,24500,23000.0,22200.0,Fully Paid,30058.18,2023-12-31
LN102711,CU22711,Patricia Torres,2022-09-14,2022-09-21,West,Oyo,Car Purchase,OWN,4 years,51769,19.41,E,21.49,60,10600,9000.0,9000.0,Fully Paid,11646.0,2023-12-31
LN102712,CU22712,Kimberly Wright,2022-05-09,2022-05-27,East,Anambra,Debt Consolidation,RENT,10+ years,65742,7.63,C,13.45,60,17700,15500.0,13600.0,Fully Paid,20791.49,2023-12-31
LN102713,CU22713,Sandra Smith,2021-09-05,2021-09-16,North,Katsina,Business Expansion,MORTGAGE,2 years,62568,13.63,C,13.02,36,14700,14500.0,14500.0,Fully Paid,15907.18,2023-12-31
LN102714,CU22714,Dorothy Scott,2021-12-06,2021-12-26,North,Kano,Home Improvement,RENT,7 years,61155,11.22,C,13.72,36,23100,20000.0,17800.0,Fully Paid,23435.2,2023-12-31
LN102715,CU22715,Mary Martinez,2023-01-09,2023-01-28,Central,Plateau,Debt Consolidation,MORTGAGE,3 years,61652,8.79,B,10.65,36,25700,22500.0,21100.0,Fully Paid,26061.8,2023-12-31
LN102716,CU22716,Anthony Martin,2021-08-11,2021-08-27,West,Ogun,Car Purchase,MORTGAGE,< 1 year,29880,17.21,C,14.49,36,13600,11800.0,11700.0,Charged Off,5646.38,2023-05-26
LN102717,CU22717,Mary Lewis,2023-09-26,2023-10-10,North,Kano,Medical Expenses,MORTGAGE,< 1 year,107300,29.07,E,20.11,60,12400,10700.0,10500.0,Fully Paid,14249.9,2023-12-31
LN102718,CU22718,David Williams,2023-11-21,2023-12-05,West,Lagos,Debt Consolidation,OWN,4 years,69736,10.57,A,7.51,36,15300,12700.0,10700.0,Fully Paid,14495.02,2023-12-31
LN102719,CU22719,Anthony Lopez,2022-12-13,2022-12-24,Central,Plateau,Education,OWN,7 years,46511,3.38,D,17.4,60,9700,9500.0,9200.0,Fully Paid,11233.68,2023-12-31
LN102720,CU22720,Donald Sanchez,2021-07-03,2021-07-18,East,Imo,Business Expansion,MORTGAGE,8 years,67729,25.53,D,15.48,36,20100,20100.0,19200.0,Fully Paid,22741.82,2023-12-31
LN102721,CU22721,Andrew Thompson,2022-02-01,2022-02-03,North,Kaduna,Business Expansion,RENT,5 years,32974,24.37,E,21.06,36,7000,6000.0,6000.0,Current,4393.94,2023-12-06
LN102722,CU22722,Michelle Anderson,2021-09-14,2021-09-26,North,Kano,Agriculture,MORTGAGE,6 years,28885,29.32,D,16.99,60,9000,8400.0,7800.0,Current,4305.27,2023-12-03
LN102723,CU22723,Joseph Thomas,2023-08-04,2023-08-15,North,Kaduna,Home Improvement,RENT,< 1 year,122573,14.7,B,11.2,36,11700,11500.0,11500.0,Current,1376.47,2023-12-22
LN102724,CU22724,Dorothy Martinez,2023-03-30,2023-04-10,East,Abia,Agriculture,MORTGAGE,7 years,26620,28.05,C,13.1,36,28700,27200.0,26800.0,Fully Paid,30192.86,2023-12-31
LN102725,CU22725,Kenneth Torres,2021-05-07,2021-05-20,Central,Abuja FCT,Car Purchase,MORTGAGE,5 years,25070,20.54,A,8.52,36,9800,8300.0,8300.0,Fully Paid,10625.0,2023-12-31
LN102726,CU22726,Susan Gonzalez,2023-06-09,2023-06-14,South,Bayelsa,Agriculture,OWN,3 years,45662,12.87,A,8.98,36,19200,15600.0,13900.0,Fully Paid,18041.18,2023-12-31
LN102727,CU22727,David King,2021-10-14,2021-10-25,South,Bayelsa,Medical Expenses,OWN,7 years,132717,3.92,B,11.02,36,16600,16600.0,15100.0,Fully Paid,18465.33,2023-12-31
LN102728,CU22728,Joseph Anderson,2021-01-15,2021-01-24,West,Lagos,Small Business Startup,MORTGAGE,9 years,37204,23.57,B,9.94,36,14300,12700.0,12700.0,Fully Paid,13464.65,2023-11-23
LN102729,CU22729,Mark Smith,2022-01-27,2022-02-14,East,Anambra,Medical Expenses,OWN,3 years,68030,20.69,B,11.05,36,13900,12300.0,11100.0,Fully Paid,14385.92,2023-12-31
LN102730,CU22730,Jennifer Rodriguez,2021-01-26,2021-02-14,East,Abia,Debt Consolidation,RENT,7 years,104464,16.59,C,12.66,36,8500,7300.0,6800.0,Fully Paid,9221.79,2023-12-21
LN102731,CU22731,Lisa Davis,2023-03-01,2023-03-11,West,Osun,Home Improvement,MORTGAGE,< 1 year,19301,14.35,C,14.68,60,12100,11100.0,11100.0,Fully Paid,14006.05,2023-12-31
LN102732,CU22732,Karen Martinez,2023-09-30,2023-10-20,North,Sokoto,Car Purchase,MORTGAGE,8 years,38202,34.77,A,8.37,60,21300,21300.0,18400.0,Fully Paid,25145.14,2023-12-31
LN102733,CU22733,Christopher Wilson,2022-02-10,2022-03-02,South,Bayelsa,Home Improvement,MORTGAGE,9 years,60035,26.46,A,7.29,60,10800,8900.0,8900.0,Fully Paid,11282.96,2023-12-31
LN102734,CU22734,Kimberly Scott,2022-03-29,2022-04-15,South,Rivers,Agriculture,MORTGAGE,7 years,40114,20.58,A,7.84,60,21000,19500.0,17800.0,Fully Paid,24439.66,2023-12-31
LN102735,CU22735,Brian White,2021-12-04,2021-12-16,North,Kano,Agriculture,OWN,9 years,89075,4.95,B,10.53,60,12400,12200.0,11200.0,Fully Paid,15662.52,2023-12-31
LN102736,CU22736,Carol Johnson,2021-01-24,2021-01-26,South,Akwa Ibom,Small Business Startup,RENT,6 years,66604,17.18,C,13.3,60,29400,24500.0,23600.0,Fully Paid,29089.41,2023-12-31
LN102737,CU22737,Ashley Clark,2022-09-02,2022-09-10,West,Lagos,Agriculture,MORTGAGE,9 years,50241,23.36,B,11.04,60,8700,7600.0,7600.0,Current,2066.32,2023-11-22
LN102738,CU22738,Jennifer Smith,2022-01-15,2022-01-21,South,Akwa Ibom,Business Expansion,RENT,2 years,89243,11.05,G,29.43,60,1000,800.0,700.0,Charged Off,210.1,2023-12-31
LN102739,CU22739,Edward Sanchez,2022-08-28,2022-09-05,South,Bayelsa,Medical Expenses,OWN,9 years,38338,33.62,D,17.03,60,10800,10800.0,10500.0,Fully Paid,12173.23,2023-12-31
LN102740,CU22740,Joshua Jackson,2022-12-14,2022-12-26,North,Kano,Home Improvement,RENT,4 years,92578,15.1,B,10.24,60,17400,16400.0,15200.0,Fully Paid,19532.06,2023-12-31
LN102741,CU22741,Ashley Wilson,2021-11-03,2021-11-18,North,Kaduna,Debt Consolidation,MORTGAGE,1 year,33776,21.22,C,12.05,36,13100,13100.0,12700.0,Fully Paid,15249.07,2023-12-31
LN102742,CU22742,Joseph Hernandez,2023-08-03,2023-08-13,East,Abia,Education,OWN,2 years,136480,24.78,C,12.51,36,23000,20400.0,19300.0,Fully Paid,24186.35,2023-12-31
LN102743,CU22743,Susan Hill,2023-03-13,2023-04-02,North,Katsina,Home Improvement,OWN,1 year,56575,10.32,F,24.32,36,27500,27500.0,27500.0,Charged Off,10294.84,2023-12-31
LN102744,CU22744,Betty Johnson,2021-11-12,2021-11-30,West,Ogun,Medical Expenses,RENT,4 years,33349,4.45,D,15.91,60,5800,5400.0,4700.0,Fully Paid,6687.28,2023-12-31
LN102745,CU22745,Kevin Walker,2023-01-14,2023-01-16,Central,Kogi,Home Improvement,MORTGAGE,4 years,90769,21.92,B,9.27,60,8800,8500.0,8100.0,Fully Paid,10496.72,2023-12-31
LN102746,CU22746,Joshua Gonzalez,2023-04-30,2023-05-01,West,Lagos,Debt Consolidation,RENT,10+ years,38859,34.94,C,13.99,36,17800,17400.0,17100.0,Fully Paid,22191.41,2023-12-31
LN102747,CU22747,Jessica Moore,2022-09-07,2022-09-25,West,Osun,Debt Consolidation,RENT,7 years,45107,32.08,B,11.38,36,8500,8400.0,8400.0,Fully Paid,10203.74,2023-12-31
LN102748,CU22748,Melissa Lee,2022-11-11,2022-11-29,South,Rivers,Business Expansion,RENT,6 years,50995,29.64,A,7.03,36,14000,13200.0,12200.0,Fully Paid,16007.59,2023-12-31
LN102749,CU22749,Karen Lewis,2023-12-19,2023-12-28,West,Lagos,Medical Expenses,MORTGAGE,8 years,73434,32.38,B,9.71,60,21000,20000.0,18600.0,Fully Paid,22584.14,2023-12-31
LN102750,CU22750,Joshua Sanchez,2022-03-15,2022-03-17,Central,Kogi,Home Improvement,MORTGAGE,< 1 year,72248,2.63,C,13.19,60,13100,13100.0,12500.0,Current,4616.0,2023-11-25
LN102751,CU22751,Dorothy Nguyen,2023-03-17,2023-03-27,West,Oyo,Agriculture,MORTGAGE,10+ years,17064,8.37,C,12.5,36,10900,9600.0,9600.0,Fully Paid,10748.72,2023-12-31
LN102752,CU22752,Kimberly Sanchez,2021-12-29,2022-01-11,Central,Kogi,Car Purchase,OWN,2 years,45302,18.84,A,8.46,60,1000,900.0,900.0,Charged Off,195.81,2023-12-31
LN102753,CU22753,Robert Smith,2022-03-06,2022-03-19,Central,Abuja FCT,Agriculture,RENT,4 years,44597,16.58,F,23.68,60,12100,12100.0,11900.0,Fully Paid,15989.1,2023-12-31
LN102754,CU22754,Patricia Wilson,2022-06-16,2022-06-19,West,Osun,Business Expansion,RENT,4 years,44428,27.9,C,13.38,36,21400,19700.0,19300.0,Fully Paid,21785.81,2023-12-31
LN102755,CU22755,Nancy Williams,2022-10-04,2022-10-23,South,Bayelsa,Debt Consolidation,RENT,8 years,35968,28.91,A,8.37,36,12600,12100.0,10200.0,Fully Paid,12866.22,2023-12-31
LN102756,CU22756,Karen Davis,2022-03-17,2022-03-30,East,Anambra,Education,OWN,5 years,21273,3.03,C,12.39,60,13900,13400.0,13400.0,Charged Off,6799.98,2023-12-31
LN102757,CU22757,Christopher Lee,2021-12-09,2021-12-16,North,Kaduna,Home Improvement,MORTGAGE,5 years,23400,7.17,A,8.36,60,12100,10000.0,10000.0,Fully Paid,10534.69,2023-12-31
LN102758,CU22758,Mary Jones,2022-12-26,2023-01-07,South,Akwa Ibom,Home Improvement,RENT,1 year,32603,14.32,A,8.89,36,15000,13800.0,13800.0,Fully Paid,16082.94,2023-12-31
LN102759,CU22759,Dorothy Garcia,2021-08-26,2021-08-28,Central,Kogi,Home Improvement,OWN,6 years,57485,21.93,A,7.88,60,30100,29900.0,25500.0,Fully Paid,34409.31,2023-12-31
LN102760,CU22760,Michael Nguyen,2023-12-27,2023-12-30,South,Bayelsa,Education,RENT,1 year,67318,6.93,C,13.5,60,1000,900.0,900.0,Fully Paid,1089.79,2023-12-31
LN102761,CU22761,Karen Flores,2021-11-30,2021-12-20,South,Delta,Debt Consolidation,MORTGAGE,5 years,71067,8.8,A,6.05,36,12900,11100.0,10400.0,Fully Paid,12166.82,2023-12-31
LN102762,CU22762,Joseph Wilson,2022-02-03,2022-02-05,South,Rivers,Personal,RENT,9 years,37299,6.59,C,13.06,36,8900,8400.0,8000.0,Fully Paid,11193.87,2023-12-31
LN102763,CU22763,Thomas Williams,2023-09-06,2023-09-22,North,Kano,Education,MORTGAGE,1 year,64733,10.5,C,14.81,60,1000,800.0,800.0,Fully Paid,973.36,2023-12-31
LN102764,CU22764,Elizabeth Lewis,2023-03-07,2023-03-21,East,Enugu,Agriculture,RENT,1 year,30613,31.62,A,6.2,36,13200,13200.0,13200.0,Fully Paid,16793.0,2023-12-31
LN102765,CU22765,John Anderson,2023-01-29,2023-02-04,North,Katsina,Debt Consolidation,OWN,6 years,52092,32.89,D,15.95,36,22500,19700.0,18000.0,Charged Off,7430.52,2023-04-24
LN102766,CU22766,Dorothy Jones,2021-09-06,,Central,Abuja FCT,Debt Consolidation,MORTGAGE,2 years,94757,21.91,E,21.45,36,8500,0.0,0.0,Rejected,0.0,
LN102767,CU22767,Carol Flores,2022-02-05,2022-02-24,Central,Niger,Agriculture,OWN,2 years,24034,8.75,B,9.97,60,5600,5300.0,5300.0,Fully Paid,5780.7,2023-12-31
LN102768,CU22768,Elizabeth Anderson,2022-11-30,2022-12-01,North,Sokoto,Debt Consolidation,MORTGAGE,6 years,56384,15.55,E,20.22,36,5500,4600.0,4600.0,Fully Paid,5801.37,2023-12-31
LN102769,CU22769,Michael Torres,2022-08-14,2022-08-17,West,Lagos,Debt Consolidation,RENT,< 1 year,41446,29.14,F,23.38,36,5800,5200.0,4400.0,Charged Off,647.28,2023-04-26
LN102770,CU22770,Margaret Smith,2023-04-10,2023-04-19,Central,Abuja FCT,Car Purchase,RENT,1 year,48180,13.46,B,11.82,36,7800,7500.0,7100.0,Fully Paid,9666.55,2023-12-31
LN102771,CU22771,John Wright,2021-07-29,2021-08-07,North,Katsina,Wedding,RENT,< 1 year,115682,18.81,C,14.41,36,17100,14200.0,14000.0,Fully Paid,16297.41,2023-12-31
LN102772,CU22772,Andrew Thompson,2021-01-24,2021-02-10,North,Katsina,Agriculture,MORTGAGE,10+ years,67316,10.98,B,11.43,60,12400,10600.0,10500.0,Charged Off,5446.79,2023-10-03
LN102773,CU22773,Thomas Perez,2022-03-28,2022-04-16,West,Osun,Car Purchase,MORTGAGE,9 years,48109,25.0,C,13.91,60,1000,900.0,800.0,Fully Paid,1076.52,2023-12-31
LN102774,CU22774,Joshua Moore,2021-10-21,2021-11-10,North,Sokoto,Home Improvement,MORTGAGE,9 years,78763,24.31,C,13.97,60,9700,8700.0,8700.0,Fully Paid,11562.07,2023-12-31
LN102775,CU22775,Mark Ramirez,2022-01-26,2022-02-08,South,Akwa Ibom,Car Purchase,MORTGAGE,10+ years,51789,33.14,B,10.6,60,24700,21100.0,21000.0,Fully Paid,25983.51,2023-12-31
LN102776,CU22776,Joshua Thompson,2021-07-16,,South,Rivers,Debt Consolidation,RENT,4 years,92254,11.84,G,27.98,60,14200,0.0,0.0,Rejected,0.0,
LN102777,CU22777,Linda Walker,2023-11-29,2023-12-12,East,Abia,Education,RENT,9 years,29045,19.65,D,17.72,36,1000,900.0,900.0,Current,50.44,2023-12-07
LN102778,CU22778,Jennifer Davis,2021-10-08,2021-10-15,West,Osun,Debt Consolidation,MORTGAGE,8 years,82810,6.1,F,23.6,36,10000,9600.0,9100.0,Fully Paid,11583.63,2023-12-31
LN102779,CU22779,Betty Scott,2023-09-17,2023-09-30,Central,Plateau,Medical Expenses,MORTGAGE,< 1 year,47199,34.26,F,22.5,60,2400,2400.0,2400.0,Charged Off,837.16,2023-12-31
LN102780,CU22780,Carol Jackson,2021-05-09,2021-05-12,North,Kano,Business Expansion,RENT,7 years,36305,22.1,C,14.86,36,26900,23600.0,23100.0,Fully Paid,25824.42,2023-12-31
LN102781,CU22781,Sarah Lopez,2021-11-07,2021-11-24,South,Akwa Ibom,Business Expansion,RENT,6 years,30708,6.11,D,17.49,36,5900,5400.0,5300.0,Fully Paid,7025.81,2023-12-31
LN102782,CU22782,Michelle Martin,2021-05-09,2021-05-20,Central,Plateau,Car Purchase,RENT,2 years,21727,31.71,A,6.32,36,22800,18900.0,17100.0,Fully Paid,19891.8,2023-12-31
LN102783,CU22783,George Anderson,2021-06-29,2021-07-13,East,Anambra,Agriculture,OWN,1 year,32578,29.17,A,7.55,60,17800,17800.0,17800.0,Charged Off,7232.31,2022-11-25
LN102784,CU22784,Charles Martinez,2021-09-17,2021-09-22,South,Delta,Debt Consolidation,MORTGAGE,1 year,28288,22.68,A,6.02,36,22700,22400.0,21500.0,Fully Paid,27408.54,2023-12-31
LN102785,CU22785,Thomas Anderson,2021-06-03,2021-06-20,North,Sokoto,Home Improvement,RENT,< 1 year,34810,14.31,A,8.42,60,17000,12600.0,11600.0,Fully Paid,15855.84,2023-12-31
LN102786,CU22786,Richard Robinson,2022-09-15,2022-09-29,West,Ogun,Medical Expenses,OWN,2 years,42406,17.91,D,15.29,36,20200,16500.0,16100.0,Fully Paid,18054.0,2023-12-31
LN102787,CU22787,Susan Young,2023-10-26,2023-11-14,Central,Abuja FCT,Business Expansion,OWN,10+ years,62290,26.27,B,9.05,36,17600,15800.0,14400.0,Fully Paid,20673.58,2023-12-31
LN102788,CU22788,Anthony Thompson,2022-03-21,2022-04-05,West,Osun,Business Expansion,MORTGAGE,5 years,56460,10.62,B,10.08,60,16600,15900.0,15900.0,Fully Paid,20397.96,2023-12-31
LN102789,CU22789,Daniel Rodriguez,2022-09-08,2022-09-15,West,Ogun,Agriculture,MORTGAGE,8 years,21826,3.9,E,21.8,36,7200,7200.0,6900.0,Fully Paid,9703.02,2023-12-31
LN102790,CU22790,Kenneth Martinez,2022-08-29,2022-09-05,East,Imo,Agriculture,MORTGAGE,2 years,64158,11.87,B,9.38,60,20900,20300.0,20300.0,Fully Paid,21726.74,2023-12-31
LN102791,CU22791,Kimberly Scott,2022-11-10,2022-11-18,South,Rivers,Business Expansion,OWN,3 years,30968,34.62,B,9.76,60,8500,6600.0,6500.0,Fully Paid,7973.99,2023-12-31
LN102792,CU22792,Donald Hernandez,2023-06-23,2023-06-25,North,Sokoto,Car Purchase,RENT,7 years,46044,27.0,D,16.31,60,1000,1000.0,900.0,Fully Paid,1212.1,2023-12-31
LN102793,CU22793,Karen Lee,2021-06-11,2021-06-22,Central,Plateau,Debt Consolidation,MORTGAGE,10+ years,81851,6.78,D,15.39,60,12500,12100.0,11800.0,Current,6670.74,2023-12-18
LN102794,CU22794,Amanda Harris,2022-01-24,2022-02-06,Central,Kogi,Small Business Startup,OWN,5 years,24241,7.19,C,14.33,36,25100,22500.0,20000.0,Current,15790.94,2023-12-29
LN102795,CU22795,Donald Jackson,2022-06-24,2022-06-25,North,Sokoto,Business Expansion,OWN,< 1 year,74934,19.39,E,20.54,36,17200,14600.0,13800.0,Fully Paid,15687.49,2023-12-31
LN102796,CU22796,Charles Thompson,2022-09-19,2022-09-26,South,Bayelsa,Debt Consolidation,RENT,7 years,61362,14.83,B,9.94,36,8800,8700.0,8000.0,Current,4057.66,2023-12-01
LN102797,CU22797,Michael Davis,2022-04-11,2022-04-17,East,Anambra,Business Expansion,OWN,4 years,139967,10.2,C,14.36,60,28800,26500.0,26500.0,Fully Paid,34518.9,2023-12-31
LN102798,CU22798,Mary Garcia,2022-02-26,2022-03-18,North,Kaduna,Debt Consolidation,MORTGAGE,4 years,22409,9.24,B,9.68,60,13400,13400.0,12600.0,Fully Paid,15534.47,2023-12-31
LN102799,CU22799,Paul Thompson,2021-05-21,2021-06-06,Central,Plateau,Medical Expenses,MORTGAGE,8 years,57453,33.4,F,24.09,36,18400,15000.0,14800.0,Fully Paid,15991.59,2023-12-31
LN102800,CU22800,William Davis,2023-10-20,2023-10-28,East,Anambra,Personal,MORTGAGE,4 years,72380,16.5,A,6.65,60,14500,13800.0,13500.0,Fully Paid,16522.92,2023-12-31
LN102801,CU22801,Donna Williams,2021-08-29,2021-09-07,South,Delta,Business Expansion,OWN,2 years,38210,3.8,A,6.56,60,17500,16800.0,16000.0,Fully Paid,22324.07,2023-12-31
LN102802,CU22802,James Jackson,2021-08-29,2021-09-16,West,Ogun,Wedding,RENT,8 years,35815,33.57,C,12.66,60,31200,30400.0,29500.0,Fully Paid,36113.67,2023-12-31
LN102803,CU22803,Ashley Taylor,2021-02-06,2021-02-19,North,Katsina,Business Expansion,OWN,6 years,72853,18.43,B,10.15,60,11500,8700.0,8700.0,Charged Off,3794.11,2023-09-27
LN102804,CU22804,Matthew Rodriguez,2021-09-04,2021-09-08,South,Delta,Car Purchase,OWN,10+ years,24609,32.58,E,20.58,36,27300,24800.0,22800.0,Fully Paid,32943.81,2023-12-31
LN102805,CU22805,Steven Clark,2023-09-12,2023-09-26,Central,Niger,Debt Consolidation,MORTGAGE,4 years,27227,20.39,B,11.29,36,25900,23200.0,22700.0,Fully Paid,29861.49,2023-12-31
LN102806,CU22806,Susan Gonzalez,2023-01-08,2023-01-27,North,Sokoto,Wedding,MORTGAGE,9 years,37883,14.77,B,11.99,60,10600,9800.0,9000.0,Current,2001.62,2023-12-06
LN102807,CU22807,Betty Sanchez,2022-12-23,2023-01-01,North,Sokoto,Medical Expenses,OWN,1 year,44268,16.13,C,12.55,60,15900,13600.0,12900.0,Fully Paid,15667.41,2023-12-31
LN102808,CU22808,George Moore,2021-08-19,2021-08-31,Central,Abuja FCT,Debt Consolidation,MORTGAGE,10+ years,65938,5.43,B,9.93,60,18400,16800.0,16600.0,Current,8977.04,2023-12-20
LN102809,CU22809,Linda Johnson,2023-08-16,2023-08-26,West,Ogun,Home Improvement,MORTGAGE,10+ years,40027,27.15,A,6.27,36,11200,11200.0,11200.0,Fully Paid,14198.82,2023-12-31
LN102810,CU22810,Matthew Taylor,2021-06-20,2021-07-02,Central,Abuja FCT,Business Expansion,MORTGAGE,6 years,30786,10.75,B,11.18,60,13400,10200.0,9500.0,Fully Paid,13220.02,2023-12-31
LN102811,CU22811,Kenneth White,2021-12-08,2021-12-12,Central,Kogi,Debt Consolidation,OWN,9 years,63965,15.42,A,6.74,36,7400,7400.0,7300.0,Fully Paid,9664.04,2023-12-31
LN102812,CU22812,Brian Sanchez,2021-12-30,2022-01-15,East,Abia,Car Purchase,RENT,6 years,26881,21.8,C,13.38,60,7600,6100.0,6000.0,Fully Paid,7444.36,2023-12-31
LN102813,CU22813,Emily Ramirez,2022-09-25,2022-10-14,North,Kano,Agriculture,OWN,7 years,83076,31.55,C,12.77,36,19600,18700.0,18500.0,Fully Paid,23979.55,2023-12-31
LN102814,CU22814,Mary Scott,2022-01-02,,Central,Kogi,Medical Expenses,RENT,7 years,77672,10.21,F,25.42,36,15700,0.0,0.0,Rejected,0.0,
LN102815,CU22815,Richard Hill,2023-10-01,2023-10-03,Central,Abuja FCT,Car Purchase,RENT,1 year,34982,22.14,B,10.09,36,31900,30500.0,30500.0,Current,1715.29,2023-11-22
LN102816,CU22816,Michael Perez,2022-09-23,2022-10-02,East,Enugu,Business Expansion,RENT,2 years,66511,2.45,B,11.25,60,10100,8200.0,7500.0,Fully Paid,8994.46,2023-12-31
LN102817,CU22817,Thomas Nguyen,2021-06-28,2021-07-11,Central,Abuja FCT,Education,OWN,8 years,38471,23.88,D,17.85,36,25900,25900.0,25900.0,Fully Paid,34245.74,2023-12-31
LN102818,CU22818,Sandra Hill,2021-07-03,2021-07-16,North,Sokoto,Debt Consolidation,RENT,7 years,89939,20.68,E,18.9,36,21000,19000.0,17500.0,Fully Paid,25300.06,2023-12-31
LN102819,CU22819,Sandra Anderson,2022-01-07,2022-01-09,West,Osun,Agriculture,OWN,9 years,51313,33.98,D,17.03,36,12900,12600.0,12300.0,Fully Paid,16109.13,2023-12-31
LN102820,CU22820,Barbara Ramirez,2021-12-22,2022-01-10,East,Anambra,Home Improvement,OWN,5 years,48246,15.21,C,13.53,60,19000,19000.0,17200.0,Fully Paid,25541.22,2023-12-31
LN102821,CU22821,Sarah White,2021-08-01,2021-08-21,Central,Plateau,Education,MORTGAGE,10+ years,55936,7.08,B,10.09,60,1100,1000.0,1000.0,Fully Paid,1280.47,2023-12-31
LN102822,CU22822,Sandra Smith,2022-11-19,2022-12-05,North,Kaduna,Business Expansion,RENT,10+ years,30808,33.45,D,16.86,60,9400,8500.0,8500.0,Current,2064.98,2023-12-05
LN102823,CU22823,James Nguyen,2023-04-13,2023-04-16,West,Oyo,Business Expansion,MORTGAGE,8 years,62956,12.96,B,11.06,60,12500,12000.0,12000.0,Charged Off,5737.13,2023-12-31
LN102824,CU22824,Carol Hill,2022-12-12,2022-12-31,West,Ogun,Home Improvement,MORTGAGE,6 years,66477,25.23,D,17.96,60,31300,26800.0,26200.0,Fully Paid,29848.81,2023-12-31
LN102825,CU22825,Richard Clark,2023-10-14,2023-10-30,East,Imo,Car Purchase,OWN,2 years,80594,2.77,C,13.15,36,13500,12000.0,11200.0,Fully Paid,14374.06,2023-12-31
LN102826,CU22826,Edward Thompson,2022-06-25,2022-07-08,Central,Plateau,Medical Expenses,MORTGAGE,5 years,57114,11.63,G,28.07,60,1500,1500.0,1500.0,Fully Paid,1943.67,2023-12-31
LN102827,CU22827,Thomas Lewis,2022-12-26,2023-01-04,North,Sokoto,Debt Consolidation,MORTGAGE,3 years,29068,30.41,C,12.83,60,7200,6100.0,5500.0,Fully Paid,7590.43,2023-12-31
LN102828,CU22828,Kenneth Rodriguez,2023-01-17,2023-02-04,East,Enugu,Home Improvement,OWN,7 years,61285,15.51,C,13.49,36,13000,13000.0,12700.0,Fully Paid,16298.98,2023-12-31
LN102829,CU22829,Kimberly Flores,2022-04-10,2022-04-18,West,Oyo,Agriculture,MORTGAGE,9 years,78943,15.49,B,9.78,36,17400,14900.0,14100.0,Fully Paid,19286.89,2023-12-31
LN102830,CU22830,Emily Williams,2023-02-07,2023-02-20,West,Lagos,Small Business Startup,OWN,8 years,38908,3.71,F,22.86,60,26000,26000.0,23500.0,Fully Paid,28754.93,2023-12-31
LN102831,CU22831,Linda Thomas,2022-09-13,2022-09-14,West,Osun,Small Business Startup,MORTGAGE,8 years,25875,16.22,A,6.13,60,5500,5100.0,4500.0,Fully Paid,6056.66,2023-12-31
LN102832,CU22832,Sarah Garcia,2023-03-03,2023-03-04,East,Enugu,Agriculture,OWN,2 years,30891,9.68,E,21.24,60,22500,20300.0,19100.0,Fully Paid,21594.47,2023-12-31
LN102833,CU22833,Elizabeth Clark,2023-12-28,2024-01-04,East,Anambra,Business Expansion,RENT,10+ years,42908,26.9,A,7.74,36,4900,4900.0,4500.0,Fully Paid,6504.05,2023-12-31
LN102834,CU22834,Sarah Ramirez,2023-06-04,2023-06-20,East,Abia,Home Improvement,MORTGAGE,< 1 year,37007,7.85,B,9.74,36,27600,23000.0,23000.0,Fully Paid,29558.15,2023-12-31
LN102835,CU22835,Donald Taylor,2021-10-28,2021-10-30,North,Sokoto,Home Improvement,OWN,9 years,66042,17.61,C,12.85,36,32000,21900.0,21900.0,Fully Paid,23133.94,2023-12-31
LN102836,CU22836,Ashley Ramirez,2023-12-29,2024-01-02,North,Katsina,Agriculture,OWN,10+ years,17332,25.85,C,14.62,60,28600,25400.0,24700.0,Fully Paid,34112.86,2023-12-31
LN102837,CU22837,Donna Robinson,2022-02-19,2022-03-05,West,Osun,Personal,MORTGAGE,3 years,33159,5.2,A,8.99,36,13200,13200.0,12400.0,Current,8371.12,2023-12-11
LN102838,CU22838,Mark White,2023-12-18,2023-12-30,East,Abia,Home Improvement,MORTGAGE,3 years,71777,22.33,B,11.57,36,13400,12600.0,12200.0,Fully Paid,16135.06,2023-12-31
LN102839,CU22839,Barbara Clark,2023-08-16,2023-08-27,North,Kano,Debt Consolidation,OWN,6 years,33332,10.85,C,14.58,60,13400,12800.0,12800.0,Fully Paid,15246.51,2023-12-31
LN102840,CU22840,Jennifer Wright,2022-01-09,2022-01-28,North,Kano,Car Purchase,OWN,6 years,62339,5.03,F,25.69,36,24800,20500.0,20400.0,Charged Off,3972.93,2023-06-14
LN102841,CU22841,Thomas White,2021-07-29,2021-08-14,Central,Kogi,Debt Consolidation,MORTGAGE,3 years,26807,32.82,F,25.64,36,12700,11200.0,10500.0,Fully Paid,13441.84,2023-12-31
LN102842,CU22842,Nancy Allen,2021-05-16,2021-05-28,North,Katsina,Home Improvement,OWN,10+ years,54226,21.95,A,8.41,60,13600,12500.0,12200.0,Current,6487.36,2023-12-04
LN102843,CU22843,Sarah Williams,2023-07-21,2023-08-05,West,Lagos,Home Improvement,MORTGAGE,3 years,35024,30.75,B,11.28,60,2000,2000.0,2000.0,Fully Paid,2261.34,2023-12-31
LN102844,CU22844,James Anderson,2023-08-06,2023-08-16,East,Imo,Home Improvement,OWN,6 years,59233,32.44,C,14.79,60,29000,26100.0,24800.0,Fully Paid,27461.68,2023-12-31
LN102845,CU22845,Thomas Flores,2022-01-14,2022-01-18,South,Bayelsa,Medical Expenses,MORTGAGE,< 1 year,46748,17.09,B,10.84,36,19100,19100.0,17900.0,Fully Paid,23229.88,2023-12-31
LN102846,CU22846,Steven Thomas,2022-05-19,2022-06-08,West,Oyo,Medical Expenses,MORTGAGE,1 year,44949,24.63,E,19.71,60,7400,7400.0,6900.0,Fully Paid,8362.7,2023-12-31
LN102847,CU22847,Sarah Williams,2022-03-18,2022-04-02,Central,Kogi,Business Expansion,OWN,3 years,25163,13.21,C,14.99,36,16300,15100.0,13400.0,Fully Paid,17538.99,2023-12-31
LN102848,CU22848,Amanda Perez,2021-04-21,2021-04-26,South,Bayelsa,Car Purchase,OWN,5 years,66836,26.28,A,6.48,36,16800,15100.0,15000.0,Fully Paid,18564.47,2023-12-31
LN102849,CU22849,Betty Harris,2021-02-13,2021-02-26,South,Delta,Debt Consolidation,MORTGAGE,2 years,41756,6.05,D,17.73,60,15600,14600.0,13800.0,Fully Paid,19574.45,2023-12-31
LN102850,CU22850,Mary Lewis,2022-12-25,2023-01-01,Central,Abuja FCT,Business Expansion,RENT,< 1 year,46455,28.07,D,17.41,60,7600,7400.0,7100.0,Fully Paid,7827.18,2023-12-31
LN102851,CU22851,Kenneth Hill,2021-07-11,2021-07-16,East,Anambra,Home Improvement,MORTGAGE,5 years,71999,32.1,B,9.01,60,22200,16100.0,16100.0,Current,8557.07,2023-11-27
LN102852,CU22852,William Williams,2021-04-24,2021-05-13,West,Ogun,Wedding,RENT,8 years,47725,6.39,E,21.5,36,12400,10400.0,10400.0,Current,10586.33,2023-12-09
LN102853,CU22853,Karen King,2022-03-22,2022-04-11,East,Abia,Agriculture,MORTGAGE,5 years,42271,22.62,D,16.33,60,4500,4500.0,4500.0,Fully Paid,5001.17,2023-12-31
LN102854,CU22854,Kimberly Martinez,2022-11-02,2022-11-05,East,Imo,Business Expansion,OWN,8 years,64832,25.12,C,14.49,60,9000,8100.0,8100.0,Fully Paid,9686.03,2023-12-31
LN102855,CU22855,Carol Gonzalez,2023-06-14,2023-07-01,Central,Niger,Wedding,RENT,2 years,35783,10.89,C,13.76,36,18800,15600.0,15600.0,Fully Paid,20455.45,2023-12-31
LN102856,CU22856,Dorothy Robinson,2022-11-21,2022-12-08,West,Lagos,Car Purchase,RENT,9 years,34084,9.28,A,6.12,36,1000,900.0,900.0,Current,319.04,2023-11-22
LN102857,CU22857,Nancy Martin,2023-03-05,2023-03-15,East,Abia,Small Business Startup,OWN,10+ years,30169,11.82,C,14.4,36,17100,16800.0,16300.0,Fully Paid,19059.89,2023-12-31
LN102858,CU22858,Linda Lee,2022-06-07,2022-06-15,North,Kano,Education,RENT,6 years,38064,18.52,A,8.14,36,13600,13000.0,13000.0,Fully Paid,13754.37,2023-12-31
LN102859,CU22859,Anthony Hill,2022-12-23,2023-01-09,East,Imo,Agriculture,MORTGAGE,3 years,27402,30.91,B,10.1,60,11700,9800.0,9700.0,Fully Paid,12814.88,2023-12-31
LN102860,CU22860,Edward Rodriguez,2023-06-18,2023-07-04,South,Bayelsa,Small Business Startup,RENT,4 years,52891,2.19,D,16.34,60,16700,16700.0,16200.0,Fully Paid,18895.26,2023-12-31
LN102861,CU22861,Barbara White,2021-09-16,2021-10-05,East,Enugu,Personal,OWN,8 years,42588,29.49,E,19.79,60,10800,10600.0,10600.0,Fully Paid,11919.66,2023-12-31
LN102862,CU22862,Donald Flores,2023-10-08,2023-10-28,North,Kaduna,Business Expansion,OWN,4 years,83808,31.33,B,11.62,60,7500,7500.0,7500.0,Fully Paid,9106.69,2023-12-31
LN102863,CU22863,Andrew Clark,2021-08-05,2021-08-19,West,Oyo,Agriculture,RENT,6 years,104010,15.83,B,9.4,60,23600,21600.0,20900.0,Fully Paid,25845.99,2023-12-31
LN102864,CU22864,Nancy White,2022-12-05,2022-12-20,Central,Niger,Debt Consolidation,OWN,2 years,133288,6.12,A,8.33,60,12900,11300.0,11300.0,Fully Paid,14354.07,2023-12-31
LN102865,CU22865,Matthew Martin,2021-11-10,2021-11-22,North,Kano,Debt Consolidation,RENT,2 years,74076,23.72,C,14.04,60,4900,3600.0,3600.0,Current,1514.12,2023-12-13
LN102866,CU22866,Lisa Davis,2021-07-31,2021-08-11,South,Akwa Ibom,Debt Consolidation,RENT,10+ years,88735,3.7,E,21.28,36,14300,12500.0,11900.0,Fully Paid,14492.01,2023-12-31
LN102867,CU22867,Jessica Jackson,2022-11-20,2022-12-04,East,Imo,Medical Expenses,RENT,6 years,47880,12.24,B,11.4,36,12500,9600.0,9600.0,Fully Paid,12834.18,2023-12-31
LN102868,CU22868,Susan Wilson,2023-04-30,2023-05-01,East,Abia,Small Business Startup,RENT,8 years,98642,17.59,C,12.16,60,20500,18800.0,17200.0,Fully Paid,24271.93,2023-12-31
LN102869,CU22869,Jennifer Johnson,2021-04-15,,Central,Plateau,Business Expansion,RENT,3 years,38739,28.78,D,15.24,36,9200,0.0,0.0,Rejected,0.0,
LN102870,CU22870,Lisa Perez,2021-11-21,2021-12-10,West,Oyo,Car Purchase,OWN,10+ years,80378,34.03,C,14.15,60,7100,7100.0,7000.0,Current,3131.83,2023-12-07
LN102871,CU22871,John Flores,2023-05-11,2023-05-12,South,Rivers,Medical Expenses,OWN,8 years,50860,14.55,C,13.73,60,17600,17600.0,17100.0,Fully Paid,18656.41,2023-12-31
LN102872,CU22872,Edward Scott,2021-07-10,2021-07-12,South,Rivers,Car Purchase,OWN,5 years,42432,27.73,C,14.52,36,17700,15500.0,14800.0,Current,13468.92,2023-12-29
LN102873,CU22873,Michelle Gonzalez,2023-06-07,2023-06-08,South,Delta,Business Expansion,OWN,7 years,28070,24.18,C,13.76,36,9200,7400.0,7400.0,Fully Paid,9744.63,2023-12-31
LN102874,CU22874,Emily Lewis,2021-05-09,2021-05-19,Central,Niger,Business Expansion,MORTGAGE,8 years,68931,16.84,C,13.84,60,9500,8400.0,7700.0,Fully Paid,9953.48,2023-12-31
LN102875,CU22875,Edward Clark,2023-04-08,2023-04-09,West,Osun,Education,OWN,4 years,84707,32.95,D,17.64,36,5200,5000.0,5000.0,Fully Paid,5698.47,2023-12-31
LN102876,CU22876,Jennifer Lopez,2023-04-09,2023-04-23,East,Anambra,Agriculture,RENT,4 years,139116,15.96,B,10.44,36,19900,16700.0,16300.0,Fully Paid,21784.62,2023-12-31
LN102877,CU22877,Sandra Scott,2023-10-11,2023-10-31,South,Delta,Home Improvement,MORTGAGE,6 years,39498,25.2,D,16.22,60,8100,7600.0,6900.0,Fully Paid,8726.16,2023-12-31
LN102878,CU22878,Carol Scott,2022-09-12,2022-09-25,West,Osun,Home Improvement,RENT,9 years,54713,5.61,C,13.7,60,19600,18000.0,17500.0,Fully Paid,22484.26,2023-12-31
LN102879,CU22879,Thomas Harris,2022-11-17,2022-12-01,Central,Niger,Agriculture,OWN,1 year,47254,3.98,F,25.24,60,4600,4600.0,4600.0,Fully Paid,5731.96,2023-12-31
LN102880,CU22880,Michelle Moore,2023-02-15,2023-02-24,North,Kano,Debt Consolidation,MORTGAGE,< 1 year,37606,2.88,E,21.39,60,10100,10000.0,9200.0,Fully Paid,12267.45,2023-12-31
LN102881,CU22881,Anthony King,2022-01-08,2022-01-16,North,Kaduna,Home Improvement,OWN,9 years,97698,27.71,C,14.34,36,4100,3700.0,3700.0,Fully Paid,4606.42,2023-12-31
LN102882,CU22882,Dorothy Rodriguez,2023-10-02,2023-10-17,East,Abia,Wedding,OWN,2 years,41677,7.77,B,11.71,36,11500,8800.0,8500.0,Fully Paid,10522.96,2023-12-31
LN102883,CU22883,Deborah Moore,2021-05-12,2021-05-29,North,Katsina,Business Expansion,OWN,8 years,37700,27.82,D,16.24,60,5500,5500.0,5500.0,Fully Paid,6593.02,2023-12-31
LN102884,CU22884,Patricia Taylor,2023-02-28,2023-03-13,East,Imo,Medical Expenses,MORTGAGE,5 years,67868,2.01,B,11.03,60,19100,16900.0,16600.0,Fully Paid,21122.05,2023-12-31
LN102885,CU22885,Lisa Robinson,2021-01-05,2021-01-18,Central,Plateau,Medical Expenses,OWN,5 years,27952,21.39,E,19.35,36,11400,11400.0,11400.0,Fully Paid,13608.1,2023-12-07
LN102886,CU22886,Thomas Taylor,2022-03-16,2022-03-28,Central,Kogi,Medical Expenses,RENT,3 years,81669,9.75,A,6.5,36,13700,13700.0,13700.0,Fully Paid,15434.53,2023-12-31
LN102887,CU22887,Daniel Gonzalez,2021-12-30,2022-01-16,East,Imo,Home Improvement,OWN,< 1 year,22934,17.28,C,12.88,36,16900,16700.0,15900.0,Fully Paid,18787.8,2023-12-31
LN102888,CU22888,Michael White,2022-05-27,2022-06-15,South,Rivers,Debt Consolidation,RENT,1 year,51317,27.68,A,7.89,36,5300,4600.0,4600.0,Fully Paid,5309.69,2023-12-31
LN102889,CU22889,Kevin Johnson,2023-02-06,2023-02-24,East,Abia,Home Improvement,MORTGAGE,1 year,73219,13.15,B,9.71,60,1000,900.0,900.0,Fully Paid,1091.72,2023-12-31
LN102890,CU22890,Thomas Gonzalez,2023-10-23,2023-10-29,South,Delta,Medical Expenses,RENT,6 years,79375,27.92,C,13.23,36,7200,7000.0,7000.0,Fully Paid,8760.4,2023-12-31
LN102891,CU22891,Amanda Brown,2022-03-01,2022-03-03,East,Anambra,Agriculture,OWN,8 years,32213,18.77,A,6.29,60,6700,5600.0,5300.0,Fully Paid,7129.89,2023-12-31
LN102892,CU22892,Michelle Jones,2021-03-20,2021-04-06,West,Lagos,Car Purchase,RENT,2 years,34529,2.76,E,18.51,36,11000,10300.0,9700.0,Fully Paid,12233.71,2023-12-31
LN102893,CU22893,Dorothy Jackson,2023-01-12,2023-01-28,Central,Plateau,Car Purchase,MORTGAGE,9 years,81873,7.51,E,18.08,36,14300,12700.0,11900.0,Charged Off,2414.21,2023-12-31
LN102894,CU22894,Michelle Ramirez,2022-08-17,2022-08-19,North,Kaduna,Debt Consolidation,OWN,5 years,66797,4.54,C,14.71,36,3700,3600.0,3400.0,Fully Paid,4716.73,2023-12-31
LN102895,CU22895,Donald Walker,2022-03-29,2022-04-03,East,Enugu,Education,OWN,6 years,24279,34.02,D,15.23,36,12800,12000.0,10600.0,Charged Off,4498.56,2023-08-12
LN102896,CU22896,Charles Perez,2021-08-14,,South,Bayelsa,Debt Consolidation,RENT,7 years,32168,31.07,F,22.96,36,10500,0.0,0.0,Rejected,0.0,
LN102897,CU22897,John Jackson,2021-09-16,2021-09-22,South,Rivers,Wedding,RENT,4 years,102928,23.58,B,9.75,36,21000,21000.0,20300.0,Fully Paid,24640.77,2023-12-31
LN102898,CU22898,John Lopez,2023-04-03,2023-04-20,South,Delta,Agriculture,OWN,6 years,55521,11.51,A,8.9,60,16100,14500.0,14100.0,Charged Off,6980.55,2023-12-31
LN102899,CU22899,Sandra Lee,2021-11-03,2021-11-11,East,Imo,Car Purchase,RENT,7 years,45577,30.31,E,21.76,36,15400,15400.0,14800.0,Fully Paid,20289.41,2023-12-31
LN102900,CU22900,Patricia Martinez,2021-08-19,2021-09-02,West,Oyo,Agriculture,OWN,< 1 year,19497,5.33,B,11.67,60,12900,10700.0,10400.0,Fully Paid,11368.76,2023-12-31
LN102901,CU22901,James Lee,2021-05-26,2021-06-08,West,Lagos,Small Business Startup,OWN,1 year,54192,8.09,D,17.09,36,19100,14600.0,14600.0,Fully Paid,18344.12,2023-12-31
LN102902,CU22902,Barbara Thomas,2022-04-16,2022-04-25,East,Anambra,Business Expansion,MORTGAGE,3 years,53032,33.71,D,15.05,60,27800,23400.0,21200.0,Fully Paid,29723.21,2023-12-31
LN102903,CU22903,Christopher Garcia,2023-08-27,,West,Oyo,Debt Consolidation,OWN,7 years,100398,5.51,G,28.33,36,6700,0.0,0.0,Rejected,0.0,
LN102904,CU22904,Elizabeth Miller,2021-03-07,2021-03-21,Central,Niger,Debt Consolidation,OWN,4 years,38151,33.91,B,9.53,60,7500,7500.0,7400.0,Fully Paid,9639.27,2023-12-31
LN102905,CU22905,Carol Perez,2021-10-20,2021-10-31,North,Kaduna,Car Purchase,MORTGAGE,< 1 year,46845,27.54,D,15.91,36,11500,11300.0,10900.0,Fully Paid,13710.42,2023-12-31
LN102906,CU22906,Deborah Lee,2022-03-30,2022-04-07,North,Kaduna,Debt Consolidation,OWN,4 years,37988,4.1,D,16.17,60,12300,9000.0,8300.0,Fully Paid,10574.95,2023-12-31
LN102907,CU22907,Jessica Smith,2023-01-25,2023-01-26,East,Abia,Business Expansion,MORTGAGE,4 years,69507,12.01,D,15.58,36,1000,800.0,800.0,Fully Paid,969.66,2023-12-31
LN102908,CU22908,Linda Sanchez,2023-07-13,2023-07-17,East,Anambra,Education,RENT,< 1 year,47362,16.63,E,20.56,36,31600,27700.0,25000.0,Fully Paid,29174.12,2023-12-31
LN102909,CU22909,Sarah Lewis,2022-01-12,2022-01-19,North,Kaduna,Medical Expenses,RENT,9 years,122262,33.92,A,6.51,36,4600,4500.0,4200.0,Fully Paid,5572.24,2023-12-31
LN102910,CU22910,Melissa Walker,2023-02-06,2023-02-26,North,Katsina,Home Improvement,RENT,8 years,49269,6.07,D,15.33,60,19100,18200.0,18200.0,Fully Paid,19310.98,2023-12-31
LN102911,CU22911,Michael Young,2021-03-04,2021-03-16,South,Delta,Debt Consolidation,MORTGAGE,1 year,21306,29.52,C,14.94,60,10600,9700.0,9000.0,Fully Paid,11900.92,2023-12-31
LN102912,CU22912,Matthew Hill,2022-05-22,2022-06-04,Central,Niger,Agriculture,MORTGAGE,10+ years,34905,20.49,C,12.22,36,32500,30800.0,30800.0,Fully Paid,36956.01,2023-12-31
LN102913,CU22913,Joshua Taylor,2023-03-01,,East,Enugu,Small Business Startup,RENT,10+ years,45821,30.37,G,27.18,60,20400,0.0,0.0,Rejected,0.0,
LN102914,CU22914,Elizabeth Perez,2023-01-25,2023-02-06,Central,Niger,Debt Consolidation,RENT,< 1 year,83293,27.32,B,10.99,60,14000,14000.0,14000.0,Charged Off,3226.72,2023-12-31
LN102915,CU22915,James Walker,2023-05-22,2023-06-06,Central,Kogi,Small Business Startup,OWN,10+ years,58580,29.51,D,17.83,36,26100,22600.0,22200.0,Charged Off,9736.51,2023-12-16
LN102916,CU22916,Anthony Johnson,2021-05-13,2021-05-17,South,Bayelsa,Car Purchase,OWN,8 years,60487,14.43,C,13.31,36,6800,5200.0,4500.0,Charged Off,2096.55,2022-01-27
LN102917,CU22917,Margaret Smith,2022-07-25,2022-08-09,Central,Abuja FCT,Education,MORTGAGE,< 1 year,51764,31.16,C,14.44,36,17900,17800.0,15600.0,Charged Off,9543.98,2023-01-25
LN102918,CU22918,Ashley Sanchez,2022-12-07,2022-12-22,South,Rivers,Wedding,MORTGAGE,10+ years,92216,31.12,C,14.07,60,28100,23400.0,21600.0,Fully Paid,30544.98,2023-12-31
LN102919,CU22919,Patricia Garcia,2021-10-02,,East,Abia,Agriculture,MORTGAGE,6 years,52051,16.6,G,28.03,36,27300,0.0,0.0,Rejected,0.0,
LN102920,CU22920,Michael Torres,2023-04-02,2023-04-17,East,Abia,Education,RENT,6 years,130386,31.82,B,9.08,60,21400,19600.0,19100.0,Current,2737.96,2023-11-23
LN102921,CU22921,Lisa Harris,2021-12-09,2021-12-16,Central,Abuja FCT,Debt Consolidation,OWN,< 1 year,50672,11.16,E,19.42,36,8700,8600.0,8200.0,Fully Paid,9649.61,2023-12-31
LN102922,CU22922,George Torres,2023-12-23,2023-12-25,West,Oyo,Business Expansion,MORTGAGE,9 years,64279,8.64,F,22.7,36,1000,900.0,900.0,Fully Paid,973.58,2023-12-31
LN102923,CU22923,Melissa Moore,2023-08-27,2023-08-31,Central,Plateau,Business Expansion,OWN,5 years,36961,25.27,D,16.62,36,13900,12800.0,12800.0,Fully Paid,15347.09,2023-12-31
LN102924,CU22924,Mark Jackson,2022-05-04,2022-05-22,West,Osun,Debt Consolidation,RENT,9 years,53488,26.05,C,14.79,60,26600,25100.0,24000.0,Fully Paid,30398.96,2023-12-31
LN102925,CU22925,Matthew Hill,2021-09-12,2021-09-15,Central,Plateau,Medical Expenses,OWN,5 years,62271,9.14,B,9.43,36,15100,13900.0,13200.0,Fully Paid,14851.8,2023-12-31
LN102926,CU22926,Thomas Ramirez,2021-11-01,2021-11-20,Central,Abuja FCT,Debt Consolidation,RENT,7 years,47754,14.99,B,9.34,36,13800,10900.0,10600.0,Fully Paid,13358.83,2023-12-31
LN102927,CU22927,Susan White,2022-03-12,2022-03-30,South,Rivers,Debt Consolidation,MORTGAGE,1 year,55632,34.98,E,18.98,60,7100,5900.0,5600.0,Current,2164.41,2023-12-06
LN102928,CU22928,Kimberly Rodriguez,2023-02-05,2023-02-11,Central,Plateau,Home Improvement,OWN,3 years,54520,31.94,A,6.99,60,1000,800.0,800.0,Fully Paid,881.2,2023-12-31
LN102929,CU22929,Joshua Moore,2022-06-04,2022-06-22,Central,Plateau,Car Purchase,RENT,8 years,30152,21.58,C,12.37,36,11400,11400.0,11000.0,Current,6205.21,2023-11-19
LN102930,CU22930,Donna Gonzalez,2021-09-08,2021-09-13,East,Imo,Business Expansion,RENT,3 years,40608,4.66,F,24.28,36,10900,10100.0,10100.0,Charged Off,2126.19,2023-01-07
LN102931,CU22931,Dorothy Robinson,2022-11-19,2022-12-04,Central,Plateau,Debt Consolidation,OWN,3 years,53133,30.96,F,24.27,60,8900,7600.0,7000.0,Fully Paid,9708.32,2023-12-31
LN102932,CU22932,Patricia Lee,2023-10-11,2023-10-26,East,Abia,Car Purchase,MORTGAGE,7 years,75704,25.1,D,17.34,36,17300,15900.0,15900.0,Fully Paid,17048.76,2023-12-31
LN102933,CU22933,Kevin Martin,2022-10-16,2022-10-19,South,Akwa Ibom,Personal,OWN,5 years,54478,12.3,F,22.99,36,19800,19800.0,19800.0,Fully Paid,23730.02,2023-12-31
LN102934,CU22934,Donna Martinez,2021-04-13,2021-04-26,West,Ogun,Home Improvement,MORTGAGE,4 years,30827,28.94,C,13.55,36,15500,13600.0,12900.0,Fully Paid,17766.94,2023-12-31
LN102935,CU22935,Dorothy Thompson,2022-06-10,2022-06-28,West,Ogun,Car Purchase,OWN,3 years,93837,20.49,A,7.73,60,14400,11700.0,11500.0,Fully Paid,15187.01,2023-12-31
LN102936,CU22936,James King,2022-10-27,2022-11-04,Central,Kogi,Car Purchase,OWN,6 years,67335,8.22,B,10.72,60,16800,15900.0,14000.0,Fully Paid,19457.83,2023-12-31
LN102937,CU22937,Sarah Moore,2021-05-19,2021-06-07,North,Kaduna,Car Purchase,OWN,4 years,61522,24.2,D,15.44,60,9600,9600.0,9400.0,Fully Paid,11872.03,2023-12-31
LN102938,CU22938,Sarah Nguyen,2021-01-03,2021-01-23,South,Rivers,Small Business Startup,OWN,8 years,107897,25.95,C,14.4,60,20300,18200.0,16700.0,Fully Paid,22508.59,2023-12-31
LN102939,CU22939,Susan Martinez,2023-01-28,2023-02-14,Central,Niger,Debt Consolidation,RENT,5 years,45145,29.82,B,9.63,60,9500,8400.0,8200.0,Fully Paid,9015.46,2023-12-31
LN102940,CU22940,Christopher Young,2022-09-06,2022-09-20,North,Kano,Home Improvement,RENT,5 years,128980,3.79,F,23.58,36,22700,18100.0,17200.0,Fully Paid,24071.3,2023-12-31
LN102941,CU22941,David Harris,2022-11-16,2022-11-17,South,Akwa Ibom,Business Expansion,RENT,4 years,32542,2.62,E,19.66,36,2600,2500.0,2500.0,Fully Paid,3346.13,2023-12-31
LN102942,CU22942,Joseph Perez,2021-12-14,2021-12-15,East,Abia,Education,OWN,10+ years,44953,7.82,C,12.75,60,21800,17200.0,17000.0,Fully Paid,22498.1,2023-12-31
LN102943,CU22943,Mark Thomas,2022-07-20,2022-07-29,East,Anambra,Debt Consolidation,RENT,6 years,38327,22.12,B,11.74,60,15700,14600.0,12500.0,Fully Paid,15547.19,2023-12-31
LN102944,CU22944,Patricia Clark,2023-12-13,2023-12-17,North,Kano,Personal,OWN,< 1 year,57858,19.86,A,7.32,60,17400,14800.0,14400.0,Fully Paid,17037.6,2023-12-31
LN102945,CU22945,Thomas Garcia,2021-12-16,2021-12-27,South,Rivers,Car Purchase,OWN,4 years,44070,11.81,C,13.9,60,16200,15400.0,14600.0,Fully Paid,17939.32,2023-12-31
LN102946,CU22946,Joshua Perez,2021-06-25,2021-07-02,West,Oyo,Home Improvement,MORTGAGE,5 years,52866,27.55,E,19.08,36,22100,20600.0,20600.0,Fully Paid,24316.76,2023-12-31
LN102947,CU22947,George Smith,2021-05-18,2021-06-05,South,Akwa Ibom,Personal,RENT,6 years,24687,31.78,D,17.09,60,28600,26000.0,26000.0,Charged Off,11008.36,2022-01-23
LN102948,CU22948,Kevin White,2021-05-02,2021-05-21,West,Ogun,Medical Expenses,MORTGAGE,5 years,38684,28.03,A,6.53,60,40000,39800.0,37900.0,Current,20827.5,2023-11-24
LN102949,CU22949,Linda Miller,2022-07-08,2022-07-09,East,Anambra,Home Improvement,MORTGAGE,1 year,79748,23.7,A,6.87,60,7100,6500.0,6500.0,Fully Paid,7246.98,2023-12-31
LN102950,CU22950,Lisa Sanchez,2021-09-05,,Central,Niger,Business Expansion,RENT,2 years,82576,34.28,E,19.65,36,17900,0.0,0.0,Rejected,0.0,
LN102951,CU22951,James Davis,2021-08-10,2021-08-12,South,Rivers,Debt Consolidation,RENT,4 years,27388,26.82,D,17.67,36,12100,11200.0,10800.0,Fully Paid,13460.46,2023-12-31
LN102952,CU22952,Brian Martin,2023-04-06,2023-04-24,West,Osun,Medical Expenses,RENT,9 years,42979,20.02,D,15.89,36,25700,25700.0,25700.0,Current,5870.98,2023-11-23
LN102953,CU22953,Linda Thomas,2022-11-01,2022-11-10,West,Osun,Education,MORTGAGE,1 year,34494,6.22,E,21.65,60,8000,8000.0,7800.0,Fully Paid,9784.11,2023-12-31
LN102954,CU22954,Christopher Gonzalez,2021-02-22,2021-02-27,South,Rivers,Debt Consolidation,OWN,1 year,16211,29.04,C,12.57,60,2900,2800.0,2700.0,Current,1672.18,2023-11-27
LN102955,CU22955,Deborah Hernandez,2022-01-10,2022-01-15,South,Akwa Ibom,Debt Consolidation,MORTGAGE,4 years,61484,5.17,B,11.8,36,12600,10000.0,9600.0,Current,7085.14,2023-12-15
LN102956,CU22956,Betty Lopez,2021-06-17,2021-06-18,West,Osun,Medical Expenses,MORTGAGE,3 years,56453,33.48,A,9.0,36,28900,22200.0,20600.0,Fully Paid,25395.48,2023-12-31
LN102957,CU22957,Edward Taylor,2023-05-19,2023-06-01,South,Delta,Debt Consolidation,RENT,< 1 year,46202,31.14,C,14.44,60,18400,14700.0,14700.0,Charged Off,7149.77,2023-12-31
LN102958,CU22958,Dorothy Nguyen,2023-05-24,2023-05-26,Central,Plateau,Car Purchase,MORTGAGE,6 years,42772,19.26,C,14.73,60,21000,21000.0,20900.0,Fully Paid,26465.04,2023-12-31
LN102959,CU22959,Ashley Young,2021-03-23,2021-03-25,South,Rivers,Car Purchase,RENT,10+ years,38220,26.08,B,10.01,60,17400,17400.0,17400.0,Charged Off,8983.27,2021-07-06
LN102960,CU22960,Lisa Jones,2021-10-24,2021-11-05,North,Katsina,Agriculture,RENT,7 years,27098,10.54,B,11.41,36,33700,33700.0,32300.0,Fully Paid,39755.15,2023-12-31
LN102961,CU22961,Robert Ramirez,2021-12-31,2022-01-19,Central,Niger,Education,RENT,6 years,43488,25.02,A,8.26,36,3100,2400.0,2300.0,Fully Paid,3023.51,2023-12-31
LN102962,CU22962,Emily Miller,2023-11-14,2023-11-20,Central,Niger,Small Business Startup,MORTGAGE,3 years,63518,24.84,B,11.72,36,19600,19600.0,17600.0,Fully Paid,23281.39,2023-12-31
LN102963,CU22963,Margaret King,2021-03-23,2021-04-04,North,Katsina,Car Purchase,RENT,2 years,46882,9.42,C,13.95,36,18900,17800.0,17400.0,Fully Paid,21128.29,2023-12-31
LN102964,CU22964,Joseph Garcia,2022-04-27,2022-04-30,Central,Kogi,Car Purchase,OWN,1 year,32937,20.81,B,11.18,36,21400,21400.0,20400.0,Fully Paid,24516.37,2023-12-31
LN102965,CU22965,Amanda Robinson,2021-01-15,2021-01-27,North,Sokoto,Home Improvement,RENT,10+ years,39056,3.18,B,9.01,60,6000,4900.0,4600.0,Charged Off,1858.55,2022-10-28
LN102966,CU22966,Andrew Jackson,2022-02-10,2022-02-24,Central,Plateau,Home Improvement,RENT,7 years,53870,12.51,C,13.13,60,28200,25700.0,25500.0,Current,9523.26,2023-11-27
LN102967,CU22967,James Lee,2021-05-30,2021-06-08,Central,Kogi,Education,MORTGAGE,4 years,53527,14.31,D,16.66,60,16400,14200.0,13300.0,Fully Paid,15603.88,2023-12-31
LN102968,CU22968,Donna Perez,2022-02-06,2022-02-18,East,Enugu,Home Improvement,OWN,< 1 year,41797,3.72,B,11.23,36,28600,24500.0,23800.0,Fully Paid,30001.49,2023-12-31
LN102969,CU22969,Kevin Thompson,2021-02-23,2021-02-27,North,Kaduna,Business Expansion,MORTGAGE,6 years,28812,32.85,D,16.49,60,11000,10700.0,9900.0,Fully Paid,14372.22,2023-12-31
LN102970,CU22970,Margaret Anderson,2021-01-21,2021-01-29,West,Oyo,Debt Consolidation,RENT,< 1 year,94666,23.21,B,9.76,60,10100,10100.0,10100.0,Fully Paid,13397.38,2023-12-31
LN102971,CU22971,Elizabeth Thomas,2023-05-10,2023-05-12,East,Anambra,Car Purchase,MORTGAGE,7 years,42721,14.29,C,14.53,60,5500,4900.0,4800.0,Fully Paid,5437.12,2023-12-31
LN102972,CU22972,Carol Lopez,2021-10-14,2021-10-26,South,Rivers,Small Business Startup,MORTGAGE,1 year,28681,3.43,B,10.32,36,6700,5700.0,5200.0,Fully Paid,6510.32,2023-12-31
LN102973,CU22973,Melissa Lee,2021-05-25,2021-06-02,South,Rivers,Car Purchase,OWN,7 years,22569,12.25,E,21.0,60,21800,20200.0,18900.0,Fully Paid,24228.15,2023-12-31
LN102974,CU22974,Susan Jones,2022-02-26,2022-03-04,North,Sokoto,Personal,OWN,1 year,119023,7.65,E,21.59,60,14100,13600.0,12600.0,Fully Paid,14499.66,2023-12-31
LN102975,CU22975,George Perez,2021-02-23,2021-03-12,Central,Kogi,Education,OWN,3 years,87969,6.75,A,8.44,36,26300,20400.0,19900.0,Fully Paid,22909.94,2023-12-31
LN102976,CU22976,Karen Scott,2021-03-18,2021-03-28,East,Enugu,Medical Expenses,OWN,2 years,30974,11.53,B,9.2,36,10000,8900.0,8800.0,Current,8467.73,2023-11-27
LN102977,CU22977,Jennifer Lewis,2023-11-27,2023-12-15,North,Kano,Wedding,RENT,6 years,62062,16.67,D,15.19,60,1000,900.0,900.0,Fully Paid,1158.99,2023-12-31
LN102978,CU22978,Barbara Jones,2021-01-23,2021-02-01,East,Abia,Agriculture,OWN,10+ years,41540,19.42,E,18.51,36,14300,13100.0,13100.0,Current,13026.28,2023-11-30
LN102979,CU22979,Thomas Wilson,2022-09-18,2022-09-21,South,Akwa Ibom,Medical Expenses,OWN,1 year,28872,27.43,B,9.13,60,9800,9800.0,9600.0,Fully Paid,12656.08,2023-12-31
LN102980,CU22980,Betty Smith,2022-08-22,2022-09-03,North,Kaduna,Education,OWN,3 years,37400,29.31,B,9.37,60,1000,900.0,900.0,Fully Paid,1146.2,2023-12-31
LN102981,CU22981,Karen Rodriguez,2021-10-28,2021-11-17,North,Katsina,Medical Expenses,MORTGAGE,10+ years,32079,28.78,A,6.38,36,30000,29400.0,29400.0,Fully Paid,34603.18,2023-12-31
LN102982,CU22982,Brian Robinson,2023-09-29,2023-10-17,South,Rivers,Education,RENT,1 year,57872,31.67,C,14.13,60,22400,21300.0,21300.0,Fully Paid,27625.07,2023-12-31
LN102983,CU22983,Margaret Walker,2021-05-11,2021-05-16,West,Oyo,Agriculture,OWN,8 years,52713,7.92,D,16.44,36,13000,10500.0,9600.0,Fully Paid,12935.39,2023-12-31
LN102984,CU22984,Paul Torres,2021-11-26,2021-11-28,South,Bayelsa,Debt Consolidation,OWN,4 years,28890,2.65,B,10.52,36,27500,25800.0,25400.0,Fully Paid,27994.88,2023-12-31
LN102985,CU22985,Christopher Perez,2023-11-11,2023-11-19,Central,Plateau,Business Expansion,OWN,10+ years,44349,24.31,D,17.21,60,14200,13700.0,12600.0,Fully Paid,16598.44,2023-12-31
LN102986,CU22986,Carol Johnson,2022-10-01,2022-10-13,West,Osun,Agriculture,MORTGAGE,10+ years,57744,28.65,C,12.12,36,9100,8200.0,7800.0,Fully Paid,10589.95,2023-12-31
LN102987,CU22987,Nancy Flores,2022-10-29,2022-10-31,South,Rivers,Business Expansion,OWN,10+ years,58397,2.8,F,23.57,36,20300,16900.0,16600.0,Fully Paid,19159.16,2023-12-31
LN102988,CU22988,Joshua Gonzalez,2023-07-07,2023-07-08,South,Delta,Small Business Startup,OWN,10+ years,42235,25.29,B,10.69,60,18600,18600.0,18600.0,Fully Paid,20801.7,2023-12-31
LN102989,CU22989,Anthony Robinson,2021-04-22,2021-05-04,North,Kano,Medical Expenses,MORTGAGE,7 years,80658,33.89,C,14.89,36,20700,19500.0,19500.0,Current,18786.53,2023-12-14
LN102990,CU22990,Barbara Brown,2022-12-15,2022-12-24,East,Imo,Debt Consolidation,MORTGAGE,5 years,107671,29.07,A,8.27,60,18700,16600.0,16100.0,Fully Paid,21211.42,2023-12-31
LN102991,CU22991,Mark King,2023-07-23,2023-07-28,Central,Plateau,Home Improvement,RENT,8 years,69599,5.59,B,11.62,36,14800,14000.0,12700.0,Fully Paid,18056.04,2023-12-31
LN102992,CU22992,John Williams,2021-01-19,2021-02-04,West,Ogun,Education,RENT,< 1 year,50221,23.0,B,11.31,60,7500,6800.0,6500.0,Fully Paid,7278.82,2023-12-31
LN102993,CU22993,Barbara Jackson,2023-06-28,2023-07-07,West,Lagos,Debt Consolidation,RENT,10+ years,77070,3.96,C,13.48,36,21700,18300.0,17500.0,Current,2880.11,2023-11-17
LN102994,CU22994,Karen Scott,2023-09-18,2023-09-23,West,Osun,Home Improvement,OWN,8 years,34283,31.15,C,13.26,60,28100,25000.0,23700.0,Fully Paid,27195.62,2023-12-31
LN102995,CU22995,Karen Young,2023-04-29,2023-05-03,North,Sokoto,Debt Consolidation,RENT,1 year,55378,28.18,B,9.34,36,15200,11700.0,11700.0,Fully Paid,13921.37,2023-12-31
LN102996,CU22996,Joseph Thomas,2023-08-07,2023-08-08,South,Akwa Ibom,Car Purchase,OWN,4 years,59593,24.08,C,13.98,36,10300,10000.0,9200.0,Fully Paid,10903.81,2023-12-31
LN102997,CU22997,Matthew Ramirez,2022-06-10,2022-06-12,Central,Plateau,Agriculture,MORTGAGE,10+ years,21577,32.7,B,9.18,36,5000,3900.0,3800.0,Fully Paid,5218.79,2023-12-31
LN102998,CU22998,Michael Robinson,2022-06-19,2022-06-20,West,Ogun,Agriculture,RENT,9 years,26541,28.76,B,9.48,60,8500,8100.0,7400.0,Fully Paid,9786.57,2023-12-31
LN102999,CU22999,Carol Gonzalez,2023-11-14,2023-11-17,North,Kaduna,Car Purchase,RENT,4 years,32336,18.4,B,9.74,36,22500,20500.0,20500.0,Fully Paid,27197.31,2023-12-31
LN103000,CU23000,Matthew White,2021-12-07,2021-12-09,North,Kaduna,Debt Consolidation,RENT,5 years,164602,11.86,D,16.78,60,2200,1800.0,1700.0,Charged Off,424.1,2023-12-31
LN103001,CU23001,Sarah Gonzalez,2023-02-20,2023-02-27,South,Akwa Ibom,Medical Expenses,MORTGAGE,7 years,26828,21.31,B,9.89,60,14000,11700.0,11400.0,Fully Paid,13391.36,2023-12-31
LN103002,CU23002,Dorothy Martinez,2021-05-30,2021-06-03,South,Rivers,Wedding,RENT,4 years,64940,32.42,D,15.33,36,19500,17600.0,17600.0,Fully Paid,23338.43,2023-12-31
LN103003,CU23003,Kenneth Rodriguez,2021-01-24,,North,Katsina,Home Improvement,RENT,1 year,26101,28.13,F,22.99,60,27000,0.0,0.0,Rejected,0.0,
LN103004,CU23004,Dorothy Nguyen,2021-03-09,2021-03-18,South,Rivers,Education,RENT,2 years,38327,29.25,C,12.53,60,25700,25100.0,22100.0,Current,15595.39,2023-12-03
LN103005,CU23005,Dorothy Thomas,2022-06-28,2022-07-02,East,Anambra,Debt Consolidation,MORTGAGE,2 years,41412,28.74,B,9.95,60,18800,16600.0,16600.0,Current,5285.79,2023-11-18
LN103006,CU23006,Christopher Flores,2022-07-08,2022-07-26,Central,Kogi,Car Purchase,MORTGAGE,2 years,27751,17.67,B,10.24,36,19700,16600.0,15600.0,Fully Paid,21548.61,2023-12-31
LN103007,CU23007,Susan Lewis,2023-04-03,2023-04-05,East,Anambra,Business Expansion,MORTGAGE,2 years,60520,31.1,D,17.16,60,16700,13000.0,12800.0,Fully Paid,14701.87,2023-12-31
LN103008,CU23008,Donna Martin,2022-01-28,2022-02-16,North,Kano,Home Improvement,OWN,3 years,53198,31.68,B,10.04,60,12600,10800.0,9900.0,Fully Paid,12466.91,2023-12-31
LN103009,CU23009,Brian Wilson,2023-11-07,2023-11-18,East,Anambra,Business Expansion,MORTGAGE,< 1 year,43158,25.02,F,23.34,60,14900,12100.0,11500.0,Charged Off,4217.3,2023-12-31
LN103010,CU23010,Jennifer Nguyen,2023-01-09,2023-01-15,West,Ogun,Small Business Startup,RENT,4 years,146569,25.5,A,8.74,60,27900,23700.0,22300.0,Fully Paid,29870.76,2023-12-31
LN103011,CU23011,Ashley Walker,2022-07-15,2022-07-17,East,Imo,Debt Consolidation,MORTGAGE,6 years,45710,10.15,D,15.79,36,2200,2100.0,2100.0,Fully Paid,2382.86,2023-12-31
LN103012,CU23012,Patricia Ramirez,2023-12-26,2023-12-31,North,Katsina,Agriculture,MORTGAGE,2 years,23392,25.45,A,7.17,60,8800,7000.0,6900.0,Fully Paid,8760.35,2023-12-31
LN103013,CU23013,Lisa Wilson,2022-04-12,2022-04-25,West,Osun,Agriculture,MORTGAGE,5 years,50109,21.44,A,8.71,60,7500,7400.0,7400.0,Charged Off,1112.5,2023-01-28
LN103014,CU23014,Mary Taylor,2021-11-18,2021-11-25,North,Katsina,Education,RENT,4 years,48889,12.76,A,8.43,60,20100,20000.0,18100.0,Fully Paid,21261.14,2023-12-31
LN103015,CU23015,Margaret Brown,2021-10-17,2021-11-05,Central,Niger,Debt Consolidation,MORTGAGE,4 years,60746,4.22,D,16.41,60,22300,19900.0,17600.0,Current,9855.0,2023-12-08
LN103016,CU23016,Kevin Miller,2022-02-17,2022-02-24,West,Oyo,Home Improvement,OWN,10+ years,57048,14.3,C,13.18,36,15900,15900.0,14900.0,Current,9802.25,2023-12-17
LN103017,CU23017,Melissa Nguyen,2023-11-08,2023-11-23,East,Anambra,Debt Consolidation,MORTGAGE,4 years,19767,9.67,C,14.84,36,4100,3400.0,3300.0,Fully Paid,3934.64,2023-12-31
LN103018,CU23018,Jessica Ramirez,2022-06-26,2022-07-06,North,Katsina,Business Expansion,MORTGAGE,6 years,64995,32.82,B,11.18,60,24100,24100.0,23100.0,Fully Paid,30716.34,2023-12-31
LN103019,CU23019,Amanda Flores,2023-11-05,2023-11-09,East,Abia,Car Purchase,OWN,2 years,26521,2.22,B,10.35,36,30600,28700.0,24800.0,Fully Paid,37660.84,2023-12-31
LN103020,CU23020,George Martinez,2023-12-20,2023-12-21,West,Lagos,Business Expansion,OWN,2 years,51929,34.9,C,14.55,60,5100,4100.0,4100.0,Current,223.44,2023-12-18
LN103021,CU23021,Betty Rodriguez,2021-07-29,2021-07-30,West,Osun,Debt Consolidation,RENT,6 years,47831,16.08,A,8.75,60,12000,10500.0,10000.0,Fully Paid,11896.83,2023-12-31
LN103022,CU23022,Sarah Harris,2021-07-23,2021-08-09,East,Imo,Personal,OWN,2 years,50654,16.85,B,10.66,36,22900,19000.0,18400.0,Current,15587.41,2023-12-30
LN103023,CU23023,Daniel Smith,2023-12-26,2024-01-05,South,Delta,Debt Consolidation,MORTGAGE,9 years,38468,18.48,D,15.49,60,11900,11800.0,11800.0,Fully Paid,13588.33,2023-12-31
LN103024,CU23024,David King,2023-05-11,2023-05-18,South,Bayelsa,Debt Consolidation,RENT,7 years,38788,33.52,C,14.38,36,8300,8100.0,7400.0,Fully Paid,9278.58,2023-12-31
LN103025,CU23025,Susan Anderson,2021-09-30,2021-10-20,West,Ogun,Agriculture,MORTGAGE,7 years,72684,31.8,B,10.56,36,13500,12000.0,12000.0,Fully Paid,15286.25,2023-12-31
LN103026,CU23026,Jennifer Thompson,2021-01-25,2021-01-31,North,Kaduna,Medical Expenses,OWN,6 years,40000,21.53,C,12.0,60,14600,11200.0,11000.0,Charged Off,2204.78,2022-07-29
LN103027,CU23027,Brian King,2022-12-05,2022-12-21,West,Osun,Education,OWN,7 years,81020,14.86,C,12.2,60,17000,15700.0,14700.0,Fully Paid,21051.78,2023-12-31
LN103028,CU23028,Barbara Smith,2021-05-15,2021-05-17,Central,Niger,Agriculture,MORTGAGE,7 years,70890,2.36,B,9.67,60,9400,8400.0,7800.0,Fully Paid,9348.17,2023-12-31
LN103029,CU23029,Sandra Lewis,2021-09-24,2021-09-27,South,Rivers,Debt Consolidation,MORTGAGE,7 years,51284,6.65,C,14.97,60,3100,2500.0,2400.0,Fully Paid,3012.9,2023-12-31
LN103030,CU23030,Deborah Hernandez,2021-02-24,2021-02-25,West,Oyo,Home Improvement,MORTGAGE,2 years,36828,21.95,B,10.24,36,29200,25700.0,23900.0,Fully Paid,30624.65,2023-12-31
LN103031,CU23031,Mary Scott,2021-11-17,2021-11-29,West,Lagos,Debt Consolidation,OWN,8 years,19911,27.94,C,13.75,60,11300,10000.0,10000.0,Current,4539.3,2023-11-20
LN103032,CU23032,Brian Lee,2021-03-19,2021-04-08,Central,Plateau,Debt Consolidation,OWN,3 years,42042,13.07,B,9.63,60,18900,15600.0,15200.0,Fully Paid,20562.38,2023-12-31
LN103033,CU23033,George Robinson,2023-08-01,2023-08-08,East,Enugu,Debt Consolidation,RENT,7 years,30513,9.09,G,29.16,36,13900,10800.0,10200.0,Current,1202.48,2023-11-26
LN103034,CU23034,Kimberly Wright,2021-01-07,2021-01-18,North,Katsina,Debt Consolidation,MORTGAGE,4 years,19921,4.32,B,11.82,60,13800,11900.0,11900.0,Charged Off,6870.72,2022-09-12
LN103035,CU23035,Linda Anderson,2023-06-28,2023-07-10,North,Kaduna,Business Expansion,MORTGAGE,10+ years,71417,11.45,B,10.64,60,18800,15600.0,15500.0,Fully Paid,20036.81,2023-12-31
LN103036,CU23036,Nancy Wright,2022-11-25,2022-12-05,East,Enugu,Debt Consolidation,MORTGAGE,1 year,29233,18.94,C,12.91,36,17500,14100.0,13500.0,Fully Paid,18648.94,2023-12-31
LN103037,CU23037,Jessica Sanchez,2023-03-17,2023-03-28,West,Oyo,Business Expansion,OWN,7 years,35552,29.15,C,12.53,60,17400,13700.0,13700.0,Charged Off,7612.21,2023-12-31
LN103038,CU23038,Deborah Rodriguez,2022-04-08,2022-04-10,North,Sokoto,Car Purchase,MORTGAGE,8 years,32491,9.95,C,12.81,60,9600,8500.0,7900.0,Fully Paid,10681.38,2023-12-31
LN103039,CU23039,Betty Martinez,2023-03-02,2023-03-22,North,Katsina,Car Purchase,RENT,10+ years,29184,29.48,E,18.77,60,9200,9100.0,9100.0,Fully Paid,11898.2,2023-12-31
LN103040,CU23040,Charles Miller,2023-07-09,2023-07-28,West,Osun,Business Expansion,RENT,< 1 year,105393,16.13,D,16.32,60,16600,16100.0,14500.0,Fully Paid,20932.99,2023-12-31
LN103041,CU23041,Brian White,2023-07-04,,Central,Kogi,Car Purchase,RENT,9 years,37179,34.6,G,26.3,36,13600,0.0,0.0,Rejected,0.0,
LN103042,CU23042,Patricia Sanchez,2021-11-06,2021-11-26,West,Osun,Debt Consolidation,RENT,4 years,52386,6.42,B,11.85,60,4100,3800.0,3500.0,Fully Paid,4650.13,2023-12-31
LN103043,CU23043,Michelle Lee,2023-08-27,2023-09-15,South,Bayelsa,Education,OWN,1 year,33943,2.7,D,17.9,60,2000,2000.0,2000.0,Current,112.65,2023-12-04
LN103044,CU23044,Melissa Moore,2022-06-14,2022-06-29,East,Anambra,Business Expansion,OWN,7 years,65938,31.87,B,10.64,60,16300,13100.0,12800.0,Charged Off,1567.27,2023-09-13
LN103045,CU23045,Matthew Thompson,2023-02-04,2023-02-23,North,Katsina,Agriculture,RENT,9 years,35133,7.22,B,9.54,60,10200,9800.0,9700.0,Current,1645.63,2023-12-17
LN103046,CU23046,Kevin Hernandez,2022-12-03,2022-12-19,West,Ogun,Home Improvement,RENT,1 year,52023,21.76,A,6.42,60,1000,900.0,800.0,Fully Paid,1212.03,2023-12-31
LN103047,CU23047,Jessica Smith,2023-07-27,2023-08-15,North,Sokoto,Home Improvement,MORTGAGE,8 years,36099,13.65,B,11.59,60,6000,5900.0,5500.0,Current,407.15,2023-11-16
LN103048,CU23048,Karen Lopez,2023-02-19,2023-03-02,East,Abia,Small Business Startup,OWN,< 1 year,19682,9.03,C,13.74,36,7000,5800.0,5400.0,Fully Paid,7501.48,2023-12-31
LN103049,CU23049,Anthony Hill,2021-03-05,2021-03-18,North,Kano,Home Improvement,OWN,4 years,41663,4.85,A,6.22,36,20400,17400.0,16800.0,Fully Paid,19256.83,2023-12-31
LN103050,CU23050,Steven Lee,2023-06-28,2023-07-14,West,Oyo,Education,MORTGAGE,7 years,32595,11.98,B,11.45,36,1000,1000.0,900.0,Fully Paid,1177.86,2023-12-31
LN103051,CU23051,Ashley Moore,2022-07-24,2022-07-26,West,Lagos,Agriculture,OWN,3 years,42198,11.81,A,8.62,36,1200,1000.0,1000.0,Fully Paid,1269.98,2023-12-31
LN103052,CU23052,George Young,2022-02-08,2022-02-16,East,Imo,Business Expansion,RENT,8 years,56137,17.44,B,10.31,60,25200,24900.0,22000.0,Fully Paid,31392.93,2023-12-31
LN103053,CU23053,Barbara Garcia,2023-10-01,2023-10-13,East,Abia,Business Expansion,RENT,< 1 year,38977,16.06,D,17.22,60,9400,9400.0,8000.0,Fully Paid,11102.7,2023-12-31
LN103054,CU23054,Kimberly Martinez,2022-09-22,2022-09-30,East,Abia,Medical Expenses,OWN,4 years,29141,29.77,E,18.68,60,24200,22000.0,21900.0,Fully Paid,24754.57,2023-12-31
LN103055,CU23055,George Hill,2021-12-21,2021-12-24,Central,Plateau,Agriculture,RENT,3 years,108466,14.44,F,24.84,36,14500,12000.0,11500.0,Fully Paid,13090.87,2023-12-31
LN103056,CU23056,Joseph Torres,2021-09-09,2021-09-24,Central,Niger,Agriculture,RENT,9 years,26275,3.0,A,8.36,36,2000,1600.0,1400.0,Fully Paid,1739.0,2023-12-31
LN103057,CU23057,William Smith,2023-11-14,2023-11-17,East,Imo,Debt Consolidation,RENT,5 years,45240,16.06,A,7.26,60,17000,14300.0,14300.0,Fully Paid,18565.53,2023-12-31
LN103058,CU23058,Linda Robinson,2021-01-15,2021-02-03,West,Osun,Wedding,RENT,5 years,79309,7.81,C,13.25,36,32000,27700.0,27100.0,Current,26704.71,2023-11-18
LN103059,CU23059,Melissa Martin,2023-04-01,,East,Abia,Debt Consolidation,RENT,10+ years,39702,27.33,G,29.78,60,8600,0.0,0.0,Rejected,0.0,
LN103060,CU23060,Lisa Walker,2023-04-01,2023-04-19,West,Osun,Business Expansion,RENT,7 years,41871,16.94,C,14.92,36,13200,11300.0,11100.0,Fully Paid,11893.55,2023-12-31
LN103061,CU23061,Melissa Perez,2022-09-29,2022-10-15,South,Bayelsa,Business Expansion,RENT,5 years,60256,7.06,D,17.78,36,3800,3200.0,3000.0,Fully Paid,3636.02,2023-12-31
LN103062,CU23062,Paul King,2023-10-24,2023-11-02,West,Ogun,Small Business Startup,RENT,2 years,56969,5.96,B,10.4,60,10900,7900.0,7600.0,Current,395.29,2023-12-27
LN103063,CU23063,Carol Scott,2023-04-29,2023-05-07,East,Enugu,Small Business Startup,MORTGAGE,2 years,38738,9.89,B,10.78,60,8800,8100.0,8100.0,Fully Paid,9554.26,2023-12-31
LN103064,CU23064,Sarah Williams,2023-09-08,2023-09-15,North,Katsina,Wedding,OWN,4 years,53544,8.78,D,16.24,60,15900,12100.0,11900.0,Fully Paid,13597.09,2023-12-31
LN103065,CU23065,Jennifer Taylor,2022-02-02,2022-02-10,South,Rivers,Car Purchase,OWN,8 years,49331,20.57,B,11.09,36,9400,9400.0,8000.0,Fully Paid,12399.08,2023-12-31
LN103066,CU23066,Linda Allen,2023-04-01,2023-04-12,East,Enugu,Home Improvement,RENT,4 years,43096,12.48,F,24.01,60,17100,16600.0,16600.0,Fully Paid,19022.52,2023-12-31
LN103067,CU23067,Brian Jackson,2023-03-16,2023-03-30,East,Anambra,Agriculture,OWN,5 years,42517,20.94,C,12.22,36,12700,9600.0,9600.0,Fully Paid,12776.84,2023-12-31
LN103068,CU23068,Sandra King,2021-05-30,2021-06-16,South,Akwa Ibom,Debt Consolidation,RENT,9 years,48199,25.81,A,8.64,36,19400,18400.0,17900.0,Fully Paid,24428.36,2023-12-31
LN103069,CU23069,Jessica Perez,2023-05-19,2023-05-26,East,Abia,Agriculture,MORTGAGE,6 years,32640,14.75,B,11.92,36,17200,17200.0,15600.0,Fully Paid,20859.86,2023-12-31
LN103070,CU23070,Andrew Thompson,2022-05-28,2022-06-08,Central,Plateau,Wedding,OWN,7 years,47646,29.08,B,10.96,36,2500,2100.0,2100.0,Fully Paid,2448.86,2023-12-31
LN103071,CU23071,Brian Davis,2023-06-05,2023-06-21,Central,Abuja FCT,Medical Expenses,OWN,4 years,26478,29.67,C,14.58,60,23200,23200.0,22400.0,Fully Paid,30964.89,2023-12-31
LN103072,CU23072,Richard Sanchez,2021-10-09,2021-10-25,Central,Kogi,Debt Consolidation,RENT,8 years,87360,25.09,A,8.58,36,17200,14600.0,14500.0,Fully Paid,17334.18,2023-12-31
LN103073,CU23073,Donald Torres,2021-07-05,2021-07-08,Central,Abuja FCT,Debt Consolidation,OWN,2 years,69864,20.94,B,10.96,60,8800,7700.0,7200.0,Fully Paid,8219.28,2023-12-31
LN103074,CU23074,Michelle Lee,2022-01-20,2022-01-25,South,Rivers,Small Business Startup,MORTGAGE,10+ years,71834,4.52,B,10.36,36,17300,17300.0,16500.0,Current,12479.34,2023-12-08
LN103075,CU23075,Kenneth Jones,2022-07-16,2022-07-25,Central,Abuja FCT,Education,RENT,6 years,42305,28.47,C,12.51,60,25500,21900.0,21900.0,Fully Paid,24196.47,2023-12-31
LN103076,CU23076,Michael Sanchez,2023-04-16,2023-04-28,East,Abia,Home Improvement,OWN,10+ years,56138,16.3,C,14.38,36,8200,7600.0,7300.0,Charged Off,1351.5,2023-12-07
LN103077,CU23077,George Rodriguez,2022-10-24,2022-10-25,West,Ogun,Car Purchase,OWN,10+ years,75178,29.68,B,10.62,60,17600,15200.0,15200.0,Fully Paid,18893.01,2023-12-31
LN103078,CU23078,Christopher Hill,2021-05-15,2021-05-20,Central,Kogi,Education,MORTGAGE,4 years,43778,4.59,D,17.68,36,24800,24800.0,24800.0,Fully Paid,29977.39,2023-12-31
LN103079,CU23079,Edward Thompson,2022-07-28,2022-08-05,North,Katsina,Small Business Startup,RENT,< 1 year,63906,6.03,D,17.28,36,10900,10300.0,10000.0,Fully Paid,12407.87,2023-12-31
LN103080,CU23080,Donna Torres,2021-02-20,2021-02-27,Central,Plateau,Home Improvement,OWN,4 years,93530,33.97,B,9.81,60,17900,15400.0,15400.0,Charged Off,8526.2,2021-04-22
LN103081,CU23081,Sandra Walker,2022-04-28,2022-05-03,North,Kano,Personal,MORTGAGE,5 years,38332,33.57,C,14.11,36,15200,12400.0,11100.0,Fully Paid,14838.94,2023-12-31
LN103082,CU23082,Dorothy Anderson,2022-12-28,2023-01-12,West,Osun,Medical Expenses,RENT,4 years,21973,7.09,D,16.32,36,26800,22000.0,21100.0,Current,7082.16,2023-12-17
LN103083,CU23083,Nancy Lee,2022-08-14,2022-08-28,East,Enugu,Home Improvement,RENT,1 year,42752,19.85,B,9.54,60,7600,6600.0,6200.0,Fully Paid,7602.38,2023-12-31
LN103084,CU23084,Jessica Nguyen,2022-06-30,2022-07-03,South,Delta,Debt Consolidation,OWN,7 years,68837,3.84,E,20.83,36,16700,15900.0,15100.0,Fully Paid,21148.93,2023-12-31
LN103085,CU23085,Susan Taylor,2021-04-14,2021-05-01,South,Delta,Wedding,RENT,2 years,38367,26.05,D,16.42,60,19900,16400.0,16200.0,Current,9124.55,2023-12-03
LN103086,CU23086,Donald Gonzalez,2021-09-27,2021-10-12,South,Rivers,Personal,MORTGAGE,9 years,36083,5.1,A,8.59,36,13500,13400.0,12600.0,Fully Paid,16838.4,2023-12-31
LN103087,CU23087,Elizabeth Lewis,2023-01-13,2023-01-23,East,Anambra,Business Expansion,RENT,7 years,33064,13.66,C,14.0,36,26000,25400.0,23900.0,Fully Paid,27312.18,2023-12-31
LN103088,CU23088,Jennifer Clark,2021-03-10,2021-03-30,South,Delta,Home Improvement,MORTGAGE,6 years,28900,29.33,D,17.57,60,17200,16000.0,13700.0,Charged Off,1630.84,2022-11-15
LN103089,CU23089,Thomas Gonzalez,2022-03-18,2022-03-24,West,Oyo,Medical Expenses,RENT,4 years,26759,7.38,E,19.16,36,27900,23400.0,21100.0,Fully Paid,28525.26,2023-12-31
LN103090,CU23090,Anthony Nguyen,2021-10-29,2021-11-03,North,Sokoto,Medical Expenses,OWN,< 1 year,40207,18.3,B,10.89,60,1000,900.0,900.0,Current,442.02,2023-12-03
LN103091,CU23091,Betty Allen,2021-11-18,2021-12-06,South,Akwa Ibom,Small Business Startup,RENT,8 years,31054,11.22,D,15.14,60,10800,8300.0,7900.0,Fully Paid,9916.19,2023-12-31
LN103092,CU23092,Joshua Wilson,2022-03-23,2022-03-25,South,Akwa Ibom,Debt Consolidation,OWN,< 1 year,38811,29.64,B,9.13,36,4300,4000.0,3900.0,Fully Paid,4454.05,2023-12-31
LN103093,CU23093,Nancy Allen,2023-07-03,2023-07-07,West,Osun,Car Purchase,RENT,4 years,49658,14.34,E,19.61,60,34100,27300.0,26800.0,Fully Paid,33191.94,2023-12-31
LN103094,CU23094,Sandra Johnson,2022-07-16,2022-07-26,South,Akwa Ibom,Small Business Startup,RENT,10+ years,73993,24.94,B,9.65,36,25700,21200.0,21200.0,Fully Paid,24509.58,2023-12-31
LN103095,CU23095,Edward Clark,2021-05-14,2021-05-25,Central,Kogi,Debt Consolidation,RENT,4 years,48080,16.03,G,28.99,36,10100,8800.0,8700.0,Charged Off,2255.48,2022-01-18
LN103096,CU23096,Christopher Jones,2021-08-10,2021-08-22,Central,Kogi,Business Expansion,MORTGAGE,7 years,54629,31.45,C,13.19,60,9200,8800.0,8800.0,Fully Paid,10735.08,2023-12-31
LN103097,CU23097,Donna Clark,2021-01-26,2021-02-03,East,Abia,Home Improvement,OWN,10+ years,38969,14.62,C,14.76,36,1000,900.0,800.0,Fully Paid,1029.99,2023-12-31
LN103098,CU23098,Andrew Sanchez,2021-10-14,2021-10-19,East,Imo,Car Purchase,OWN,< 1 year,78378,32.49,C,13.69,36,13500,11700.0,11700.0,Fully Paid,14855.56,2023-12-31
LN103099,CU23099,Daniel Walker,2022-02-10,2022-02-23,Central,Kogi,Debt Consolidation,RENT,10+ years,41242,11.62,C,12.39,60,16000,16000.0,14600.0,Fully Paid,18110.48,2023-12-31
LN103100,CU23100,Elizabeth Ramirez,2021-04-28,2021-05-16,East,Anambra,Agriculture,OWN,9 years,62475,17.56,D,17.54,36,13400,13100.0,11900.0,Charged Off,6484.99,2021-11-20
LN103101,CU23101,Barbara Nguyen,2021-09-07,2021-09-12,Central,Niger,Medical Expenses,OWN,9 years,30103,11.61,B,11.34,60,1700,1700.0,1500.0,Fully Paid,2284.26,2023-12-31
LN103102,CU23102,Joshua Martinez,2021-03-09,2021-03-28,South,Akwa Ibom,Business Expansion,OWN,10+ years,28500,4.83,B,11.0,60,7800,7800.0,7700.0,Fully Paid,8501.42,2023-12-31
LN103103,CU23103,Mary Robinson,2022-02-10,2022-02-28,West,Oyo,Business Expansion,MORTGAGE,< 1 year,55840,21.75,F,25.68,60,22500,19500.0,19100.0,Fully Paid,24331.5,2023-12-31
LN103104,CU23104,Charles Young,2021-02-19,2021-03-01,West,Osun,Car Purchase,OWN,7 years,152889,19.29,B,10.52,60,27400,24700.0,24500.0,Fully Paid,33200.82,2023-12-31
LN103105,CU23105,Joshua Martin,2023-06-03,2023-06-10,Central,Niger,Agriculture,MORTGAGE,< 1 year,100153,23.13,A,8.04,60,11900,10200.0,9000.0,Fully Paid,12257.01,2023-12-31
LN103106,CU23106,Carol Thompson,2022-11-18,2022-11-24,North,Sokoto,Medical Expenses,MORTGAGE,2 years,58066,24.9,B,10.0,60,15100,11900.0,11100.0,Fully Paid,15325.14,2023-12-31
LN103107,CU23107,Matthew Torres,2021-10-20,2021-11-05,South,Delta,Education,RENT,7 years,45296,14.94,C,14.2,36,29500,26400.0,25100.0,Fully Paid,35208.2,2023-12-31
LN103108,CU23108,Anthony Wright,2023-08-28,2023-09-04,Central,Niger,Business Expansion,OWN,10+ years,78786,11.05,B,9.81,36,16300,16300.0,14900.0,Fully Paid,20439.89,2023-12-31
LN103109,CU23109,Kenneth Taylor,2023-03-26,2023-04-15,West,Osun,Education,OWN,< 1 year,70477,18.47,D,16.06,60,21000,19000.0,19000.0,Fully Paid,22152.11,2023-12-31
LN103110,CU23110,Patricia Harris,2021-12-12,2022-01-01,Central,Plateau,Debt Consolidation,MORTGAGE,8 years,27275,20.44,D,16.16,60,1000,800.0,800.0,Fully Paid,905.24,2023-12-31
LN103111,CU23111,Joshua Taylor,2023-01-08,2023-01-22,North,Kano,Debt Consolidation,OWN,8 years,66854,17.84,B,11.87,60,28100,28100.0,26400.0,Fully Paid,31440.09,2023-12-31
LN103112,CU23112,Sarah Brown,2022-04-27,2022-05-01,Central,Niger,Small Business Startup,OWN,8 years,43002,25.03,C,12.74,36,27800,24200.0,23600.0,Fully Paid,30791.12,2023-12-31
LN103113,CU23113,Donald Clark,2021-10-04,2021-10-24,Central,Abuja FCT,Small Business Startup,MORTGAGE,3 years,75841,25.11,B,10.48,60,23400,22800.0,22800.0,Fully Paid,25634.28,2023-12-31
LN103114,CU23114,Emily Smith,2021-11-24,2021-12-11,North,Kano,Personal,OWN,1 year,78438,33.56,B,10.16,36,18500,18500.0,18400.0,Fully Paid,20426.11,2023-12-31
LN103115,CU23115,Kenneth Martinez,2023-01-16,2023-01-24,South,Rivers,Debt Consolidation,OWN,3 years,52460,21.9,A,6.22,36,9400,9300.0,8900.0,Fully Paid,10866.99,2023-12-31
LN103116,CU23116,Carol Wilson,2021-01-10,2021-01-26,North,Sokoto,Home Improvement,MORTGAGE,8 years,47834,33.74,C,12.53,36,23200,22700.0,21400.0,Charged Off,5044.01,2022-09-10
LN103117,CU23117,Joshua Ramirez,2021-03-13,2021-03-21,West,Ogun,Debt Consolidation,OWN,2 years,30450,19.39,F,24.49,36,10600,10600.0,9600.0,Charged Off,5158.4,2022-08-30
LN103118,CU23118,Kenneth Lee,2021-01-16,,West,Lagos,Debt Consolidation,MORTGAGE,< 1 year,93131,29.04,G,28.76,36,14300,0.0,0.0,Rejected,0.0,
LN103119,CU23119,Sandra Harris,2021-12-23,2021-12-30,East,Anambra,Medical Expenses,RENT,4 years,78802,8.87,A,7.59,60,34600,30300.0,27700.0,Fully Paid,36453.75,2023-12-31
LN103120,CU23120,Donald Davis,2022-10-03,2022-10-07,East,Enugu,Car Purchase,RENT,7 years,34448,11.12,D,15.91,36,18100,15400.0,13500.0,Fully Paid,19063.77,2023-12-31
LN103121,CU23121,Amanda Scott,2021-10-01,2021-10-03,West,Lagos,Car Purchase,RENT,2 years,126750,19.8,B,10.6,36,11600,11600.0,11000.0,Fully Paid,12365.24,2023-12-31
LN103122,CU23122,Jessica King,2022-08-03,2022-08-10,North,Kano,Education,MORTGAGE,9 years,27216,23.58,D,16.92,36,18200,16500.0,15800.0,Current,7751.82,2023-11-18
LN103123,CU23123,James Johnson,2021-12-31,2022-01-12,East,Anambra,Business Expansion,RENT,1 year,40640,7.86,B,10.64,36,15900,13200.0,13000.0,Fully Paid,15645.44,2023-12-31
LN103124,CU23124,Lisa Martinez,2021-06-30,2021-07-19,North,Kano,Debt Consolidation,OWN,1 year,56528,2.99,C,12.3,60,22800,18800.0,18100.0,Fully Paid,21376.35,2023-12-31
LN103125,CU23125,Melissa Wilson,2023-10-09,2023-10-22,South,Bayelsa,Business Expansion,MORTGAGE,< 1 year,43205,13.54,A,6.3,36,1000,1000.0,1000.0,Fully Paid,1083.25,2023-12-31
LN103126,CU23126,Margaret Robinson,2021-10-05,2021-10-16,Central,Plateau,Car Purchase,MORTGAGE,< 1 year,64640,2.07,C,12.54,36,2400,2200.0,2000.0,Current,1683.5,2023-12-15
LN103127,CU23127,Edward Hernandez,2022-04-24,,West,Osun,Car Purchase,OWN,2 years,68382,30.09,G,26.68,60,1000,0.0,0.0,Rejected,0.0,
LN103128,CU23128,Jennifer Walker,2021-02-17,2021-02-20,East,Anambra,Home Improvement,RENT,10+ years,40760,7.26,E,18.05,36,11700,11400.0,11000.0,Fully Paid,12931.06,2023-12-31
LN103129,CU23129,Patricia Perez,2022-10-23,2022-10-29,North,Katsina,Debt Consolidation,RENT,< 1 year,49332,8.13,A,7.58,60,20200,18500.0,18100.0,Fully Paid,21716.38,2023-12-31
LN103130,CU23130,Mark Brown,2023-10-30,2023-11-01,South,Bayelsa,Education,RENT,6 years,53569,18.83,E,19.81,60,26300,22600.0,21800.0,Fully Paid,27520.92,2023-12-31
LN103131,CU23131,Joseph Johnson,2022-07-13,2022-07-30,West,Osun,Business Expansion,MORTGAGE,4 years,41094,11.67,C,14.49,60,12300,11000.0,11000.0,Fully Paid,12631.32,2023-12-31
LN103132,CU23132,James Garcia,2023-06-24,2023-07-02,West,Ogun,Debt Consolidation,OWN,7 years,60936,33.19,B,10.92,60,19800,16800.0,15700.0,Fully Paid,18333.23,2023-12-31
LN103133,CU23133,Andrew Johnson,2021-09-25,2021-09-28,North,Kano,Debt Consolidation,OWN,5 years,59648,29.27,A,6.32,36,22500,18400.0,18400.0,Fully Paid,20731.02,2023-12-31
LN103134,CU23134,Richard Harris,2021-05-30,2021-06-05,Central,Abuja FCT,Car Purchase,MORTGAGE,9 years,56911,17.64,E,18.16,36,32600,29400.0,29400.0,Fully Paid,34408.85,2023-12-31
LN103135,CU23135,Robert Walker,2021-06-09,2021-06-18,East,Abia,Business Expansion,MORTGAGE,1 year,48960,11.61,C,13.38,60,11800,10800.0,10600.0,Fully Paid,14382.88,2023-12-31
LN103136,CU23136,Mark Torres,2022-02-04,2022-02-06,West,Osun,Medical Expenses,MORTGAGE,10+ years,63864,14.11,B,9.27,60,15200,15200.0,13800.0,Fully Paid,18970.71,2023-12-31
LN103137,CU23137,Karen Martin,2022-05-20,2022-05-24,Central,Abuja FCT,Business Expansion,MORTGAGE,10+ years,91011,8.97,C,13.56,36,17000,15300.0,15000.0,Current,8987.15,2023-12-14
LN103138,CU23138,Nancy Clark,2023-08-10,2023-08-15,West,Osun,Debt Consolidation,RENT,6 years,35569,31.6,A,8.71,60,6100,6100.0,5800.0,Fully Paid,7135.36,2023-12-31
LN103139,CU23139,Michael Walker,2021-07-13,2021-07-29,North,Kano,Medical Expenses,RENT,6 years,28237,17.34,A,6.92,36,28800,28800.0,27000.0,Fully Paid,34272.3,2023-12-31
LN103140,CU23140,John Rodriguez,2021-01-09,2021-01-24,South,Delta,Car Purchase,RENT,5 years,31883,28.41,D,17.87,60,10900,10100.0,9300.0,Fully Paid,11096.35,2023-12-31
LN103141,CU23141,Kevin Rodriguez,2021-11-01,2021-11-19,East,Anambra,Home Improvement,OWN,9 years,62722,31.4,D,17.75,36,14400,13000.0,12100.0,Fully Paid,15849.71,2023-12-31
LN103142,CU23142,Jessica White,2021-12-24,2021-12-31,Central,Plateau,Home Improvement,RENT,2 years,58650,17.67,A,7.86,36,1000,1000.0,1000.0,Fully Paid,1151.84,2023-12-31
LN103143,CU23143,Carol Johnson,2021-03-03,2021-03-17,South,Akwa Ibom,Debt Consolidation,MORTGAGE,3 years,47895,21.39,D,16.73,60,11600,11200.0,10900.0,Current,6720.34,2023-11-28
LN103144,CU23144,Karen Harris,2022-06-30,2022-07-11,East,Imo,Business Expansion,OWN,10+ years,28154,8.5,C,13.36,36,5400,5200.0,5200.0,Fully Paid,6072.92,2023-12-31
LN103145,CU23145,Daniel Rodriguez,2023-05-03,2023-05-19,South,Rivers,Debt Consolidation,MORTGAGE,7 years,24499,3.51,E,19.62,36,22800,22800.0,21100.0,Fully Paid,30597.44,2023-12-31
LN103146,CU23146,Joseph Thomas,2023-03-11,2023-03-25,East,Enugu,Car Purchase,MORTGAGE,2 years,67926,5.33,E,18.23,36,9900,9900.0,9600.0,Fully Paid,11125.15,2023-12-31
LN103147,CU23147,Patricia Davis,2021-07-08,2021-07-19,East,Anambra,Education,RENT,6 years,49741,6.12,B,11.07,60,13100,12900.0,12900.0,Current,7052.1,2023-12-18
LN103148,CU23148,Betty Hernandez,2022-01-08,2022-01-18,Central,Plateau,Medical Expenses,OWN,3 years,90383,10.81,B,10.09,36,18300,16100.0,16100.0,Fully Paid,18662.18,2023-12-31
LN103149,CU23149,Amanda Davis,2022-07-09,2022-07-24,East,Anambra,Medical Expenses,RENT,2 years,52936,28.86,C,12.25,36,10100,10100.0,9600.0,Fully Paid,13299.91,2023-12-31
LN103150,CU23150,Charles Torres,2022-08-15,2022-08-21,East,Abia,Home Improvement,OWN,1 year,32456,18.26,B,10.9,60,21200,20600.0,18700.0,Fully Paid,26377.94,2023-12-31
LN103151,CU23151,Jessica Allen,2021-06-02,2021-06-11,North,Sokoto,Agriculture,OWN,9 years,131816,20.63,B,9.33,60,15900,12900.0,12500.0,Fully Paid,16028.31,2023-12-31
LN103152,CU23152,Thomas Harris,2023-10-24,2023-11-04,East,Anambra,Education,RENT,2 years,43164,18.75,A,6.76,36,24800,19600.0,19600.0,Fully Paid,25915.6,2023-12-31
LN103153,CU23153,Kimberly Young,2023-01-08,2023-01-12,East,Enugu,Home Improvement,OWN,< 1 year,50266,23.83,C,12.18,60,23300,18500.0,18500.0,Fully Paid,24872.73,2023-12-31
LN103154,CU23154,Robert King,2023-09-11,2023-09-13,South,Akwa Ibom,Business Expansion,MORTGAGE,2 years,30678,14.19,A,8.75,36,18600,18100.0,17300.0,Fully Paid,21532.87,2023-12-31
LN103155,CU23155,Emily Hernandez,2022-02-07,2022-02-12,East,Imo,Debt Consolidation,OWN,< 1 year,54969,21.83,A,8.17,36,9800,9800.0,9100.0,Fully Paid,13170.3,2023-12-31
LN103156,CU23156,Jessica Walker,2021-12-11,2021-12-20,Central,Plateau,Medical Expenses,RENT,3 years,65944,33.14,C,14.23,36,25100,24200.0,21400.0,Fully Paid,25506.17,2023-12-31
LN103157,CU23157,Melissa Nguyen,2021-02-24,2021-03-11,West,Lagos,Debt Consolidation,RENT,9 years,47096,5.21,G,28.51,36,10500,9900.0,9900.0,Fully Paid,12198.19,2023-12-30
LN103158,CU23158,Elizabeth Jones,2021-03-17,2021-03-26,Central,Plateau,Debt Consolidation,RENT,5 years,26414,11.67,B,9.03,36,20200,20200.0,20200.0,Fully Paid,23330.98,2023-12-31
LN103159,CU23159,Michael Miller,2021-01-05,2021-01-06,South,Akwa Ibom,Small Business Startup,OWN,3 years,43446,13.07,F,22.33,36,39000,39000.0,35700.0,Fully Paid,49860.02,2023-12-11
LN103160,CU23160,Donald Hernandez,2023-11-14,2023-11-16,Central,Plateau,Wedding,OWN,10+ years,29258,17.04,A,6.4,36,9000,8600.0,7200.0,Fully Paid,11322.5,2023-12-31
LN103161,CU23161,Melissa Flores,2021-10-16,2021-10-29,Central,Kogi,Debt Consolidation,RENT,< 1 year,92139,11.42,C,14.55,60,38500,35400.0,33300.0,Fully Paid,45819.08,2023-12-31
LN103162,CU23162,Mark Allen,2021-03-08,2021-03-17,East,Anambra,Car Purchase,OWN,10+ years,44691,20.88,C,12.2,36,21900,21300.0,20900.0,Fully Paid,23236.69,2023-12-31
LN103163,CU23163,James Walker,2021-12-14,2021-12-26,South,Bayelsa,Home Improvement,OWN,8 years,79047,3.67,C,14.75,36,15900,14200.0,13900.0,Fully Paid,15632.74,2023-12-31
LN103164,CU23164,Christopher Hill,2023-07-25,2023-08-01,Central,Kogi,Debt Consolidation,RENT,10+ years,62969,12.51,C,13.41,60,6600,6600.0,6100.0,Fully Paid,8707.39,2023-12-31
LN103165,CU23165,Edward Hill,2022-04-16,2022-05-05,Central,Niger,Wedding,OWN,5 years,112926,11.17,B,9.94,60,2700,2200.0,2000.0,Fully Paid,2851.72,2023-12-31
LN103166,CU23166,Paul Wilson,2023-06-09,2023-06-11,West,Osun,Agriculture,OWN,7 years,57428,13.97,D,15.94,36,9300,7600.0,7300.0,Fully Paid,8477.99,2023-12-31
LN103167,CU23167,George Wright,2021-01-10,2021-01-21,North,Sokoto,Debt Consolidation,RENT,3 years,58292,24.24,B,10.71,36,6900,5200.0,5100.0,Fully Paid,6136.5,2023-12-31
LN103168,CU23168,William King,2023-02-24,2023-03-03,East,Abia,Car Purchase,RENT,< 1 year,57893,25.77,B,11.56,60,8800,8800.0,8800.0,Fully Paid,11025.99,2023-12-31
LN103169,CU23169,Betty Johnson,2021-06-17,2021-06-22,West,Oyo,Debt Consolidation,OWN,1 year,60384,21.95,A,6.17,60,17900,16100.0,16100.0,Fully Paid,20108.67,2023-12-31
LN103170,CU23170,Karen Jackson,2021-09-25,2021-10-12,North,Kaduna,Home Improvement,RENT,5 years,101070,15.82,A,7.75,36,7400,6000.0,5800.0,Fully Paid,7715.12,2023-12-31
LN103171,CU23171,Joseph Lee,2022-05-08,2022-05-24,West,Oyo,Wedding,RENT,2 years,104212,18.01,A,8.4,36,14000,10400.0,10400.0,Fully Paid,13303.01,2023-12-31
LN103172,CU23172,Donna Perez,2023-05-05,2023-05-20,North,Katsina,Debt Consolidation,MORTGAGE,5 years,62573,33.48,E,21.09,60,27200,21000.0,20500.0,Fully Paid,25110.8,2023-12-31
LN103173,CU23173,Thomas Scott,2022-11-08,2022-11-26,East,Anambra,Agriculture,OWN,2 years,111172,30.25,C,12.51,60,22300,21700.0,21500.0,Fully Paid,25514.7,2023-12-31
LN103174,CU23174,Donna Brown,2022-10-27,2022-11-16,North,Katsina,Education,OWN,2 years,48433,28.84,F,25.41,36,5400,5400.0,4900.0,Current,2150.55,2023-12-04
LN103175,CU23175,Christopher Hernandez,2023-10-14,2023-10-19,South,Bayelsa,Business Expansion,RENT,10+ years,34533,25.19,D,17.62,36,23600,21600.0,21600.0,Charged Off,4579.96,2023-12-31
LN103176,CU23176,Nancy Moore,2021-01-02,2021-01-13,North,Katsina,Business Expansion,OWN,8 years,44850,13.61,B,9.79,36,16800,15900.0,15200.0,Fully Paid,17086.85,2023-12-21
LN103177,CU23177,Charles Martinez,2023-08-21,2023-08-24,West,Oyo,Home Improvement,RENT,3 years,87919,27.37,C,14.51,60,13500,13000.0,12800.0,Fully Paid,14436.69,2023-12-31
LN103178,CU23178,Joshua Walker,2022-11-15,2022-11-25,West,Ogun,Home Improvement,OWN,9 years,36314,33.58,D,15.85,36,3600,3600.0,3600.0,Charged Off,1141.9,2023-06-14
LN103179,CU23179,Mary Moore,2021-10-16,2021-10-25,North,Sokoto,Business Expansion,OWN,6 years,51333,4.15,D,17.37,36,19200,17700.0,17700.0,Fully Paid,18989.78,2023-12-31
LN103180,CU23180,Joshua Young,2022-01-22,2022-02-03,Central,Plateau,Debt Consolidation,RENT,2 years,22795,30.86,A,7.56,60,6500,6200.0,6000.0,Fully Paid,8171.17,2023-12-31
LN103181,CU23181,Kevin Wilson,2022-08-11,,Central,Abuja FCT,Debt Consolidation,OWN,9 years,74737,34.73,E,18.26,36,11600,0.0,0.0,Rejected,0.0,
LN103182,CU23182,Matthew Brown,2022-04-19,2022-04-29,South,Delta,Debt Consolidation,OWN,8 years,41756,6.78,D,17.45,60,8500,7400.0,7100.0,Charged Off,3145.39,2023-10-22
LN103183,CU23183,Anthony Ramirez,2021-02-02,2021-02-10,North,Kano,Agriculture,MORTGAGE,9 years,108835,23.18,E,21.67,36,4000,4000.0,4000.0,Fully Paid,4863.99,2023-12-31
LN103184,CU23184,George Hernandez,2022-05-08,2022-05-24,North,Kaduna,Car Purchase,RENT,7 years,53187,12.9,B,11.17,60,17900,17300.0,14900.0,Fully Paid,22229.41,2023-12-31
LN103185,CU23185,Jessica Clark,2023-02-13,2023-03-05,East,Abia,Business Expansion,RENT,5 years,51894,21.0,E,19.39,60,9000,6900.0,6500.0,Fully Paid,7675.62,2023-12-31
LN103186,CU23186,Steven Davis,2022-05-28,2022-06-01,Central,Kogi,Agriculture,OWN,5 years,72812,23.47,E,21.09,36,19400,18700.0,18200.0,Fully Paid,20418.77,2023-12-31
LN103187,CU23187,Susan Torres,2022-02-25,2022-03-04,East,Imo,Home Improvement,OWN,< 1 year,70581,8.11,A,7.61,36,3000,3000.0,2800.0,Fully Paid,3319.73,2023-12-31
LN103188,CU23188,Jennifer Wilson,2022-09-30,2022-10-15,East,Enugu,Home Improvement,MORTGAGE,8 years,65052,10.51,A,6.94,36,20400,20400.0,18500.0,Charged Off,5880.46,2022-12-01
LN103189,CU23189,Margaret Rodriguez,2023-03-01,2023-03-05,West,Lagos,Business Expansion,RENT,4 years,34949,31.16,A,8.15,60,15000,15000.0,13900.0,Fully Paid,17086.29,2023-12-31
LN103190,CU23190,Steven Walker,2021-08-08,2021-08-17,West,Ogun,Car Purchase,RENT,4 years,56058,29.12,E,20.25,36,7100,6800.0,6600.0,Fully Paid,8064.46,2023-12-31
LN103191,CU23191,Donna Robinson,2021-12-23,2022-01-08,South,Rivers,Small Business Startup,MORTGAGE,4 years,68136,10.84,B,9.16,60,10800,9400.0,9400.0,Fully Paid,10842.55,2023-12-31
LN103192,CU23192,John Hernandez,2023-11-05,2023-11-11,South,Akwa Ibom,Education,MORTGAGE,3 years,49581,10.31,A,7.36,36,31000,26600.0,26000.0,Fully Paid,29372.28,2023-12-31
LN103193,CU23193,Kimberly Scott,2022-09-07,2022-09-18,Central,Abuja FCT,Car Purchase,MORTGAGE,5 years,110924,32.16,F,25.81,60,15700,15700.0,14500.0,Fully Paid,16801.6,2023-12-31
LN103194,CU23194,Brian Nguyen,2023-03-18,2023-03-27,East,Imo,Medical Expenses,MORTGAGE,4 years,73081,11.77,E,21.99,60,17000,17000.0,15500.0,Fully Paid,18586.34,2023-12-31
LN103195,CU23195,Donna Smith,2021-05-29,2021-06-15,North,Sokoto,Business Expansion,RENT,2 years,74675,18.82,E,19.21,36,14700,12700.0,12400.0,Fully Paid,15386.09,2023-12-31
LN103196,CU23196,Thomas Young,2023-10-26,2023-10-28,North,Kaduna,Medical Expenses,MORTGAGE,7 years,45967,30.58,F,25.05,60,18600,16900.0,16300.0,Charged Off,7477.03,2023-12-31
LN103197,CU23197,Mark Williams,2023-05-18,2023-05-20,Central,Niger,Education,RENT,2 years,54392,27.92,A,8.28,60,17200,15800.0,14300.0,Fully Paid,20891.96,2023-12-31
LN103198,CU23198,Mary Brown,2023-08-04,2023-08-12,East,Enugu,Debt Consolidation,RENT,< 1 year,27503,23.34,D,17.49,60,14400,13200.0,13200.0,Fully Paid,17228.44,2023-12-31
LN103199,CU23199,Carol Thomas,2021-07-20,2021-08-08,North,Katsina,Car Purchase,OWN,10+ years,75599,30.17,E,19.19,60,27300,26900.0,26700.0,Fully Paid,34716.26,2023-12-31
LN103200,CU23200,Jennifer Harris,2023-09-13,2023-09-19,East,Imo,Debt Consolidation,RENT,2 years,40290,2.75,F,23.95,60,16300,14300.0,14300.0,Fully Paid,18067.9,2023-12-31
LN103201,CU23201,Richard Rodriguez,2023-10-01,2023-10-13,Central,Plateau,Personal,MORTGAGE,8 years,47514,24.27,B,10.02,36,20600,19600.0,19600.0,Fully Paid,23066.68,2023-12-31
LN103202,CU23202,Betty King,2022-12-13,2022-12-25,Central,Abuja FCT,Car Purchase,RENT,7 years,115880,8.14,D,15.33,60,14700,14100.0,13800.0,Fully Paid,17670.16,2023-12-31
LN103203,CU23203,Anthony Clark,2021-03-30,2021-04-12,Central,Kogi,Home Improvement,MORTGAGE,3 years,24895,22.31,D,16.26,36,16300,15000.0,15000.0,Fully Paid,18626.52,2023-12-31
LN103204,CU23204,Andrew White,2023-04-27,2023-05-11,East,Enugu,Agriculture,OWN,1 year,24730,17.27,D,15.66,60,12800,11600.0,11600.0,Fully Paid,12832.03,2023-12-31
LN103205,CU23205,Lisa Jones,2023-02-04,2023-02-07,Central,Niger,Small Business Startup,RENT,9 years,46030,24.05,D,16.21,36,16600,16400.0,15700.0,Fully Paid,20374.9,2023-12-31
LN103206,CU23206,Andrew Lewis,2023-09-23,2023-09-30,East,Abia,Home Improvement,MORTGAGE,4 years,49075,30.12,B,10.58,60,4000,3800.0,3800.0,Charged Off,1187.23,2023-12-31
LN103207,CU23207,Patricia Thompson,2021-04-15,2021-04-21,South,Bayelsa,Business Expansion,RENT,3 years,40230,14.44,D,16.17,36,5600,5000.0,4600.0,Fully Paid,6470.56,2023-12-31
LN103208,CU23208,Jennifer Ramirez,2022-04-27,2022-05-10,East,Anambra,Home Improvement,OWN,1 year,75167,13.44,A,6.4,60,1000,900.0,900.0,Fully Paid,1138.99,2023-12-31
LN103209,CU23209,Linda Young,2021-08-10,2021-08-18,West,Ogun,Home Improvement,MORTGAGE,1 year,36735,14.62,F,24.28,60,3000,2600.0,2600.0,Fully Paid,3262.1,2023-12-31
LN103210,CU23210,Kimberly White,2023-03-07,2023-03-14,East,Anambra,Wedding,OWN,6 years,40700,17.08,D,17.36,36,1000,900.0,800.0,Charged Off,174.85,2023-12-31
LN103211,CU23211,Donald Wilson,2023-07-21,2023-07-27,East,Abia,Education,RENT,6 years,44289,14.11,A,7.86,60,11900,10700.0,10000.0,Fully Paid,12906.89,2023-12-31
LN103212,CU23212,Robert Smith,2021-03-14,2021-03-21,East,Enugu,Debt Consolidation,OWN,2 years,33394,4.38,B,10.41,36,8200,7000.0,6700.0,Fully Paid,7997.93,2023-12-31
LN103213,CU23213,Barbara Lewis,2022-02-28,2022-03-11,East,Abia,Home Improvement,MORTGAGE,5 years,49567,10.45,B,9.38,36,14200,12400.0,11900.0,Fully Paid,13320.81,2023-12-31
LN103214,CU23214,Steven Martinez,2021-01-07,2021-01-24,North,Kano,Medical Expenses,MORTGAGE,6 years,30262,34.26,C,14.57,60,20300,19000.0,18400.0,Fully Paid,22304.55,2023-12-31
LN103215,CU23215,Kevin Jones,2022-02-14,2022-02-18,Central,Kogi,Debt Consolidation,MORTGAGE,10+ years,46930,28.3,B,11.62,36,4700,4200.0,3700.0,Fully Paid,4616.11,2023-12-31
LN103216,CU23216,Jennifer Robinson,2022-03-05,2022-03-13,West,Lagos,Wedding,MORTGAGE,6 years,140341,27.53,A,7.27,60,8500,8400.0,8200.0,Fully Paid,10634.51,2023-12-31
LN103217,CU23217,Karen Walker,2022-05-20,2022-06-08,South,Rivers,Medical Expenses,OWN,6 years,35275,29.3,C,14.85,60,21700,19400.0,17600.0,Fully Paid,22327.19,2023-12-31
LN103218,CU23218,Richard Young,2021-12-21,2021-12-29,Central,Abuja FCT,Home Improvement,MORTGAGE,10+ years,35151,7.97,B,10.8,36,21900,17800.0,17800.0,Fully Paid,19857.9,2023-12-31
LN103219,CU23219,Brian Gonzalez,2021-11-15,2021-11-30,North,Kano,Wedding,MORTGAGE,4 years,23286,19.41,A,8.22,36,19200,16700.0,16500.0,Fully Paid,19188.41,2023-12-31
LN103220,CU23220,Michael Nguyen,2022-05-27,2022-06-14,East,Enugu,Debt Consolidation,OWN,5 years,61072,32.34,B,10.21,60,20400,19600.0,18900.0,Charged Off,9698.93,2023-03-28
LN103221,CU23221,Brian Sanchez,2022-08-05,2022-08-22,East,Anambra,Small Business Startup,MORTGAGE,4 years,40984,29.57,D,17.39,36,5100,4800.0,4500.0,Fully Paid,6191.02,2023-12-31
LN103222,CU23222,Steven Thomas,2021-01-09,2021-01-28,Central,Niger,Home Improvement,MORTGAGE,1 year,48103,28.72,B,9.98,60,22100,21300.0,19300.0,Fully Paid,25538.6,2023-12-31
LN103223,CU23223,Andrew Garcia,2021-06-23,2021-06-28,South,Bayelsa,Debt Consolidation,RENT,5 years,49623,22.77,A,7.32,60,13400,12200.0,11600.0,Fully Paid,16452.14,2023-12-31
LN103224,CU23224,Amanda Harris,2022-07-05,2022-07-10,North,Sokoto,Agriculture,MORTGAGE,9 years,25978,34.91,B,11.0,36,5100,4800.0,4500.0,Fully Paid,5849.13,2023-12-31
LN103225,CU23225,Donna Jackson,2022-10-18,2022-10-31,South,Akwa Ibom,Home Improvement,RENT,7 years,38464,30.27,C,14.5,60,4400,4200.0,4200.0,Charged Off,2270.96,2023-12-31
LN103226,CU23226,Paul Ramirez,2021-02-03,2021-02-15,East,Imo,Debt Consolidation,MORTGAGE,< 1 year,89657,10.6,C,14.12,36,27100,21700.0,20400.0,Fully Paid,27473.91,2023-12-15
LN103227,CU23227,Mark Allen,2022-03-03,2022-03-22,South,Delta,Medical Expenses,MORTGAGE,10+ years,103730,29.24,C,14.92,60,20800,17800.0,16700.0,Fully Paid,20738.55,2023-12-31
LN103228,CU23228,Linda Nguyen,2021-11-12,,East,Enugu,Small Business Startup,MORTGAGE,7 years,21963,25.72,F,22.12,60,24100,0.0,0.0,Rejected,0.0,
LN103229,CU23229,Michael Scott,2023-04-20,2023-05-05,East,Anambra,Debt Consolidation,OWN,8 years,27742,33.4,A,7.48,36,22800,17800.0,17800.0,Current,4352.46,2023-12-30
LN103230,CU23230,Joseph Wilson,2021-05-17,2021-05-30,Central,Abuja FCT,Business Expansion,OWN,< 1 year,68287,27.52,B,11.28,60,7400,6400.0,6300.0,Fully Paid,7542.93,2023-12-31
LN103231,CU23231,Mark Hernandez,2023-06-28,2023-07-11,North,Kano,Personal,OWN,4 years,33578,18.9,C,14.32,36,14400,11800.0,10800.0,Fully Paid,14099.87,2023-12-31
LN103232,CU23232,Kenneth Miller,2022-12-13,2022-12-23,Central,Abuja FCT,Wedding,RENT,10+ years,59280,32.19,C,14.57,60,18200,18200.0,18000.0,Fully Paid,23731.96,2023-12-31
LN103233,CU23233,Anthony Young,2022-10-13,2022-11-02,West,Lagos,Education,RENT,6 years,41523,28.98,A,8.46,36,16300,13200.0,12600.0,Fully Paid,15414.18,2023-12-31
LN103234,CU23234,Joshua Smith,2022-07-09,2022-07-17,Central,Kogi,Agriculture,RENT,8 years,31528,12.61,C,13.96,60,2000,1600.0,1500.0,Fully Paid,1704.04,2023-12-31
LN103235,CU23235,Kimberly Allen,2021-04-30,2021-05-05,West,Lagos,Wedding,OWN,5 years,41645,18.64,F,22.85,36,27400,24000.0,24000.0,Fully Paid,30965.79,2023-12-31
LN103236,CU23236,Anthony Rodriguez,2023-10-12,2023-10-29,East,Imo,Debt Consolidation,MORTGAGE,< 1 year,53703,24.59,D,17.06,60,21900,20800.0,20800.0,Charged Off,2226.94,2023-12-31
LN103237,CU23237,Deborah Jackson,2022-10-09,2022-10-11,West,Lagos,Home Improvement,MORTGAGE,7 years,34151,2.8,A,8.31,36,21200,15300.0,15300.0,Charged Off,8540.19,2023-12-31
LN103238,CU23238,Patricia Williams,2023-11-30,2023-12-08,West,Ogun,Debt Consolidation,MORTGAGE,5 years,31279,6.83,C,12.77,60,11500,9400.0,8600.0,Fully Paid,11924.27,2023-12-31
LN103239,CU23239,Jessica Sanchez,2021-03-08,2021-03-12,Central,Niger,Car Purchase,MORTGAGE,9 years,55349,27.28,A,6.83,36,17500,15300.0,14700.0,Fully Paid,17524.42,2023-12-31
LN103240,CU23240,Matthew Young,2021-10-21,2021-10-31,North,Kano,Debt Consolidation,OWN,3 years,45454,12.16,F,25.84,60,13300,12200.0,12200.0,Charged Off,5247.8,2023-05-02
LN103241,CU23241,Dorothy Lopez,2021-08-01,2021-08-13,East,Enugu,Agriculture,OWN,9 years,33914,25.73,F,24.62,36,1000,900.0,900.0,Fully Paid,1177.15,2023-12-31
LN103242,CU23242,Andrew Jackson,2021-05-10,2021-05-18,South,Akwa Ibom,Debt Consolidation,OWN,5 years,34281,10.53,B,10.69,36,11800,11400.0,11400.0,Fully Paid,12447.17,2023-12-31
LN103243,CU23243,Paul Lewis,2023-03-09,2023-03-15,West,Osun,Education,RENT,< 1 year,44866,2.29,B,11.98,60,2700,2500.0,2500.0,Fully Paid,3017.69,2023-12-31
LN103244,CU23244,Christopher Jones,2021-02-04,2021-02-22,South,Akwa Ibom,Personal,MORTGAGE,3 years,29159,30.06,E,20.26,60,10600,7900.0,7600.0,Current,4786.32,2023-12-13
LN103245,CU23245,Kevin Gonzalez,2023-11-12,2023-12-02,North,Kaduna,Business Expansion,OWN,6 years,62079,20.57,B,9.72,36,4800,4400.0,4200.0,Fully Paid,5701.01,2023-12-31
LN103246,CU23246,James Lopez,2022-05-12,2022-05-16,West,Osun,Debt Consolidation,MORTGAGE,2 years,60872,15.16,C,14.63,60,13600,13100.0,13100.0,Fully Paid,14969.04,2023-12-31
LN103247,CU23247,Emily Lee,2022-04-03,2022-04-05,North,Kano,Business Expansion,OWN,1 year,71760,23.33,A,8.44,60,17300,17300.0,17300.0,Fully Paid,22468.59,2023-12-31
LN103248,CU23248,Mark Young,2021-10-04,2021-10-21,North,Kano,Wedding,OWN,3 years,56245,16.23,F,22.24,36,16900,16800.0,16700.0,Fully Paid,22634.5,2023-12-31
LN103249,CU23249,Mark Moore,2023-10-29,2023-11-05,North,Sokoto,Debt Consolidation,MORTGAGE,2 years,38266,15.37,D,15.71,36,21700,21700.0,20700.0,Fully Paid,25246.24,2023-12-31
LN103250,CU23250,Kimberly Walker,2022-06-30,2022-07-13,North,Kano,Home Improvement,MORTGAGE,7 years,39790,20.9,D,16.99,36,1000,1000.0,1000.0,Fully Paid,1275.19,2023-12-31
LN103251,CU23251,Robert Gonzalez,2023-04-29,2023-05-09,West,Oyo,Agriculture,RENT,4 years,56591,29.23,A,8.09,36,29100,28100.0,27500.0,Fully Paid,33320.48,2023-12-31
LN103252,CU23252,Barbara Thompson,2022-09-01,2022-09-06,West,Oyo,Home Improvement,MORTGAGE,8 years,41147,4.19,A,7.6,60,14000,12500.0,12500.0,Fully Paid,15580.11,2023-12-31
LN103253,CU23253,Joshua Torres,2023-12-03,2023-12-07,North,Kaduna,Debt Consolidation,RENT,1 year,32159,24.36,C,14.29,36,14800,13800.0,13800.0,Fully Paid,16281.71,2023-12-31
LN103254,CU23254,Jessica Anderson,2021-06-02,2021-06-18,Central,Kogi,Business Expansion,RENT,7 years,115877,33.49,C,13.28,60,13700,11700.0,11700.0,Fully Paid,14563.02,2023-12-31
LN103255,CU23255,Kevin Clark,2022-02-19,2022-02-28,Central,Abuja FCT,Home Improvement,MORTGAGE,3 years,35739,30.77,B,11.98,36,5400,5000.0,4600.0,Fully Paid,6303.82,2023-12-31
LN103256,CU23256,Edward Young,2021-04-16,2021-04-29,East,Abia,Small Business Startup,OWN,10+ years,43817,34.35,B,9.9,60,23000,20700.0,19900.0,Current,11439.17,2023-12-18
LN103257,CU23257,Deborah Wright,2022-05-16,2022-05-21,Central,Niger,Debt Consolidation,RENT,9 years,38193,29.02,C,14.91,60,1000,800.0,800.0,Fully Paid,917.05,2023-12-31
LN103258,CU23258,Nancy Jones,2023-08-22,2023-09-09,East,Imo,Agriculture,MORTGAGE,10+ years,84730,15.15,B,9.4,36,24700,20300.0,17400.0,Fully Paid,26332.47,2023-12-31
LN103259,CU23259,David Moore,2021-07-01,2021-07-07,South,Bayelsa,Agriculture,RENT,1 year,35812,28.01,A,8.0,60,6600,5400.0,5400.0,Fully Paid,6784.59,2023-12-31
LN103260,CU23260,Kenneth Harris,2022-05-29,2022-06-05,Central,Plateau,Wedding,RENT,6 years,26518,22.42,A,8.17,36,15200,12900.0,11800.0,Fully Paid,13640.15,2023-12-31
LN103261,CU23261,Emily Thompson,2023-06-29,2023-07-18,East,Abia,Business Expansion,MORTGAGE,2 years,56473,23.78,F,23.65,36,16200,15900.0,14700.0,Fully Paid,17597.53,2023-12-31
LN103262,CU23262,Michelle Martinez,2021-07-04,2021-07-09,South,Akwa Ibom,Home Improvement,MORTGAGE,2 years,26145,16.63,B,11.8,36,3900,3700.0,3500.0,Fully Paid,4658.9,2023-12-31
LN103263,CU23263,Edward Sanchez,2022-05-08,2022-05-25,South,Akwa Ibom,Business Expansion,MORTGAGE,9 years,76040,20.44,C,12.75,36,14100,13900.0,12800.0,Fully Paid,16020.0,2023-12-31
LN103264,CU23264,Robert Wright,2022-10-14,2022-10-17,Central,Niger,Education,MORTGAGE,8 years,26642,24.68,C,14.66,36,20400,19900.0,19900.0,Fully Paid,20916.49,2023-12-31
LN103265,CU23265,Joseph Thompson,2021-02-27,,West,Ogun,Business Expansion,OWN,2 years,32790,29.11,G,28.02,60,13300,0.0,0.0,Rejected,0.0,
LN103266,CU23266,Donald Gonzalez,2021-01-19,2021-01-31,East,Imo,Debt Consolidation,RENT,7 years,32287,7.27,A,7.74,60,8300,8000.0,7500.0,Fully Paid,9423.92,2023-12-31
LN103267,CU23267,Steven Nguyen,2021-07-09,,West,Ogun,Wedding,OWN,2 years,43393,30.63,E,21.12,60,24300,0.0,0.0,Rejected,0.0,
LN103268,CU23268,Patricia King,2023-04-16,2023-04-26,West,Ogun,Car Purchase,MORTGAGE,5 years,126745,28.05,B,10.16,36,6700,5400.0,5000.0,Fully Paid,5751.87,2023-12-31
LN103269,CU23269,Kimberly Wright,2021-02-11,2021-02-17,South,Delta,Debt Consolidation,MORTGAGE,2 years,67489,20.28,E,21.4,60,17400,17400.0,17200.0,Fully Paid,22401.23,2023-12-31
LN103270,CU23270,Charles Sanchez,2023-03-16,2023-03-17,West,Ogun,Medical Expenses,OWN,1 year,57100,32.42,C,13.19,36,16600,14400.0,13500.0,Fully Paid,16387.98,2023-12-31
LN103271,CU23271,Michael Walker,2021-11-08,2021-11-21,South,Bayelsa,Medical Expenses,MORTGAGE,< 1 year,32273,27.23,C,12.71,36,9600,8100.0,8100.0,Fully Paid,8624.32,2023-12-31
LN103272,CU23272,Charles Young,2021-07-04,2021-07-06,East,Enugu,Car Purchase,RENT,3 years,64164,9.17,E,19.02,36,17000,16100.0,16100.0,Current,13607.89,2023-11-16
LN103273,CU23273,Brian Miller,2022-04-27,2022-05-14,West,Osun,Personal,RENT,6 years,42177,5.56,D,15.54,36,16200,15700.0,15100.0,Fully Paid,20427.67,2023-12-31
LN103274,CU23274,Robert Jackson,2023-07-19,2023-07-22,North,Sokoto,Wedding,MORTGAGE,6 years,56456,11.41,A,6.46,60,25700,21700.0,21700.0,Fully Paid,23462.64,2023-12-31
LN103275,CU23275,Steven Martin,2021-06-13,2021-06-15,Central,Plateau,Debt Consolidation,OWN,6 years,80583,11.52,C,14.19,60,19000,18000.0,16600.0,Fully Paid,23168.06,2023-12-31
LN103276,CU23276,Matthew Smith,2021-02-06,2021-02-13,East,Abia,Education,MORTGAGE,1 year,27056,26.26,F,23.77,60,5500,5100.0,4600.0,Fully Paid,6325.33,2023-12-31
LN103277,CU23277,George Harris,2022-07-23,2022-08-10,South,Akwa Ibom,Car Purchase,OWN,< 1 year,43028,14.69,D,16.25,60,13400,13200.0,12000.0,Fully Paid,15125.02,2023-12-31
LN103278,CU23278,Joseph Martinez,2022-12-17,2022-12-22,North,Katsina,Debt Consolidation,OWN,2 years,28793,28.11,C,14.73,60,15000,14400.0,13300.0,Fully Paid,18464.49,2023-12-31
LN103279,CU23279,Richard Thompson,2021-01-29,2021-02-13,East,Imo,Car Purchase,RENT,1 year,55404,17.59,A,8.4,36,17300,16600.0,15800.0,Fully Paid,20500.39,2023-12-31
LN103280,CU23280,Mary Hernandez,2022-12-10,2022-12-25,South,Rivers,Education,MORTGAGE,< 1 year,99029,13.25,D,17.52,60,12000,9600.0,8800.0,Charged Off,3556.26,2023-12-31
LN103281,CU23281,Joseph Gonzalez,2021-06-15,2021-06-27,North,Katsina,Personal,RENT,7 years,38590,4.52,D,16.72,60,18300,14700.0,13200.0,Fully Paid,19008.77,2023-12-31
LN103282,CU23282,Andrew Scott,2021-12-31,2022-01-17,South,Akwa Ibom,Business Expansion,OWN,< 1 year,69081,3.67,B,11.46,36,1000,1000.0,1000.0,Fully Paid,1320.14,2023-12-31
LN103283,CU23283,Daniel Lopez,2021-10-12,2021-10-16,North,Sokoto,Debt Consolidation,OWN,7 years,47481,25.33,A,8.62,36,8600,8600.0,7800.0,Fully Paid,9437.44,2023-12-31
LN103284,CU23284,Margaret Hernandez,2022-11-02,2022-11-11,East,Enugu,Business Expansion,OWN,7 years,30629,7.54,C,14.21,36,18200,16800.0,14800.0,Fully Paid,20664.72,2023-12-31
LN103285,CU23285,Joshua Jackson,2022-05-21,2022-06-06,South,Rivers,Personal,MORTGAGE,2 years,44038,23.07,A,7.1,36,3900,3700.0,3700.0,Fully Paid,4326.15,2023-12-31
LN103286,CU23286,Jessica Scott,2022-08-29,2022-09-11,South,Akwa Ibom,Business Expansion,OWN,10+ years,39071,32.08,B,11.52,60,16700,16700.0,16400.0,Fully Paid,18589.54,2023-12-31
LN103287,CU23287,Donna Moore,2023-12-11,2023-12-28,South,Akwa Ibom,Debt Consolidation,OWN,3 years,71641,7.22,C,12.67,36,20700,16200.0,15600.0,Fully Paid,18247.65,2023-12-31
LN103288,CU23288,Charles Scott,2021-09-20,2021-09-21,West,Ogun,Wedding,MORTGAGE,10+ years,32215,16.27,B,9.14,60,27100,26700.0,26700.0,Fully Paid,28493.38,2023-12-31
LN103289,CU23289,Sarah Allen,2022-11-17,2022-12-05,West,Lagos,Car Purchase,MORTGAGE,< 1 year,95785,5.1,A,8.51,36,16400,16400.0,16400.0,Current,6110.02,2023-11-30
LN103290,CU23290,David Miller,2023-09-17,2023-10-06,North,Kaduna,Car Purchase,RENT,4 years,46442,27.99,E,19.03,36,11400,11200.0,10500.0,Charged Off,1521.65,2023-12-31
LN103291,CU23291,Ashley Taylor,2022-02-15,2022-03-04,North,Kaduna,Agriculture,MORTGAGE,4 years,84902,12.32,C,13.07,60,17400,15100.0,14200.0,Fully Paid,18909.16,2023-12-31
LN103292,CU23292,Edward Wilson,2022-07-24,2022-08-08,West,Oyo,Medical Expenses,MORTGAGE,6 years,45216,23.94,E,19.62,36,6900,6200.0,6200.0,Current,3100.7,2023-12-28
LN103293,CU23293,Deborah Jackson,2021-08-01,2021-08-08,West,Oyo,Home Improvement,OWN,< 1 year,25040,2.67,E,20.23,36,23300,19000.0,18500.0,Fully Paid,23337.01,2023-12-31
LN103294,CU23294,Kenneth Martinez,2023-12-29,2024-01-08,East,Anambra,Education,MORTGAGE,9 years,26497,12.81,C,13.88,36,13800,13800.0,13800.0,Fully Paid,15512.86,2023-12-31
LN103295,CU23295,Linda Sanchez,2023-03-22,2023-04-03,North,Kano,Debt Consolidation,MORTGAGE,5 years,74417,31.07,C,13.45,60,15900,15900.0,14900.0,Current,2713.43,2023-12-05
LN103296,CU23296,Emily Jackson,2022-03-21,2022-04-06,Central,Abuja FCT,Business Expansion,MORTGAGE,1 year,35672,4.46,A,7.28,60,16200,12900.0,12000.0,Fully Paid,15324.94,2023-12-31
LN103297,CU23297,Thomas Scott,2022-11-24,2022-11-30,North,Kano,Home Improvement,OWN,7 years,26993,25.04,B,10.16,60,11800,11700.0,11000.0,Fully Paid,15370.95,2023-12-31
LN103298,CU23298,Joseph Flores,2022-03-05,2022-03-10,South,Rivers,Home Improvement,MORTGAGE,5 years,35494,21.0,B,9.72,60,14400,13900.0,12500.0,Fully Paid,18274.91,2023-12-31
LN103299,CU23299,John King,2022-01-21,2022-01-29,Central,Kogi,Personal,OWN,9 years,20803,27.9,C,14.42,60,6400,5500.0,5100.0,Fully Paid,7202.38,2023-12-31
LN103300,CU23300,Jennifer Taylor,2022-09-16,2022-09-23,Central,Plateau,Business Expansion,RENT,5 years,84114,19.27,A,6.82,60,8100,7600.0,7200.0,Fully Paid,9471.58,2023-12-31
LN103301,CU23301,Sandra Williams,2023-05-05,2023-05-17,East,Enugu,Agriculture,RENT,8 years,35806,34.26,F,22.27,60,20000,20000.0,19700.0,Fully Paid,23336.16,2023-12-31
LN103302,CU23302,Nancy Torres,2022-04-23,2022-04-30,West,Osun,Debt Consolidation,MORTGAGE,6 years,48206,8.78,C,12.28,36,27100,23600.0,21200.0,Fully Paid,26555.79,2023-12-31
LN103303,CU23303,Donald Wilson,2021-04-15,2021-05-01,West,Lagos,Small Business Startup,MORTGAGE,< 1 year,25642,16.04,D,15.88,36,18000,17300.0,17300.0,Fully Paid,19793.47,2023-12-31
LN103304,CU23304,Kenneth Moore,2023-08-29,2023-09-13,South,Rivers,Debt Consolidation,MORTGAGE,2 years,28602,20.11,A,8.42,60,14900,14400.0,14400.0,Fully Paid,18046.5,2023-12-31
LN103305,CU23305,Andrew Nguyen,2022-10-18,2022-10-26,North,Katsina,Car Purchase,MORTGAGE,7 years,65353,8.6,B,9.54,60,3000,3000.0,3000.0,Fully Paid,3213.13,2023-12-31
LN103306,CU23306,Thomas Wright,2023-05-10,2023-05-21,East,Abia,Small Business Startup,RENT,1 year,27334,5.61,A,8.82,60,14100,14100.0,12800.0,Fully Paid,17741.63,2023-12-31
LN103307,CU23307,Robert Scott,2021-12-07,,South,Rivers,Education,RENT,8 years,33372,33.53,F,24.5,60,14600,0.0,0.0,Rejected,0.0,
LN103308,CU23308,Dorothy Hernandez,2023-04-09,2023-04-21,East,Enugu,Home Improvement,OWN,10+ years,64733,18.23,B,10.59,36,19100,15400.0,14100.0,Fully Paid,18758.4,2023-12-31
LN103309,CU23309,Lisa Gonzalez,2021-05-07,2021-05-14,West,Ogun,Business Expansion,MORTGAGE,4 years,59650,31.14,C,12.64,60,9000,7900.0,7400.0,Current,4416.12,2023-11-25
LN103310,CU23310,Betty Young,2021-09-10,2021-09-28,North,Katsina,Debt Consolidation,RENT,9 years,63258,9.91,C,14.5,60,19400,18500.0,17500.0,Fully Paid,24128.04,2023-12-31
LN103311,CU23311,Melissa Martin,2021-05-02,2021-05-14,North,Kaduna,Education,MORTGAGE,4 years,61917,7.38,A,6.11,60,17500,17500.0,17500.0,Fully Paid,19157.24,2023-12-31
LN103312,CU23312,Linda Brown,2021-03-24,2021-04-10,West,Oyo,Debt Consolidation,RENT,9 years,76146,17.54,A,7.46,60,13400,13100.0,13100.0,Fully Paid,14448.51,2023-12-31
LN103313,CU23313,Steven Perez,2023-07-18,2023-08-06,East,Anambra,Car Purchase,OWN,4 years,40101,34.86,F,23.03,60,9700,8300.0,8300.0,Fully Paid,10207.03,2023-12-31
LN103314,CU23314,Lisa Davis,2022-02-04,2022-02-13,Central,Plateau,Home Improvement,RENT,6 years,82065,23.99,B,10.89,60,19300,14000.0,13500.0,Fully Paid,18646.52,2023-12-31
LN103315,CU23315,Sandra Scott,2021-05-18,2021-05-30,South,Bayelsa,Home Improvement,OWN,5 years,178117,33.33,F,22.75,36,18000,16700.0,16700.0,Fully Paid,20491.36,2023-12-31
LN103316,CU23316,Margaret Young,2022-10-26,2022-11-11,West,Lagos,Agriculture,OWN,6 years,38165,15.49,B,9.01,36,11000,9700.0,9600.0,Fully Paid,10838.0,2023-12-31
LN103317,CU23317,Thomas Brown,2023-02-12,2023-02-16,South,Akwa Ibom,Small Business Startup,OWN,< 1 year,31584,10.89,B,9.88,36,16500,11800.0,11800.0,Fully Paid,13794.83,2023-12-31
LN103318,CU23318,Sandra Thompson,2021-01-02,2021-01-21,South,Bayelsa,Debt Consolidation,RENT,1 year,15956,19.73,C,14.97,60,11100,9200.0,9200.0,Fully Paid,11688.55,2023-12-31
LN103319,CU23319,Michael Lewis,2022-10-30,2022-11-05,West,Ogun,Business Expansion,OWN,6 years,21332,24.32,A,8.62,60,22100,22100.0,21500.0,Fully Paid,26244.98,2023-12-31
LN103320,CU23320,George Hill,2022-03-08,2022-03-22,North,Sokoto,Home Improvement,MORTGAGE,8 years,21902,27.29,F,24.52,60,19300,14700.0,14700.0,Fully Paid,16032.53,2023-12-31
LN103321,CU23321,David Lewis,2022-12-14,2022-12-22,North,Kano,Debt Consolidation,RENT,3 years,24191,23.46,C,14.85,60,27300,27300.0,27300.0,Fully Paid,31274.07,2023-12-31
LN103322,CU23322,Anthony Moore,2022-11-19,2022-12-04,West,Ogun,Agriculture,RENT,< 1 year,43569,2.74,D,17.48,60,12000,11900.0,11600.0,Fully Paid,14324.17,2023-12-31
LN103323,CU23323,John Wilson,2023-03-12,2023-03-14,West,Lagos,Small Business Startup,MORTGAGE,1 year,66567,5.34,D,15.96,60,8100,8100.0,8000.0,Fully Paid,8954.02,2023-12-31
LN103324,CU23324,Robert Thomas,2023-08-24,2023-08-26,East,Enugu,Debt Consolidation,OWN,1 year,95824,14.64,D,17.6,36,28000,28000.0,27400.0,Fully Paid,35382.59,2023-12-31
LN103325,CU23325,Mark Ramirez,2022-08-10,2022-08-19,West,Oyo,Car Purchase,MORTGAGE,< 1 year,48894,25.3,D,15.97,36,15600,15600.0,15500.0,Current,7943.83,2023-12-24
LN103326,CU23326,Brian Clark,2022-03-30,2022-04-02,Central,Kogi,Debt Consolidation,RENT,3 years,48052,18.05,B,11.1,60,7100,6200.0,6200.0,Fully Paid,7747.88,2023-12-31
LN103327,CU23327,Emily Jones,2022-11-13,2022-11-26,South,Rivers,Medical Expenses,RENT,3 years,65161,4.93,E,18.75,36,20200,17800.0,17300.0,Fully Paid,21058.73,2023-12-31
LN103328,CU23328,Edward Scott,2023-01-01,2023-01-12,West,Oyo,Business Expansion,RENT,5 years,38336,11.86,C,12.4,36,1000,1000.0,900.0,Current,325.74,2023-12-09
LN103329,CU23329,Kevin White,2023-01-16,2023-02-03,West,Lagos,Car Purchase,OWN,9 years,58184,24.69,E,21.79,36,20600,20100.0,18500.0,Fully Paid,24076.05,2023-12-31
LN103330,CU23330,Sarah Jackson,2022-01-27,2022-02-02,North,Kano,Debt Consolidation,RENT,10+ years,41140,10.64,D,16.76,60,5600,5600.0,5600.0,Fully Paid,6414.18,2023-12-31
LN103331,CU23331,Joshua Martinez,2022-10-05,2022-10-16,West,Ogun,Business Expansion,RENT,< 1 year,69767,26.09,D,15.1,36,6500,5800.0,5400.0,Fully Paid,6199.46,2023-12-31
LN103332,CU23332,Donald Nguyen,2021-06-04,2021-06-23,West,Oyo,Small Business Startup,MORTGAGE,3 years,22188,34.07,A,7.42,60,16600,15300.0,14900.0,Fully Paid,16372.15,2023-12-31
LN103333,CU23333,Sandra Gonzalez,2022-11-16,2022-12-06,East,Imo,Wedding,MORTGAGE,10+ years,69032,14.48,B,9.06,36,15100,14300.0,14000.0,Fully Paid,16830.14,2023-12-31
LN103334,CU23334,Linda Gonzalez,2021-07-02,2021-07-13,East,Abia,Home Improvement,RENT,4 years,36117,5.63,F,24.73,36,24000,21700.0,19900.0,Current,19981.85,2023-12-04
LN103335,CU23335,Deborah Perez,2021-10-17,2021-10-19,South,Delta,Debt Consolidation,OWN,10+ years,46232,22.84,E,21.16,60,11700,11300.0,10800.0,Fully Paid,13594.1,2023-12-31
LN103336,CU23336,Michael Moore,2021-12-10,2021-12-12,Central,Abuja FCT,Small Business Startup,MORTGAGE,7 years,64858,22.93,B,9.22,60,1200,900.0,900.0,Fully Paid,1095.0,2023-12-31
LN103337,CU23337,Kevin Taylor,2022-09-11,2022-09-16,South,Bayelsa,Wedding,MORTGAGE,10+ years,30470,34.0,C,14.29,36,21000,20300.0,19000.0,Fully Paid,24453.34,2023-12-31
LN103338,CU23338,Edward Hill,2021-01-30,2021-02-10,South,Rivers,Debt Consolidation,MORTGAGE,< 1 year,62449,20.27,C,12.97,36,10700,9800.0,9600.0,Fully Paid,12962.69,2023-12-25
LN103339,CU23339,John Wright,2021-02-02,,North,Sokoto,Debt Consolidation,OWN,3 years,79183,9.64,G,27.13,36,5600,0.0,0.0,Rejected,0.0,
LN103340,CU23340,Nancy Williams,2021-04-09,2021-04-20,Central,Abuja FCT,Personal,RENT,6 years,75227,21.28,B,11.94,36,26000,21200.0,18800.0,Fully Paid,25555.84,2023-12-31
LN103341,CU23341,Kevin Ramirez,2022-01-13,2022-01-27,Central,Abuja FCT,Debt Consolidation,OWN,3 years,26722,19.88,C,15.0,36,16600,15200.0,13900.0,Fully Paid,18551.88,2023-12-31
LN103342,CU23342,Mary Rodriguez,2022-08-19,2022-08-24,North,Kano,Education,RENT,7 years,54102,27.33,A,8.49,60,14300,10900.0,9700.0,Fully Paid,11932.34,2023-12-31
LN103343,CU23343,George Thompson,2023-03-24,2023-04-13,Central,Niger,Home Improvement,OWN,< 1 year,37147,29.68,D,16.37,60,16300,13000.0,12500.0,Fully Paid,15834.0,2023-12-31
LN103344,CU23344,Thomas Nguyen,2021-12-19,2021-12-20,East,Enugu,Wedding,RENT,< 1 year,37249,31.85,C,14.59,36,20900,19200.0,19000.0,Fully Paid,20615.24,2023-12-31
LN103345,CU23345,Thomas Ramirez,2022-12-26,2023-01-07,East,Abia,Education,RENT,1 year,60799,21.53,E,21.04,60,12100,11300.0,10500.0,Fully Paid,14782.51,2023-12-31
LN103346,CU23346,Kenneth Miller,2022-08-08,2022-08-18,South,Rivers,Wedding,MORTGAGE,9 years,79121,11.06,C,13.04,36,24500,22300.0,21700.0,Fully Paid,26768.76,2023-12-31
LN103347,CU23347,Edward Sanchez,2023-03-26,2023-03-31,East,Enugu,Home Improvement,RENT,5 years,61844,9.05,F,22.16,60,14300,14300.0,13900.0,Fully Paid,18045.64,2023-12-31
LN103348,CU23348,Christopher Gonzalez,2022-04-09,2022-04-27,South,Delta,Car Purchase,OWN,7 years,73099,22.85,A,8.99,60,14200,12200.0,11700.0,Fully Paid,14221.11,2023-12-31
LN103349,CU23349,Barbara Clark,2023-01-16,2023-01-20,North,Kano,Medical Expenses,RENT,7 years,22176,17.62,A,6.75,60,13900,12700.0,11400.0,Fully Paid,13385.75,2023-12-31
LN103350,CU23350,Steven Gonzalez,2022-10-02,2022-10-11,Central,Niger,Medical Expenses,OWN,8 years,57157,11.15,E,18.88,60,18900,17200.0,16400.0,Fully Paid,21544.7,2023-12-31
LN103351,CU23351,Steven King,2021-12-19,2022-01-01,East,Enugu,Education,OWN,6 years,31023,5.2,D,16.84,60,26800,21800.0,21800.0,Fully Paid,24052.68,2023-12-31
LN103352,CU23352,Joshua Clark,2023-06-12,2023-06-30,South,Bayelsa,Car Purchase,MORTGAGE,2 years,48334,21.63,B,9.42,60,14500,12700.0,12700.0,Fully Paid,16406.62,2023-12-31
LN103353,CU23353,Nancy Anderson,2023-12-27,2024-01-07,East,Enugu,Agriculture,OWN,9 years,30607,14.53,G,28.96,60,17500,17500.0,17500.0,Fully Paid,20844.07,2023-12-31
LN103354,CU23354,Melissa Williams,2023-11-19,2023-11-22,South,Delta,Agriculture,OWN,1 year,64155,30.75,B,11.58,60,4600,4600.0,4500.0,Fully Paid,4866.9,2023-12-31
LN103355,CU23355,Andrew Jackson,2021-10-01,2021-10-10,East,Enugu,Home Improvement,MORTGAGE,6 years,50950,18.37,B,10.98,60,4200,3500.0,3200.0,Fully Paid,4490.79,2023-12-31
LN103356,CU23356,Susan Moore,2022-05-21,2022-05-27,North,Sokoto,Home Improvement,MORTGAGE,1 year,22346,13.18,B,9.09,36,12400,11200.0,11000.0,Fully Paid,14232.81,2023-12-31
LN103357,CU23357,Kimberly Ramirez,2021-04-13,2021-04-29,West,Osun,Car Purchase,RENT,6 years,26566,32.92,A,7.92,60,6100,5300.0,4900.0,Fully Paid,6574.25,2023-12-31
LN103358,CU23358,Patricia Miller,2022-08-28,2022-09-05,North,Kaduna,Small Business Startup,OWN,8 years,56023,3.48,B,9.69,60,6700,6300.0,5900.0,Fully Paid,8214.29,2023-12-31
LN103359,CU23359,Betty Johnson,2023-08-19,2023-08-27,North,Katsina,Business Expansion,MORTGAGE,7 years,61014,25.62,C,14.36,60,7000,6100.0,6100.0,Current,463.59,2023-12-13
LN103360,CU23360,Elizabeth Rodriguez,2022-04-08,2022-04-20,East,Anambra,Business Expansion,MORTGAGE,2 years,31944,3.56,C,12.4,36,13400,11700.0,11200.0,Fully Paid,14013.81,2023-12-31
LN103361,CU23361,Deborah Lopez,2022-06-01,2022-06-07,West,Osun,Debt Consolidation,RENT,7 years,80033,20.22,D,17.02,36,24500,23800.0,21200.0,Fully Paid,29690.76,2023-12-31
LN103362,CU23362,Kimberly Thompson,2021-07-24,2021-08-01,South,Rivers,Debt Consolidation,RENT,8 years,42443,12.39,C,12.93,36,3400,3400.0,3200.0,Fully Paid,3763.4,2023-12-31
LN103363,CU23363,Donna Sanchez,2023-11-02,2023-11-12,Central,Plateau,Agriculture,RENT,2 years,84729,9.55,G,29.25,36,9000,8900.0,8300.0,Fully Paid,11748.58,2023-12-31
LN103364,CU23364,Brian Nguyen,2023-01-25,2023-02-09,Central,Niger,Agriculture,MORTGAGE,8 years,66215,9.14,B,11.37,60,23900,19000.0,17400.0,Fully Paid,20269.07,2023-12-31
LN103365,CU23365,Andrew Thomas,2023-12-14,2023-12-19,Central,Niger,Debt Consolidation,RENT,3 years,86156,14.26,E,18.52,36,18900,16100.0,16100.0,Fully Paid,21414.82,2023-12-31
LN103366,CU23366,Anthony Garcia,2022-08-17,2022-09-03,West,Osun,Education,RENT,7 years,29314,31.7,E,20.58,36,2200,2200.0,2200.0,Fully Paid,2685.87,2023-12-31
LN103367,CU23367,Margaret Wilson,2022-04-06,2022-04-17,West,Lagos,Debt Consolidation,MORTGAGE,5 years,45847,15.88,A,7.86,60,13800,12500.0,11000.0,Fully Paid,15321.66,2023-12-31
LN103368,CU23368,Robert Davis,2023-06-17,2023-06-19,Central,Kogi,Debt Consolidation,OWN,3 years,80759,5.85,C,14.86,60,21300,17600.0,17200.0,Current,1834.13,2023-12-18
LN103369,CU23369,Ashley Young,2021-10-09,2021-10-21,Central,Plateau,Wedding,RENT,10+ years,45588,32.45,B,9.59,60,2800,2500.0,2300.0,Fully Paid,3344.95,2023-12-31
LN103370,CU23370,Michelle Young,2023-09-08,2023-09-09,West,Lagos,Home Improvement,MORTGAGE,10+ years,64186,12.96,A,7.89,36,22800,21200.0,20600.0,Current,1956.96,2023-12-24
LN103371,CU23371,Mary Johnson,2021-12-31,2022-01-13,North,Sokoto,Car Purchase,MORTGAGE,6 years,67049,11.78,D,17.0,36,17800,15100.0,14800.0,Current,9771.39,2023-11-30
LN103372,CU23372,Christopher Nguyen,2022-06-03,2022-06-18,East,Enugu,Education,MORTGAGE,< 1 year,46285,27.61,B,10.7,60,15300,13700.0,12900.0,Current,4539.88,2023-11-19
LN103373,CU23373,James Allen,2022-06-28,2022-07-04,North,Kaduna,Education,MORTGAGE,5 years,49311,31.2,E,20.06,60,8600,8300.0,8300.0,Current,2736.12,2023-12-01
LN103374,CU23374,Carol Jackson,2023-05-18,2023-06-04,Central,Plateau,Debt Consolidation,RENT,10+ years,64665,34.5,B,9.39,60,15100,14000.0,13600.0,Current,1644.33,2023-12-09
LN103375,CU23375,Linda Robinson,2021-11-15,2021-11-24,North,Katsina,Business Expansion,MORTGAGE,5 years,55228,25.01,A,6.19,36,15800,15800.0,15300.0,Fully Paid,21059.86,2023-12-31
LN103376,CU23376,Joseph Ramirez,2023-07-06,2023-07-15,West,Oyo,Debt Consolidation,MORTGAGE,7 years,58038,18.43,F,23.99,36,16400,15400.0,14300.0,Fully Paid,19806.01,2023-12-31
LN103377,CU23377,Matthew Perez,2022-10-23,2022-11-02,Central,Plateau,Personal,OWN,3 years,39724,15.0,A,8.0,36,19800,17800.0,14600.0,Fully Paid,21842.14,2023-12-31
LN103378,CU23378,Jennifer Taylor,2023-09-05,2023-09-22,North,Katsina,Agriculture,OWN,10+ years,54944,4.85,A,8.69,36,23500,18700.0,18100.0,Charged Off,9242.36,2023-12-31
LN103379,CU23379,Kevin Torres,2023-09-13,2023-10-03,Central,Abuja FCT,Wedding,RENT,6 years,48457,3.67,B,10.18,60,4800,4200.0,4000.0,Fully Paid,5458.98,2023-12-31
LN103380,CU23380,Donald Martinez,2021-09-03,2021-09-16,North,Katsina,Business Expansion,OWN,4 years,21074,21.13,A,8.3,60,23000,19300.0,18400.0,Fully Paid,24065.75,2023-12-31
LN103381,CU23381,Melissa Brown,2022-12-15,2022-12-20,South,Delta,Education,OWN,6 years,26173,5.07,E,21.72,60,13900,11600.0,11600.0,Fully Paid,13314.22,2023-12-31
LN103382,CU23382,George Harris,2022-10-18,2022-10-20,West,Ogun,Business Expansion,MORTGAGE,< 1 year,56015,9.52,A,7.42,36,15400,14500.0,14500.0,Fully Paid,15989.98,2023-12-31
LN103383,CU23383,Joseph Hill,2023-03-02,2023-03-08,East,Abia,Small Business Startup,RENT,6 years,19940,21.86,F,25.0,36,13500,13500.0,12800.0,Fully Paid,14532.08,2023-12-31
LN103384,CU23384,Brian Hill,2022-04-30,2022-05-11,South,Bayelsa,Home Improvement,OWN,9 years,60134,10.14,D,16.18,60,19100,18300.0,17900.0,Fully Paid,20851.64,2023-12-31
LN103385,CU23385,Donna Williams,2021-05-11,2021-05-24,Central,Kogi,Car Purchase,MORTGAGE,9 years,30344,19.15,D,17.51,60,17200,14800.0,14500.0,Current,7665.6,2023-11-20
LN103386,CU23386,Betty Gonzalez,2021-08-30,2021-09-08,West,Ogun,Debt Consolidation,OWN,5 years,141137,28.76,A,8.04,60,5600,4400.0,4200.0,Charged Off,1562.92,2022-01-29
LN103387,CU23387,Karen Allen,2022-02-23,,North,Kaduna,Home Improvement,MORTGAGE,10+ years,40190,34.02,F,23.46,36,13900,0.0,0.0,Rejected,0.0,
LN103388,CU23388,Brian Walker,2023-01-18,2023-02-07,South,Bayelsa,Business Expansion,OWN,7 years,69966,13.79,E,21.69,36,25100,25100.0,22800.0,Fully Paid,31997.22,2023-12-31
LN103389,CU23389,Mark Robinson,2022-11-17,2022-12-03,West,Lagos,Business Expansion,RENT,4 years,47169,17.31,A,7.55,36,15600,15200.0,15200.0,Current,5638.86,2023-11-24
LN103390,CU23390,Joshua Harris,2022-10-29,2022-10-30,Central,Abuja FCT,Debt Consolidation,RENT,8 years,37649,29.27,D,15.55,60,16500,14000.0,13200.0,Charged Off,2291.05,2023-12-31
LN103391,CU23391,Susan Miller,2023-03-12,2023-03-26,South,Delta,Business Expansion,MORTGAGE,9 years,92731,10.1,C,12.59,60,17400,16900.0,16800.0,Charged Off,2233.66,2023-12-31
LN103392,CU23392,Edward Wright,2021-06-05,2021-06-25,Central,Kogi,Personal,RENT,7 years,28178,20.23,B,10.45,36,21300,19200.0,18900.0,Fully Paid,23191.49,2023-12-31
LN103393,CU23393,Brian White,2023-04-28,2023-05-09,North,Sokoto,Small Business Startup,OWN,7 years,55336,14.73,A,7.31,60,9300,8900.0,8600.0,Fully Paid,9762.88,2023-12-31
LN103394,CU23394,Brian White,2022-10-24,2022-10-31,East,Anambra,Business Expansion,MORTGAGE,7 years,44419,3.62,B,11.0,60,21100,19300.0,18900.0,Charged Off,8365.57,2023-09-28
LN103395,CU23395,Emily Lopez,2022-04-28,2022-05-15,Central,Niger,Agriculture,RENT,2 years,47859,33.45,C,13.63,60,18400,13300.0,13300.0,Fully Paid,14379.44,2023-12-31
LN103396,CU23396,Richard Thompson,2022-09-08,2022-09-24,Central,Plateau,Medical Expenses,RENT,2 years,72071,28.15,B,10.23,60,23300,23300.0,23300.0,Fully Paid,26401.09,2023-12-31
LN103397,CU23397,Christopher Williams,2023-12-01,2023-12-19,West,Ogun,Small Business Startup,OWN,1 year,54987,4.85,D,17.27,36,17400,13900.0,12800.0,Fully Paid,17622.31,2023-12-31
LN103398,CU23398,Kimberly Wright,2022-10-10,2022-10-11,North,Katsina,Debt Consolidation,RENT,4 years,79865,27.44,B,11.46,60,3100,2400.0,2200.0,Fully Paid,2763.66,2023-12-31
LN103399,CU23399,Dorothy Smith,2021-08-11,2021-08-27,East,Enugu,Car Purchase,OWN,8 years,48012,9.4,B,11.71,60,12100,10700.0,10300.0,Fully Paid,13814.93,2023-12-31
LN103400,CU23400,Thomas Young,2022-03-11,2022-03-24,West,Lagos,Home Improvement,RENT,8 years,25858,34.7,C,14.43,60,31500,28500.0,28500.0,Current,10549.71,2023-11-21
LN103401,CU23401,Charles Harris,2022-03-26,2022-04-04,East,Anambra,Debt Consolidation,OWN,4 years,105541,2.15,B,11.45,60,5900,5100.0,5000.0,Fully Paid,5979.89,2023-12-31
LN103402,CU23402,Richard Walker,2021-11-16,2021-12-03,Central,Niger,Home Improvement,MORTGAGE,6 years,46630,32.28,B,11.76,36,28700,28700.0,28700.0,Current,22695.53,2023-12-09
LN103403,CU23403,James Lopez,2022-08-18,2022-08-26,South,Bayelsa,Agriculture,OWN,8 years,108759,22.99,A,8.66,60,16400,15000.0,13900.0,Fully Paid,17159.5,2023-12-31
LN103404,CU23404,David Davis,2021-01-18,2021-01-23,Central,Kogi,Business Expansion,RENT,10+ years,42232,27.71,A,6.01,60,12700,12300.0,11900.0,Fully Paid,13012.49,2023-12-31
LN103405,CU23405,Dorothy Torres,2021-06-05,,West,Ogun,Education,RENT,5 years,40375,34.08,G,29.8,60,15000,0.0,0.0,Rejected,0.0,
LN103406,CU23406,Mark Thomas,2021-02-02,2021-02-21,West,Osun,Small Business Startup,MORTGAGE,8 years,58613,24.44,A,8.25,60,10200,8900.0,8900.0,Current,5464.44,2023-12-03
LN103407,CU23407,Edward Martin,2023-03-08,2023-03-25,West,Ogun,Debt Consolidation,RENT,5 years,67962,8.42,B,9.61,60,6400,6300.0,5600.0,Fully Paid,7605.31,2023-12-31
LN103408,CU23408,Karen Allen,2023-01-12,2023-01-21,Central,Kogi,Medical Expenses,RENT,1 year,33768,17.78,A,6.73,60,21200,19300.0,18600.0,Fully Paid,24854.42,2023-12-31
LN103409,CU23409,Matthew Jones,2022-10-18,,West,Ogun,Education,OWN,5 years,48075,14.74,G,27.92,60,10900,0.0,0.0,Rejected,0.0,
LN103410,CU23410,Donald Walker,2023-06-18,2023-07-05,East,Anambra,Small Business Startup,MORTGAGE,2 years,28458,27.57,A,6.24,36,9700,7600.0,7100.0,Fully Paid,9017.63,2023-12-31
LN103411,CU23411,Matthew Jones,2023-11-30,2023-12-05,Central,Abuja FCT,Debt Consolidation,RENT,5 years,73102,6.44,A,7.12,36,10500,10500.0,10100.0,Fully Paid,13589.02,2023-12-31
LN103412,CU23412,Kenneth Johnson,2021-01-26,2021-02-10,North,Sokoto,Debt Consolidation,RENT,4 years,76171,7.83,G,27.4,36,29700,28500.0,27400.0,Current,28383.07,2023-12-08
LN103413,CU23413,Charles Williams,2022-04-04,2022-04-18,East,Enugu,Agriculture,RENT,4 years,48148,5.21,E,21.7,60,18500,18500.0,17900.0,Current,6775.05,2023-12-01
LN103414,CU23414,Michael Rodriguez,2022-05-21,2022-06-02,South,Delta,Small Business Startup,OWN,6 years,26340,30.01,A,7.01,36,6500,5400.0,4900.0,Fully Paid,5985.49,2023-12-31
LN103415,CU23415,Lisa Flores,2021-02-11,2021-02-28,West,Oyo,Business Expansion,MORTGAGE,6 years,35113,12.9,E,21.99,36,27900,26500.0,26200.0,Current,27670.43,2023-11-23
LN103416,CU23416,Betty Smith,2023-09-29,2023-10-15,Central,Plateau,Debt Consolidation,MORTGAGE,5 years,30172,26.21,D,16.9,36,10600,8800.0,8700.0,Fully Paid,10467.78,2023-12-31
LN103417,CU23417,Margaret Thomas,2023-07-23,2023-08-06,North,Katsina,Small Business Startup,OWN,9 years,42879,26.3,D,16.92,36,31700,25900.0,25400.0,Fully Paid,30395.58,2023-12-31
LN103418,CU23418,Ashley Torres,2022-11-18,2022-11-27,West,Oyo,Small Business Startup,OWN,< 1 year,27355,3.65,C,14.06,60,17100,14500.0,13700.0,Fully Paid,18103.65,2023-12-31
LN103419,CU23419,Amanda Rodriguez,2021-11-18,2021-12-03,Central,Plateau,Debt Consolidation,MORTGAGE,< 1 year,46862,5.42,E,20.75,36,23600,23600.0,20500.0,Fully Paid,29811.55,2023-12-31
LN103420,CU23420,Elizabeth Sanchez,2023-07-08,2023-07-16,East,Anambra,Business Expansion,MORTGAGE,2 years,26668,21.95,C,13.04,60,22600,22200.0,19600.0,Charged Off,9114.79,2023-12-31
LN103421,CU23421,Melissa Thompson,2021-09-05,2021-09-24,West,Osun,Home Improvement,OWN,7 years,38596,22.65,D,16.33,36,19000,18200.0,17100.0,Fully Paid,23317.73,2023-12-31
LN103422,CU23422,Mark Hernandez,2021-07-05,2021-07-07,East,Imo,Agriculture,MORTGAGE,9 years,31359,25.88,B,11.36,60,15100,13100.0,13100.0,Fully Paid,16393.04,2023-12-31
LN103423,CU23423,James Young,2022-02-15,2022-02-22,East,Imo,Education,MORTGAGE,8 years,38670,23.52,D,17.42,60,8800,8800.0,8500.0,Fully Paid,10134.25,2023-12-31
LN103424,CU23424,Donald Martinez,2023-01-30,2023-02-11,West,Ogun,Agriculture,OWN,7 years,93917,12.38,D,17.22,36,28100,23500.0,22800.0,Charged Off,4581.11,2023-04-28
LN103425,CU23425,Anthony Hill,2022-01-08,2022-01-21,West,Osun,Home Improvement,OWN,2 years,54293,31.73,D,16.6,60,10300,9600.0,9200.0,Fully Paid,11672.04,2023-12-31
LN103426,CU23426,Mary Lopez,2022-04-05,2022-04-09,West,Oyo,Small Business Startup,RENT,9 years,33731,32.81,B,11.63,36,7500,5700.0,5400.0,Fully Paid,7627.28,2023-12-31
LN103427,CU23427,David Martin,2023-08-27,2023-09-03,North,Kano,Home Improvement,OWN,7 years,15413,4.91,C,12.72,60,1000,1000.0,1000.0,Fully Paid,1298.66,2023-12-31
LN103428,CU23428,Lisa King,2023-04-16,2023-04-30,South,Rivers,Home Improvement,MORTGAGE,4 years,59339,32.07,A,8.05,36,11800,10900.0,10300.0,Fully Paid,13939.88,2023-12-31
LN103429,CU23429,Linda Ramirez,2022-02-12,,West,Ogun,Debt Consolidation,MORTGAGE,6 years,55958,4.1,G,27.7,60,21200,0.0,0.0,Rejected,0.0,
LN103430,CU23430,John Sanchez,2023-01-31,2023-02-11,West,Osun,Business Expansion,RENT,9 years,25255,21.06,A,7.07,36,20000,18600.0,18600.0,Fully Paid,24054.73,2023-12-31
LN103431,CU23431,Melissa Lewis,2022-12-26,2023-01-13,West,Ogun,Medical Expenses,OWN,4 years,55294,25.07,A,6.12,60,13500,11000.0,10600.0,Fully Paid,13983.38,2023-12-31
LN103432,CU23432,Robert Johnson,2022-10-29,2022-11-14,Central,Kogi,Debt Consolidation,MORTGAGE,7 years,62315,17.22,F,22.6,60,2300,2000.0,1900.0,Fully Paid,2553.64,2023-12-31
LN103433,CU23433,Donald Martinez,2021-11-10,2021-11-13,North,Kaduna,Business Expansion,RENT,1 year,42628,5.27,A,6.05,60,6700,6000.0,5700.0,Fully Paid,7720.58,2023-12-31
LN103434,CU23434,Edward Martin,2021-08-28,2021-09-11,Central,Niger,Education,RENT,6 years,54399,33.35,D,15.04,36,10200,9600.0,9100.0,Fully Paid,12447.76,2023-12-31
LN103435,CU23435,Nancy White,2021-07-02,2021-07-17,West,Osun,Debt Consolidation,OWN,10+ years,92156,13.85,B,9.85,60,20500,19900.0,19500.0,Fully Paid,23022.07,2023-12-31
LN103436,CU23436,John Martin,2021-03-11,2021-03-27,East,Imo,Business Expansion,MORTGAGE,8 years,31783,20.44,C,13.76,36,6600,6600.0,6300.0,Charged Off,3544.66,2022-12-01
LN103437,CU23437,Michelle Williams,2022-09-23,2022-10-10,West,Oyo,Home Improvement,MORTGAGE,3 years,81607,23.63,B,10.0,60,14800,14400.0,14400.0,Fully Paid,19095.76,2023-12-31
LN103438,CU23438,Dorothy Sanchez,2023-04-07,2023-04-17,South,Delta,Business Expansion,RENT,7 years,44571,31.04,D,15.42,36,14100,13100.0,12100.0,Fully Paid,16785.88,2023-12-31
LN103439,CU23439,Melissa Miller,2023-12-10,2023-12-20,West,Lagos,Medical Expenses,MORTGAGE,3 years,32587,21.87,A,6.71,36,14500,14100.0,14100.0,Fully Paid,17630.14,2023-12-31
LN103440,CU23440,Sarah Flores,2022-05-23,,West,Osun,Car Purchase,MORTGAGE,9 years,62440,29.1,G,26.14,36,1000,0.0,0.0,Rejected,0.0,
LN103441,CU23441,George Williams,2022-03-10,2022-03-26,East,Imo,Car Purchase,MORTGAGE,8 years,25368,16.15,C,12.05,60,24600,23000.0,21800.0,Fully Paid,29960.96,2023-12-31
LN103442,CU23442,Karen Smith,2021-08-13,2021-08-20,Central,Plateau,Home Improvement,MORTGAGE,7 years,56458,2.26,A,6.15,60,20300,18300.0,18300.0,Current,9596.36,2023-11-24
LN103443,CU23443,Steven Davis,2023-12-29,2024-01-06,West,Osun,Education,MORTGAGE,1 year,52055,25.45,D,15.67,36,10900,9600.0,9600.0,Fully Paid,11651.25,2023-12-31
LN103444,CU23444,Joshua Miller,2023-01-18,2023-01-27,South,Rivers,Small Business Startup,OWN,1 year,39406,34.01,B,10.14,60,5400,4700.0,4700.0,Fully Paid,5477.93,2023-12-31
LN103445,CU23445,Lisa Lewis,2021-11-14,2021-11-29,South,Rivers,Home Improvement,RENT,3 years,31223,4.21,D,16.27,36,12600,12600.0,12600.0,Fully Paid,15122.19,2023-12-31
LN103446,CU23446,Barbara Hernandez,2023-10-18,2023-11-03,Central,Kogi,Business Expansion,MORTGAGE,10+ years,44833,32.0,D,16.75,60,15300,13100.0,13100.0,Fully Paid,13900.9,2023-12-31
LN103447,CU23447,Kenneth Torres,2021-09-03,2021-09-14,Central,Plateau,Medical Expenses,RENT,3 years,26047,3.26,B,10.96,36,12500,11800.0,11800.0,Fully Paid,12722.93,2023-12-31
LN103448,CU23448,John Moore,2021-06-18,2021-06-29,South,Bayelsa,Debt Consolidation,RENT,4 years,39427,19.13,A,7.34,60,25600,22800.0,21500.0,Charged Off,5299.96,2022-02-28
LN103449,CU23449,Lisa Lopez,2022-08-05,2022-08-25,West,Oyo,Education,RENT,10+ years,46691,15.2,F,24.64,36,1000,900.0,800.0,Fully Paid,1056.8,2023-12-31
LN103450,CU23450,Charles White,2021-08-23,2021-09-12,East,Enugu,Business Expansion,OWN,7 years,22065,26.4,C,13.67,60,12400,11900.0,11700.0,Fully Paid,15452.71,2023-12-31
LN103451,CU23451,Mary Hill,2023-06-29,2023-07-05,South,Delta,Small Business Startup,OWN,9 years,61547,8.05,D,16.18,60,32600,27200.0,26700.0,Fully Paid,29976.73,2023-12-31
LN103452,CU23452,Kevin Clark,2022-07-31,2022-08-09,North,Katsina,Medical Expenses,MORTGAGE,10+ years,28968,3.2,C,12.36,60,4600,4300.0,4100.0,Fully Paid,5667.68,2023-12-31
LN103453,CU23453,David Ramirez,2022-12-23,2023-01-03,North,Kano,Medical Expenses,OWN,4 years,47239,17.13,A,6.46,60,2500,2200.0,2100.0,Fully Paid,2677.61,2023-12-31
LN103454,CU23454,Margaret Martinez,2023-12-29,2024-01-10,North,Kano,Business Expansion,RENT,1 year,32339,30.42,C,14.59,60,12900,10700.0,10600.0,Charged Off,1117.58,2023-12-31
LN103455,CU23455,Sarah Rodriguez,2023-09-13,2023-09-30,East,Anambra,Debt Consolidation,RENT,< 1 year,37293,10.57,B,10.1,36,5200,4400.0,4400.0,Fully Paid,5474.34,2023-12-31
LN103456,CU23456,Barbara Smith,2023-08-23,2023-09-02,West,Ogun,Agriculture,OWN,2 years,30619,26.71,B,10.17,36,10900,10600.0,9900.0,Charged Off,4578.98,2023-12-31
LN103457,CU23457,Michelle Wilson,2022-05-24,2022-06-01,West,Lagos,Debt Consolidation,OWN,6 years,60868,15.58,D,16.41,60,14800,11800.0,11100.0,Fully Paid,15499.54,2023-12-31
LN103458,CU23458,Mark Lewis,2022-08-20,2022-09-08,West,Osun,Education,RENT,9 years,125017,19.32,B,10.01,36,15000,14800.0,13800.0,Fully Paid,16840.46,2023-12-31
LN103459,CU23459,Paul Lewis,2021-11-06,2021-11-09,West,Oyo,Home Improvement,MORTGAGE,4 years,45531,5.11,E,19.07,36,11500,10000.0,10000.0,Current,7751.95,2023-11-21
LN103460,CU23460,Ashley Hernandez,2023-10-31,2023-11-11,West,Osun,Education,RENT,9 years,42909,25.79,B,11.89,36,24700,20700.0,20500.0,Fully Paid,25766.13,2023-12-31
LN103461,CU23461,Mark Allen,2021-03-07,2021-03-11,South,Delta,Car Purchase,OWN,1 year,70700,13.88,B,10.19,36,14400,14400.0,13900.0,Fully Paid,17698.49,2023-12-31
LN103462,CU23462,Jessica Martin,2023-12-30,2024-01-03,North,Kano,Medical Expenses,OWN,3 years,32749,14.89,B,9.6,60,22200,20100.0,20100.0,Fully Paid,21740.56,2023-12-31
LN103463,CU23463,Sarah Wright,2022-05-27,2022-06-16,North,Kano,Agriculture,RENT,2 years,62370,31.81,A,7.61,36,11600,10300.0,10000.0,Fully Paid,12448.08,2023-12-31
LN103464,CU23464,Melissa Flores,2021-05-28,2021-06-16,East,Anambra,Business Expansion,OWN,5 years,101088,31.38,C,12.83,36,17100,16400.0,16400.0,Fully Paid,21692.72,2023-12-31
LN103465,CU23465,Ashley Thomas,2022-10-13,2022-10-27,East,Enugu,Debt Consolidation,MORTGAGE,1 year,50283,19.42,B,9.06,60,34900,29000.0,27100.0,Charged Off,8993.47,2023-12-06
LN103466,CU23466,Jessica Harris,2022-08-17,2022-08-23,East,Enugu,Business Expansion,RENT,< 1 year,25314,4.98,D,17.85,60,10200,9200.0,8800.0,Fully Paid,10518.19,2023-12-31
LN103467,CU23467,Ashley Scott,2021-10-24,2021-11-07,Central,Niger,Medical Expenses,RENT,1 year,42359,3.73,D,16.91,36,31800,29900.0,27500.0,Fully Paid,32285.72,2023-12-31
LN103468,CU23468,Deborah Thomas,2023-05-02,2023-05-04,East,Enugu,Home Improvement,OWN,1 year,67209,22.22,A,6.18,60,26800,23300.0,23100.0,Current,3510.43,2023-11-22
LN103469,CU23469,Donna Young,2021-10-06,2021-10-08,North,Katsina,Business Expansion,MORTGAGE,9 years,30938,4.88,C,14.65,36,14900,14200.0,14000.0,Fully Paid,17516.21,2023-12-31
LN103470,CU23470,Daniel Lopez,2023-05-07,2023-05-21,West,Osun,Medical Expenses,RENT,< 1 year,41421,17.82,C,14.94,36,30700,29800.0,29800.0,Fully Paid,38109.43,2023-12-31
LN103471,CU23471,Carol Hernandez,2021-03-27,2021-03-29,North,Sokoto,Debt Consolidation,RENT,3 years,38689,33.39,B,10.41,36,7000,7000.0,7000.0,Fully Paid,9394.69,2023-12-31
LN103472,CU23472,Sarah Gonzalez,2022-02-04,2022-02-05,Central,Abuja FCT,Car Purchase,MORTGAGE,< 1 year,50873,19.5,B,10.81,36,1000,900.0,800.0,Fully Paid,1037.15,2023-12-31
LN103473,CU23473,Melissa Sanchez,2021-03-23,2021-04-08,South,Bayelsa,Home Improvement,RENT,< 1 year,54750,24.76,A,7.9,60,19400,18900.0,18300.0,Fully Paid,24524.59,2023-12-31
LN103474,CU23474,Dorothy Lewis,2021-05-10,2021-05-21,Central,Niger,Car Purchase,OWN,2 years,53345,30.19,B,10.39,36,13900,10900.0,10600.0,Fully Paid,11944.25,2023-12-31
LN103475,CU23475,Susan Lopez,2021-12-24,2022-01-12,South,Bayelsa,Car Purchase,RENT,4 years,43196,14.12,B,9.11,60,17500,17500.0,17500.0,Fully Paid,21923.85,2023-12-31
LN103476,CU23476,Carol Jackson,2022-08-21,2022-08-31,West,Oyo,Agriculture,OWN,10+ years,55232,32.06,C,12.26,60,17400,14000.0,13500.0,Fully Paid,15826.72,2023-12-31
LN103477,CU23477,Patricia Brown,2022-07-07,2022-07-23,West,Ogun,Small Business Startup,RENT,3 years,32339,24.64,D,16.2,36,4800,4400.0,4400.0,Fully Paid,5094.51,2023-12-31
LN103478,CU23478,Dorothy White,2022-11-20,2022-11-22,North,Sokoto,Home Improvement,MORTGAGE,3 years,37126,27.3,C,13.62,60,9600,9000.0,8300.0,Charged Off,4237.58,2023-12-31
LN103479,CU23479,John Flores,2022-01-21,2022-01-24,Central,Abuja FCT,Car Purchase,OWN,7 years,74611,33.16,A,8.37,36,12400,11300.0,10500.0,Fully Paid,14461.35,2023-12-31
LN103480,CU23480,Amanda Allen,2022-01-31,2022-02-14,North,Sokoto,Home Improvement,OWN,3 years,34690,21.25,C,12.33,60,25900,23400.0,23100.0,Fully Paid,26427.79,2023-12-31
LN103481,CU23481,Patricia Garcia,2021-03-05,2021-03-16,East,Abia,Home Improvement,OWN,9 years,24382,25.09,C,14.03,36,15400,13600.0,13500.0,Current,14480.58,2023-12-04
LN103482,CU23482,David Lopez,2022-03-01,2022-03-14,West,Lagos,Home Improvement,OWN,6 years,48572,4.14,G,28.97,36,11200,10800.0,10800.0,Fully Paid,14375.48,2023-12-31
LN103483,CU23483,Linda Harris,2021-04-18,2021-04-21,North,Sokoto,Wedding,MORTGAGE,2 years,38937,2.85,A,6.57,36,19600,15700.0,14600.0,Fully Paid,19740.07,2023-12-31
LN103484,CU23484,Joshua Nguyen,2023-08-11,2023-08-31,East,Imo,Debt Consolidation,MORTGAGE,4 years,67534,34.47,C,12.14,36,28000,28000.0,27600.0,Fully Paid,34210.32,2023-12-31
LN103485,CU23485,Emily Jones,2021-01-12,2021-01-24,Central,Abuja FCT,Personal,RENT,6 years,79345,34.0,C,14.31,36,13000,10900.0,10700.0,Current,11003.01,2023-12-17
LN103486,CU23486,Lisa Hill,2023-08-25,2023-08-29,East,Enugu,Business Expansion,RENT,3 years,93984,10.91,D,16.08,60,22200,21400.0,21400.0,Fully Paid,28538.39,2023-12-31
LN103487,CU23487,Amanda Lopez,2023-09-08,2023-09-22,Central,Plateau,Agriculture,OWN,< 1 year,82731,22.54,B,10.19,60,29100,24900.0,24900.0,Charged Off,6160.92,2023-12-31
LN103488,CU23488,Richard White,2023-06-28,2023-07-10,West,Osun,Personal,RENT,1 year,24276,9.5,F,24.66,36,24200,22000.0,21600.0,Fully Paid,26389.28,2023-12-31
LN103489,CU23489,Elizabeth Rodriguez,2022-12-14,2022-12-31,West,Osun,Home Improvement,OWN,6 years,81003,23.35,B,11.96,60,10600,10600.0,9800.0,Fully Paid,14032.34,2023-12-31
LN103490,CU23490,Amanda King,2023-04-02,2023-04-18,Central,Abuja FCT,Debt Consolidation,MORTGAGE,8 years,34999,29.96,D,17.59,36,13900,13900.0,13400.0,Fully Paid,15917.93,2023-12-31
LN103491,CU23491,Jennifer Jones,2022-06-23,2022-07-05,East,Anambra,Car Purchase,OWN,2 years,35092,6.08,A,6.88,60,7400,6300.0,6300.0,Fully Paid,8441.03,2023-12-31
LN103492,CU23492,Susan Jones,2021-06-02,2021-06-05,South,Bayelsa,Business Expansion,MORTGAGE,7 years,39183,15.61,B,11.69,60,16200,15600.0,15600.0,Fully Paid,20695.23,2023-12-31
LN103493,CU23493,Anthony Sanchez,2022-09-28,2022-10-14,Central,Kogi,Debt Consolidation,RENT,10+ years,56921,19.46,B,9.16,60,16900,15300.0,14000.0,Fully Paid,16087.56,2023-12-31
LN103494,CU23494,James Davis,2023-04-06,2023-04-13,North,Katsina,Debt Consolidation,OWN,7 years,75065,18.03,D,15.09,36,12000,10700.0,10700.0,Fully Paid,11353.03,2023-12-31
LN103495,CU23495,Carol Rodriguez,2023-12-27,2024-01-11,West,Ogun,Debt Consolidation,OWN,1 year,20605,15.4,D,16.99,36,16900,14400.0,14400.0,Current,821.25,2023-12-11
LN103496,CU23496,Donald Nguyen,2023-05-15,2023-05-26,West,Oyo,Wedding,RENT,< 1 year,85786,15.82,C,12.09,36,7600,7400.0,7400.0,Fully Paid,8058.33,2023-12-31
LN103497,CU23497,George Brown,2022-08-19,2022-08-26,West,Ogun,Home Improvement,OWN,1 year,37304,2.58,E,19.68,60,35300,28900.0,27900.0,Fully Paid,36314.29,2023-12-31
LN103498,CU23498,Kevin Jones,2023-08-27,2023-09-01,North,Sokoto,Personal,RENT,4 years,33074,20.05,D,16.98,60,10200,8900.0,8800.0,Fully Paid,11355.23,2023-12-31
LN103499,CU23499,William Anderson,2022-08-25,2022-09-11,North,Katsina,Debt Consolidation,OWN,1 year,25418,24.96,A,8.39,60,15800,14600.0,13600.0,Fully Paid,15570.09,2023-12-31
LN103500,CU20000,Joshua Thompson,2021-11-01,2021-11-14,North,Sokoto,Agriculture,OWN,4 years,64151,13.17,B,11.76,60,4600,4300.0,4000.0,Fully Paid,4598.37,2023-12-31
LN103501,CU20001,Ashley Jackson,2022-10-28,2022-11-06,West,Oyo,Home Improvement,OWN,3 years,31826,4.38,G,26.39,60,8200,7900.0,7600.0,Fully Paid,9040.3,2023-12-31
LN103502,CU20002,John Lee,2021-07-16,2021-07-24,East,Enugu,Debt Consolidation,MORTGAGE,3 years,48165,18.3,B,10.43,36,33500,29200.0,29200.0,Fully Paid,33205.66,2023-12-31
LN103503,CU20003,Melissa Thomas,2023-10-14,2023-10-30,North,Kaduna,Debt Consolidation,MORTGAGE,9 years,28166,27.22,E,21.39,36,7300,6100.0,5700.0,Fully Paid,7460.18,2023-12-31
LN103504,CU20004,Melissa Lee,2021-04-20,,West,Osun,Agriculture,OWN,8 years,37594,25.02,G,29.2,36,14700,0.0,0.0,Rejected,0.0,
LN103505,CU20005,James Moore,2022-07-24,2022-08-01,North,Sokoto,Agriculture,MORTGAGE,4 years,45558,30.52,C,13.47,60,13500,12700.0,12700.0,Fully Paid,16010.13,2023-12-31
LN103506,CU20006,Dorothy Hill,2023-06-04,2023-06-21,West,Ogun,Personal,MORTGAGE,7 years,17872,24.27,B,9.1,60,19200,16200.0,16100.0,Fully Paid,17769.31,2023-12-31
LN103507,CU20007,Lisa Thomas,2022-10-17,2022-11-02,North,Katsina,Home Improvement,OWN,4 years,72277,11.44,F,25.93,36,10400,9100.0,9100.0,Charged Off,5059.31,2023-03-30
LN103508,CU20008,Kimberly Lee,2023-07-06,2023-07-12,Central,Plateau,Home Improvement,RENT,10+ years,28125,7.63,C,12.05,60,15400,15400.0,15100.0,Fully Paid,17683.28,2023-12-31
LN103509,CU20009,Kevin Thompson,2023-09-17,2023-10-02,North,Sokoto,Medical Expenses,MORTGAGE,2 years,44170,22.81,E,20.01,60,14800,14800.0,13500.0,Fully Paid,17274.14,2023-12-31
LN103510,CU20010,Patricia Sanchez,2022-08-13,2022-08-16,South,Delta,Debt Consolidation,OWN,6 years,83647,10.09,D,17.82,36,10300,10300.0,9700.0,Fully Paid,13478.07,2023-12-31
LN103511,CU20011,Brian Harris,2023-11-17,2023-11-30,South,Bayelsa,Debt Consolidation,MORTGAGE,9 years,37817,8.31,G,26.1,36,28400,24800.0,22700.0,Fully Paid,27538.3,2023-12-31
LN103512,CU20012,Linda Martinez,2022-11-12,2022-11-18,North,Katsina,Business Expansion,MORTGAGE,2 years,35273,24.17,C,14.63,36,22400,21700.0,19700.0,Current,8959.31,2023-12-20
LN103513,CU20013,Nancy Harris,2021-10-08,2021-10-25,West,Osun,Debt Consolidation,RENT,< 1 year,26238,14.93,C,14.47,36,18300,17200.0,17200.0,Fully Paid,22925.23,2023-12-31
LN103514,CU20014,Margaret Davis,2023-08-02,2023-08-05,West,Ogun,Education,MORTGAGE,1 year,46669,29.29,D,17.87,60,10100,9900.0,9900.0,Current,738.32,2023-11-30
LN103515,CU20015,Dorothy Young,2022-02-17,2022-02-26,South,Delta,Debt Consolidation,RENT,10+ years,82889,15.92,B,10.48,60,12100,12100.0,11300.0,Current,4958.66,2023-11-18
LN103516,CU20016,Karen Martinez,2022-01-15,2022-01-24,North,Sokoto,Medical Expenses,OWN,7 years,45545,13.58,B,10.78,60,12000,10500.0,10500.0,Current,4417.13,2023-12-02
LN103517,CU20017,Robert Flores,2021-10-21,2021-11-09,Central,Kogi,Debt Consolidation,RENT,< 1 year,39618,32.62,C,14.93,60,4800,4200.0,4200.0,Current,2081.88,2023-12-10
LN103518,CU20018,Joseph Smith,2023-01-06,2023-01-26,Central,Kogi,Business Expansion,MORTGAGE,10+ years,23815,22.76,A,7.64,60,16800,11900.0,11900.0,Fully Paid,15015.9,2023-12-31
LN103519,CU20019,Betty Jackson,2022-03-08,2022-03-16,South,Bayelsa,Debt Consolidation,RENT,9 years,20531,21.68,C,13.04,36,3000,2800.0,2700.0,Fully Paid,3466.54,2023-12-31
LN103520,CU20020,Carol Jones,2021-06-24,2021-07-02,South,Delta,Car Purchase,OWN,5 years,39428,27.0,C,12.31,36,20200,16100.0,14700.0,Fully Paid,17150.0,2023-12-31
LN103521,CU20021,Donald Perez,2021-04-01,2021-04-18,South,Akwa Ibom,Agriculture,OWN,4 years,26338,32.16,B,10.22,60,13600,12000.0,11000.0,Fully Paid,15525.02,2023-12-31
LN103522,CU20022,George Miller,2021-10-13,2021-10-15,South,Delta,Small Business Startup,MORTGAGE,2 years,70402,23.93,B,9.54,36,23700,22100.0,21700.0,Fully Paid,28411.88,2023-12-31
LN103523,CU20023,Edward Lee,2022-09-16,2022-09-24,West,Lagos,Agriculture,OWN,9 years,53581,30.68,A,8.49,36,20400,19800.0,18400.0,Fully Paid,26634.85,2023-12-31
LN103524,CU20024,Emily Lewis,2023-09-10,2023-09-24,Central,Niger,Car Purchase,MORTGAGE,2 years,53900,7.01,B,9.37,36,16500,16500.0,16500.0,Fully Paid,20990.99,2023-12-31
LN103525,CU20025,William Harris,2022-03-05,,North,Kaduna,Debt Consolidation,RENT,1 year,57029,32.6,F,23.49,36,19100,0.0,0.0,Rejected,0.0,
LN103526,CU20026,Robert Lewis,2022-07-07,2022-07-25,Central,Kogi,Personal,MORTGAGE,9 years,118649,23.16,C,13.63,36,26600,26200.0,26200.0,Charged Off,8439.84,2023-06-04
LN103527,CU20027,Dorothy Lewis,2021-07-16,2021-08-04,South,Rivers,Education,OWN,3 years,67638,2.23,B,10.34,60,17000,16400.0,16000.0,Fully Paid,18051.73,2023-12-31
LN103528,CU20028,Lisa Lee,2023-06-20,2023-07-02,East,Enugu,Business Expansion,RENT,< 1 year,63443,7.31,D,15.05,36,9800,8300.0,7500.0,Fully Paid,11063.88,2023-12-31
LN103529,CU20029,William Wilson,2021-09-12,2021-10-01,East,Enugu,Debt Consolidation,MORTGAGE,< 1 year,80113,8.02,A,8.0,36,10100,9100.0,9100.0,Fully Paid,10189.29,2023-12-31
LN103530,CU20030,Patricia Rodriguez,2023-10-05,2023-10-16,Central,Kogi,Agriculture,RENT,9 years,79525,11.42,E,21.9,36,15100,12100.0,11700.0,Fully Paid,15377.85,2023-12-31
LN103531,CU20031,Sandra Jones,2022-08-27,2022-09-03,East,Abia,Wedding,OWN,5 years,34949,10.45,C,14.65,36,33200,32300.0,31500.0,Fully Paid,38239.15,2023-12-31
LN103532,CU20032,Matthew Clark,2021-05-05,2021-05-13,West,Osun,Agriculture,MORTGAGE,10+ years,17216,19.99,A,8.09,36,25600,25300.0,25300.0,Current,24422.05,2023-12-27
LN103533,CU20033,Amanda Ramirez,2022-11-12,2022-11-28,North,Kaduna,Small Business Startup,RENT,3 years,112582,12.67,C,12.08,36,17100,14100.0,12600.0,Fully Paid,15287.6,2023-12-31
LN103534,CU20034,Thomas Brown,2023-10-07,2023-10-14,South,Bayelsa,Education,MORTGAGE,1 year,41723,17.37,E,21.89,36,6000,4600.0,4200.0,Fully Paid,5700.81,2023-12-31
LN103535,CU20035,Mary Clark,2021-04-15,2021-05-02,North,Kano,Business Expansion,OWN,4 years,111294,8.18,E,21.94,60,18500,17500.0,16200.0,Current,10000.88,2023-12-25
LN103536,CU20036,Betty Lopez,2022-09-04,2022-09-20,East,Abia,Debt Consolidation,OWN,4 years,39190,9.06,D,16.29,60,21900,18700.0,18400.0,Fully Paid,21655.64,2023-12-31
LN103537,CU20037,Christopher Brown,2021-10-03,2021-10-11,West,Oyo,Medical Expenses,MORTGAGE,10+ years,27332,32.67,B,10.82,60,6000,5700.0,5000.0,Fully Paid,7549.98,2023-12-31
LN103538,CU20038,Michelle Davis,2023-07-12,,South,Rivers,Personal,OWN,< 1 year,43566,12.54,G,28.49,60,24100,0.0,0.0,Rejected,0.0,
LN103539,CU20039,Emily Hill,2022-10-05,2022-10-24,North,Kano,Business Expansion,MORTGAGE,5 years,27752,23.57,B,9.03,36,24800,21100.0,20600.0,Fully Paid,27233.1,2023-12-31
LN103540,CU20040,Anthony Wright,2022-10-22,2022-11-09,East,Imo,Car Purchase,RENT,5 years,125308,5.83,C,14.85,60,10500,9800.0,9400.0,Fully Paid,12713.65,2023-12-31
LN103541,CU20041,Thomas Jackson,2022-10-07,2022-10-10,South,Rivers,Business Expansion,RENT,< 1 year,62757,16.92,A,8.78,60,22700,20100.0,20100.0,Fully Paid,26659.94,2023-12-31
LN103542,CU20042,Brian Lee,2022-07-29,2022-08-02,West,Osun,Debt Consolidation,OWN,9 years,46685,33.74,C,14.36,36,8000,7900.0,7900.0,Fully Paid,9825.99,2023-12-31
LN103543,CU20043,Christopher Hill,2021-03-14,2021-03-17,Central,Niger,Medical Expenses,OWN,1 year,87451,33.42,E,18.9,60,15500,14300.0,14300.0,Fully Paid,15157.72,2023-12-31
LN103544,CU20044,Kenneth Wright,2023-09-08,2023-09-17,North,Katsina,Agriculture,OWN,9 years,61801,26.2,A,6.22,60,20600,20600.0,19700.0,Fully Paid,23850.79,2023-12-31
LN103545,CU20045,Thomas Smith,2021-03-24,2021-04-02,North,Kaduna,Small Business Startup,RENT,< 1 year,88709,26.83,B,9.07,60,17700,16300.0,16300.0,Fully Paid,18346.89,2023-12-31
LN103546,CU20046,Matthew King,2023-06-22,2023-07-02,South,Akwa Ibom,Car Purchase,RENT,2 years,68611,16.22,D,16.08,36,20600,20600.0,20600.0,Fully Paid,25038.87,2023-12-31
LN103547,CU20047,Elizabeth Jackson,2021-10-03,2021-10-10,West,Osun,Home Improvement,RENT,7 years,164125,10.07,B,10.27,36,18400,18100.0,15200.0,Fully Paid,22787.97,2023-12-31
LN103548,CU20048,Nancy Garcia,2021-12-16,2021-12-28,North,Kaduna,Debt Consolidation,MORTGAGE,1 year,79319,12.46,E,21.17,60,24800,24300.0,24300.0,Current,10679.18,2023-12-28
LN103549,CU20049,Emily Davis,2021-02-16,2021-03-03,East,Imo,Debt Consolidation,RENT,3 years,94959,16.26,B,9.33,36,16000,16000.0,15800.0,Fully Paid,21262.46,2023-12-31
LN103550,CU20050,Deborah Young,2023-06-06,2023-06-19,East,Enugu,Debt Consolidation,MORTGAGE,4 years,34333,12.1,C,13.44,60,19200,19200.0,17300.0,Fully Paid,24874.9,2023-12-31
LN103551,CU20051,Michael Williams,2022-05-22,2022-05-24,South,Delta,Home Improvement,OWN,9 years,67556,16.93,A,7.38,60,16700,16700.0,16700.0,Fully Paid,19074.52,2023-12-31
LN103552,CU20052,Michael Clark,2022-08-23,2022-09-04,Central,Kogi,Home Improvement,RENT,6 years,26938,16.6,B,10.78,60,12000,9900.0,9900.0,Fully Paid,12306.59,2023-12-31
LN103553,CU20053,Edward Lopez,2021-06-22,2021-06-25,East,Imo,Home Improvement,MORTGAGE,8 years,44245,13.06,C,12.68,36,27600,27600.0,27300.0,Fully Paid,35563.94,2023-12-31
LN103554,CU20054,Mark Rodriguez,2023-10-07,2023-10-26,East,Imo,Car Purchase,MORTGAGE,9 years,53174,13.66,B,11.45,36,12000,12000.0,12000.0,Fully Paid,15181.34,2023-12-31
LN103555,CU20055,Jennifer Moore,2021-02-10,2021-02-21,East,Imo,Agriculture,OWN,9 years,32062,26.6,C,13.98,60,23600,21200.0,20000.0,Fully Paid,27754.62,2023-12-31
LN103556,CU20056,Betty Thomas,2022-08-16,2022-09-01,Central,Niger,Education,MORTGAGE,8 years,32658,26.71,D,16.48,36,11300,10300.0,9000.0,Fully Paid,12293.31,2023-12-31
LN103557,CU20057,Kenneth Walker,2023-08-21,2023-08-29,West,Oyo,Education,OWN,7 years,33832,33.23,B,10.59,60,29800,24100.0,21600.0,Fully Paid,26375.15,2023-12-31
LN103558,CU20058,Andrew Miller,2021-09-09,2021-09-19,Central,Plateau,Business Expansion,RENT,2 years,69225,7.69,B,11.54,60,1000,900.0,800.0,Fully Paid,1162.82,2023-12-31
LN103559,CU20059,Margaret Sanchez,2021-09-04,2021-09-17,North,Kaduna,Business Expansion,MORTGAGE,3 years,57545,25.32,A,8.68,36,7900,7600.0,7600.0,Fully Paid,8267.69,2023-12-31
LN103560,CU20060,Kevin Flores,2023-07-08,2023-07-25,South,Rivers,Car Purchase,RENT,9 years,40550,6.55,G,27.98,36,14300,13700.0,12000.0,Fully Paid,16113.09,2023-12-31
LN103561,CU20061,Mark Lee,2021-02-23,2021-03-02,Central,Abuja FCT,Home Improvement,MORTGAGE,5 years,39952,22.31,B,11.54,60,8000,7600.0,7200.0,Fully Paid,9652.8,2023-12-31
LN103562,CU20062,Kevin Clark,2022-09-13,2022-09-17,West,Lagos,Agriculture,RENT,7 years,49851,31.91,A,7.43,60,4900,4600.0,4500.0,Fully Paid,5320.5,2023-12-31
LN103563,CU20063,Sandra Brown,2021-02-07,2021-02-16,South,Akwa Ibom,Home Improvement,MORTGAGE,1 year,54621,4.94,B,10.08,60,7400,6900.0,6400.0,Fully Paid,7319.07,2023-12-31
LN103564,CU20064,Michelle Flores,2023-07-28,2023-08-13,Central,Kogi,Medical Expenses,RENT,2 years,51969,19.75,E,19.48,36,17100,16800.0,15100.0,Fully Paid,22208.53,2023-12-31
LN103565,CU20065,Melissa Scott,2022-11-21,2022-12-04,East,Imo,Debt Consolidation,MORTGAGE,5 years,106246,26.16,B,11.13,60,6600,6500.0,6500.0,Fully Paid,8657.08,2023-12-31
LN103566,CU20066,Anthony Wilson,2022-07-11,2022-07-12,South,Akwa Ibom,Education,OWN,< 1 year,29379,2.03,C,14.13,60,16500,14500.0,12800.0,Fully Paid,19133.46,2023-12-31
LN103567,CU20067,Susan Smith,2023-08-22,2023-09-07,West,Ogun,Debt Consolidation,MORTGAGE,7 years,55156,32.33,A,6.39,36,3600,3000.0,2600.0,Fully Paid,3444.29,2023-12-31
LN103568,CU20068,Emily Young,2021-11-19,2021-11-20,North,Sokoto,Small Business Startup,MORTGAGE,10+ years,72829,18.18,B,11.95,60,26900,21500.0,21300.0,Fully Paid,28542.06,2023-12-31
LN103569,CU20069,Michelle Wright,2023-08-10,2023-08-28,North,Kano,Debt Consolidation,RENT,10+ years,57240,19.12,F,25.5,60,24800,21100.0,19700.0,Current,1597.51,2023-11-23
LN103570,CU20070,Charles Gonzalez,2021-04-26,2021-05-10,East,Enugu,Business Expansion,RENT,9 years,39348,34.78,B,11.49,36,27800,24600.0,22200.0,Fully Paid,29359.11,2023-12-31
LN103571,CU20071,Deborah Robinson,2021-10-13,2021-11-01,Central,Kogi,Debt Consolidation,RENT,7 years,83167,14.27,D,15.32,60,8700,8300.0,8100.0,Fully Paid,10175.18,2023-12-31
LN103572,CU20072,Richard Ramirez,2021-02-14,2021-03-06,Central,Kogi,Small Business Startup,MORTGAGE,7 years,33405,7.51,A,8.41,60,15800,15800.0,15800.0,Fully Paid,16761.0,2023-12-31
LN103573,CU20073,Joshua Jones,2023-09-03,,East,Abia,Wedding,MORTGAGE,< 1 year,40751,13.96,F,23.92,36,14000,0.0,0.0,Rejected,0.0,
LN103574,CU20074,Susan Brown,2021-02-13,2021-03-04,West,Lagos,Wedding,MORTGAGE,1 year,65757,2.33,B,9.59,60,29200,29200.0,27200.0,Charged Off,5964.1,2023-12-12
LN103575,CU20075,Karen Anderson,2021-12-26,2021-12-29,South,Bayelsa,Business Expansion,RENT,9 years,55171,14.73,A,6.84,36,10900,10800.0,9800.0,Fully Paid,13519.68,2023-12-31
LN103576,CU20076,Daniel Flores,2021-08-30,2021-09-13,Central,Abuja FCT,Debt Consolidation,MORTGAGE,2 years,27244,21.21,C,13.72,60,10400,9100.0,8700.0,Fully Paid,9662.63,2023-12-31
LN103577,CU20077,Michael Wright,2021-07-13,2021-07-17,South,Bayelsa,Home Improvement,RENT,6 years,51163,27.83,B,11.74,60,17300,15300.0,14200.0,Fully Paid,19064.68,2023-12-31
LN103578,CU20078,Richard Anderson,2023-01-23,2023-02-11,Central,Abuja FCT,Medical Expenses,MORTGAGE,6 years,33235,30.29,B,11.95,60,22900,22200.0,20600.0,Fully Paid,24754.17,2023-12-31
LN103579,CU20079,Charles Gonzalez,2023-09-14,2023-09-20,Central,Niger,Business Expansion,RENT,10+ years,80523,6.63,B,11.24,60,13900,12100.0,11800.0,Fully Paid,13793.67,2023-12-31
LN103580,CU20080,Donald Walker,2022-10-27,2022-11-11,South,Akwa Ibom,Wedding,OWN,3 years,41897,26.55,E,18.04,36,16400,15400.0,14900.0,Fully Paid,16801.28,2023-12-31
LN103581,CU20081,Jennifer Robinson,2021-06-02,2021-06-14,Central,Niger,Car Purchase,RENT,2 years,32980,2.85,E,19.43,60,19200,17400.0,17400.0,Current,9562.46,2023-11-22
LN103582,CU20082,Joshua Martinez,2023-11-13,2023-11-29,East,Imo,Business Expansion,OWN,7 years,54528,17.28,F,22.57,60,11300,10900.0,10400.0,Fully Paid,12231.74,2023-12-31
LN103583,CU20083,Kevin King,2021-06-12,2021-06-18,Central,Kogi,Education,OWN,8 years,49573,29.66,C,14.9,60,21600,19200.0,17600.0,Fully Paid,22925.53,2023-12-31
LN103584,CU20084,Paul Harris,2021-04-17,2021-05-07,Central,Abuja FCT,Business Expansion,RENT,< 1 year,62982,5.12,B,10.33,36,28300,26800.0,26000.0,Fully Paid,33128.25,2023-12-31
LN103585,CU20085,Matthew Lee,2021-07-25,2021-08-11,South,Akwa Ibom,Agriculture,MORTGAGE,5 years,131250,24.62,B,10.46,36,29300,28500.0,27600.0,Charged Off,3110.06,2021-09-30
LN103586,CU20086,Thomas Jones,2021-07-29,2021-08-06,North,Katsina,Small Business Startup,MORTGAGE,1 year,34635,4.1,C,12.4,60,18400,16700.0,15500.0,Fully Paid,18779.95,2023-12-31
LN103587,CU20087,Barbara Ramirez,2023-12-20,2024-01-01,East,Abia,Home Improvement,OWN,4 years,56823,15.42,E,20.48,36,9400,8900.0,8900.0,Fully Paid,9555.79,2023-12-31
LN103588,CU20088,Lisa Wilson,2021-03-04,2021-03-17,North,Kaduna,Debt Consolidation,OWN,5 years,77067,30.42,E,20.04,60,16200,14700.0,14300.0,Fully Paid,16428.34,2023-12-31
LN103589,CU20089,Jennifer Anderson,2021-04-05,,West,Lagos,Business Expansion,MORTGAGE,1 year,68071,24.3,G,29.95,60,15700,0.0,0.0,Rejected,0.0,
LN103590,CU20090,Sarah Torres,2023-07-13,2023-07-21,South,Rivers,Debt Consolidation,RENT,6 years,106173,28.74,C,14.85,60,8500,7600.0,7600.0,Charged Off,4346.14,2023-12-31
LN103591,CU20091,Susan Robinson,2023-09-13,2023-09-17,South,Delta,Agriculture,MORTGAGE,10+ years,38819,4.89,A,6.13,36,11100,11100.0,11100.0,Fully Paid,14798.82,2023-12-31
LN103592,CU20092,David Clark,2021-11-20,2021-11-21,South,Rivers,Wedding,OWN,10+ years,39814,23.26,A,8.69,36,22700,19500.0,19400.0,Fully Paid,21695.99,2023-12-31
LN103593,CU20093,Nancy Moore,2023-04-06,2023-04-09,Central,Plateau,Home Improvement,OWN,2 years,42906,2.76,E,21.66,60,19300,19300.0,17600.0,Fully Paid,21833.2,2023-12-31
LN103594,CU20094,Paul Williams,2021-06-20,2021-06-22,East,Abia,Business Expansion,OWN,8 years,27124,20.69,B,11.13,36,17700,15900.0,14900.0,Fully Paid,18311.85,2023-12-31
LN103595,CU20095,Christopher Thomas,2022-11-03,,North,Kaduna,Education,MORTGAGE,10+ years,77001,24.94,G,27.63,36,1000,0.0,0.0,Rejected,0.0,
LN103596,CU20096,Donald Sanchez,2022-07-16,2022-07-18,Central,Niger,Small Business Startup,RENT,7 years,54356,17.96,C,13.82,60,27300,25300.0,25200.0,Fully Paid,28513.11,2023-12-31
LN103597,CU20097,Nancy Harris,2023-08-26,2023-09-01,South,Akwa Ibom,Car Purchase,RENT,< 1 year,34957,24.35,E,21.35,36,29300,27100.0,26700.0,Fully Paid,35486.75,2023-12-31
LN103598,CU20098,Patricia Harris,2023-10-22,2023-11-02,Central,Kogi,Wedding,RENT,1 year,91383,19.77,A,8.34,60,20300,17900.0,16900.0,Fully Paid,23519.58,2023-12-31
LN103599,CU20099,Kimberly Hernandez,2021-08-12,2021-08-25,West,Osun,Debt Consolidation,OWN,4 years,59728,31.05,E,20.25,36,2700,2000.0,1900.0,Charged Off,1164.51,2021-10-15
LN103600,CU20100,Robert Torres,2022-12-27,2023-01-12,West,Oyo,Debt Consolidation,RENT,< 1 year,35125,21.48,B,10.67,60,21100,18500.0,16900.0,Fully Paid,21541.86,2023-12-31
LN103601,CU20101,John Taylor,2021-07-07,2021-07-12,East,Imo,Business Expansion,RENT,4 years,42491,2.49,F,24.99,60,15900,13300.0,13300.0,Fully Paid,15934.8,2023-12-31
LN103602,CU20102,Mary King,2022-12-11,2022-12-19,Central,Abuja FCT,Home Improvement,OWN,1 year,47774,12.87,B,9.99,36,11600,10600.0,9700.0,Fully Paid,12757.52,2023-12-31
LN103603,CU20103,Deborah Lopez,2023-06-29,2023-07-13,West,Oyo,Small Business Startup,OWN,4 years,41170,27.44,A,6.43,36,14600,14600.0,14600.0,Fully Paid,18243.94,2023-12-31
LN103604,CU20104,Charles Martinez,2023-02-22,2023-02-24,North,Katsina,Business Expansion,MORTGAGE,8 years,47696,24.94,C,12.24,36,4000,3500.0,3300.0,Fully Paid,3756.7,2023-12-31
LN103605,CU20105,Joseph Ramirez,2021-11-12,2021-11-25,East,Abia,Business Expansion,MORTGAGE,3 years,56117,31.46,C,13.79,60,8000,6900.0,6800.0,Fully Paid,7461.88,2023-12-31
LN103606,CU20106,Christopher Taylor,2021-06-21,2021-07-05,North,Katsina,Debt Consolidation,RENT,< 1 year,65895,24.24,B,9.09,60,30300,30300.0,29900.0,Charged Off,13450.35,2023-12-31
LN103607,CU20107,Daniel Davis,2021-01-12,2021-01-29,Central,Abuja FCT,Home Improvement,RENT,7 years,36293,11.3,D,16.66,36,21100,16900.0,16900.0,Fully Paid,19609.36,2023-12-16
LN103608,CU20108,Margaret Miller,2023-09-17,2023-09-22,Central,Plateau,Debt Consolidation,RENT,< 1 year,27509,14.19,A,7.3,60,36100,36100.0,36100.0,Fully Paid,44447.54,2023-12-31
LN103609,CU20109,Barbara Scott,2021-08-29,2021-09-02,South,Akwa Ibom,Home Improvement,RENT,3 years,32874,18.28,D,15.03,36,22700,17100.0,17100.0,Fully Paid,20276.2,2023-12-31
LN103610,CU20110,Melissa White,2022-03-31,2022-04-09,Central,Plateau,Agriculture,OWN,6 years,25357,20.67,C,14.86,60,13900,13000.0,13000.0,Fully Paid,13862.1,2023-12-31
LN103611,CU20111,Carol Torres,2021-04-03,2021-04-13,North,Kano,Agriculture,RENT,9 years,37235,24.48,A,7.75,60,28000,26700.0,23500.0,Fully Paid,33065.68,2023-12-31
LN103612,CU20112,Betty Nguyen,2021-07-05,2021-07-18,Central,Abuja FCT,Education,OWN,10+ years,51683,4.68,D,17.32,60,34000,31700.0,30600.0,Fully Paid,33863.48,2023-12-31
LN103613,CU20113,Anthony Miller,2021-11-01,2021-11-04,North,Kaduna,Education,RENT,7 years,51343,14.38,A,8.47,36,7300,7300.0,7200.0,Fully Paid,9581.24,2023-12-31
LN103614,CU20114,Amanda Brown,2023-07-27,,West,Ogun,Small Business Startup,OWN,3 years,30637,31.32,G,29.61,60,10500,0.0,0.0,Rejected,0.0,
LN103615,CU20115,Michelle Thompson,2022-10-14,2022-10-17,Central,Abuja FCT,Debt Consolidation,OWN,6 years,78144,9.65,B,10.31,60,17800,15900.0,14000.0,Fully Paid,18666.68,2023-12-31
LN103616,CU20116,Betty Thompson,2022-01-30,,Central,Plateau,Home Improvement,RENT,< 1 year,18742,17.68,G,26.53,60,3000,0.0,0.0,Rejected,0.0,
LN103617,CU20117,Jessica Harris,2022-01-21,2022-02-01,Central,Plateau,Education,OWN,< 1 year,36549,2.09,B,10.86,36,8100,8100.0,8000.0,Fully Paid,9378.8,2023-12-31
LN103618,CU20118,Emily Johnson,2021-02-07,2021-02-14,West,Oyo,Wedding,MORTGAGE,7 years,40450,24.05,B,10.68,60,22400,19900.0,18200.0,Fully Paid,26303.88,2023-12-31
LN103619,CU20119,Emily Young,2022-08-12,2022-08-26,North,Kano,Debt Consolidation,OWN,< 1 year,61883,25.04,D,17.95,36,30400,29500.0,28000.0,Fully Paid,35753.23,2023-12-31
LN103620,CU20120,Charles Thomas,2021-02-25,2021-03-08,Central,Niger,Debt Consolidation,OWN,4 years,24801,25.16,B,10.29,36,23900,23900.0,21700.0,Fully Paid,30218.46,2023-12-31
LN103621,CU20121,Amanda Wright,2021-03-20,2021-04-05,Central,Plateau,Business Expansion,RENT,4 years,80003,26.75,F,24.26,36,1800,1800.0,1700.0,Fully Paid,2320.27,2023-12-31
LN103622,CU20122,Charles Robinson,2022-10-07,2022-10-16,Central,Abuja FCT,Home Improvement,MORTGAGE,8 years,20577,32.78,D,17.46,36,16400,16400.0,15900.0,Fully Paid,17842.32,2023-12-31
LN103623,CU20123,Kimberly Torres,2023-07-22,2023-07-23,North,Kano,Small Business Startup,RENT,4 years,31379,6.93,C,13.1,36,16800,16500.0,16400.0,Fully Paid,21126.31,2023-12-31
LN103624,CU20124,Kenneth Brown,2023-10-03,2023-10-21,North,Sokoto,Car Purchase,RENT,4 years,40239,34.66,E,19.93,36,15500,15100.0,13300.0,Current,899.88,2023-12-30
LN103625,CU20125,Matthew Hernandez,2023-10-24,2023-11-04,Central,Niger,Medical Expenses,RENT,< 1 year,43868,27.72,B,10.33,60,16300,14300.0,13000.0,Fully Paid,15071.4,2023-12-31
LN103626,CU20126,William Wright,2022-10-17,2022-10-23,East,Enugu,Small Business Startup,RENT,< 1 year,50460,32.82,E,18.47,60,18000,15700.0,14500.0,Current,3707.63,2023-12-03
LN103627,CU20127,Emily Allen,2021-01-28,2021-02-14,West,Oyo,Education,MORTGAGE,5 years,36038,6.23,C,12.37,36,20700,18900.0,18900.0,Fully Paid,20342.79,2023-12-31
LN103628,CU20128,Daniel Garcia,2021-09-18,2021-09-27,East,Enugu,Car Purchase,OWN,< 1 year,107496,33.84,A,7.48,36,12800,12700.0,12400.0,Fully Paid,14758.73,2023-12-31
LN103629,CU20129,Margaret Nguyen,2022-03-19,2022-04-01,Central,Niger,Education,OWN,7 years,61048,33.32,C,13.22,36,7500,6400.0,5800.0,Fully Paid,8435.12,2023-12-31
LN103630,CU20130,Thomas Lewis,2022-02-20,2022-02-26,South,Bayelsa,Debt Consolidation,OWN,9 years,30915,10.49,E,21.74,60,8600,8600.0,8200.0,Fully Paid,10585.04,2023-12-31
LN103631,CU20131,Patricia White,2023-04-23,2023-04-27,West,Ogun,Home Improvement,OWN,7 years,106143,3.43,B,9.24,60,9700,8000.0,8000.0,Fully Paid,8892.44,2023-12-31
LN103632,CU20132,Karen Flores,2022-10-03,2022-10-16,North,Kano,Home Improvement,MORTGAGE,1 year,28178,18.64,C,13.7,60,9300,9300.0,9300.0,Fully Paid,12191.28,2023-12-31
LN103633,CU20133,Karen Wilson,2022-02-04,2022-02-24,West,Oyo,Debt Consolidation,OWN,10+ years,107500,3.52,C,12.92,60,14400,12900.0,12000.0,Fully Paid,14628.4,2023-12-31
LN103634,CU20134,Anthony Scott,2021-03-06,2021-03-16,North,Sokoto,Education,MORTGAGE,9 years,48746,26.04,A,6.96,36,1000,900.0,800.0,Fully Paid,1007.83,2023-12-31
LN103635,CU20135,Michael Wright,2023-04-22,2023-04-27,West,Osun,Debt Consolidation,OWN,3 years,60796,11.23,D,17.93,36,5100,5100.0,5100.0,Current,1181.14,2023-12-18
LN103636,CU20136,Jessica Anderson,2021-08-01,2021-08-12,Central,Niger,Business Expansion,MORTGAGE,9 years,34232,26.08,E,19.55,36,23400,21800.0,21800.0,Charged Off,10096.48,2023-07-17
LN103637,CU20137,Elizabeth Young,2021-01-12,2021-01-25,North,Sokoto,Debt Consolidation,OWN,4 years,63805,23.36,C,12.74,60,1000,1000.0,900.0,Fully Paid,1140.96,2023-12-31
LN103638,CU20138,Ashley Martinez,2021-11-25,2021-12-09,West,Lagos,Debt Consolidation,RENT,5 years,56720,15.47,C,13.43,60,11100,10400.0,9400.0,Fully Paid,12490.81,2023-12-31
LN103639,CU20139,Susan Young,2023-12-13,2024-01-01,South,Rivers,Education,OWN,3 years,39967,3.22,B,9.57,36,14300,12200.0,11600.0,Fully Paid,13151.73,2023-12-31
LN103640,CU20140,Donna Wright,2023-08-09,2023-08-21,South,Akwa Ibom,Debt Consolidation,RENT,< 1 year,64791,30.23,D,16.89,60,12500,11800.0,11500.0,Charged Off,5265.14,2023-12-31
LN103641,CU20141,William Miller,2022-01-21,2022-02-07,North,Katsina,Car Purchase,RENT,7 years,73999,8.77,G,28.11,36,13800,12000.0,10800.0,Fully Paid,12844.88,2023-12-31
LN103642,CU20142,Paul Torres,2021-01-29,2021-02-04,West,Lagos,Car Purchase,RENT,6 years,30760,20.89,B,11.56,36,22900,21700.0,19000.0,Fully Paid,23090.64,2023-12-05
LN103643,CU20143,David White,2023-02-12,2023-03-02,South,Akwa Ibom,Debt Consolidation,RENT,8 years,28583,9.11,D,17.79,60,18700,14800.0,13100.0,Fully Paid,18548.61,2023-12-31
LN103644,CU20144,William Hernandez,2023-07-24,2023-07-26,East,Enugu,Car Purchase,MORTGAGE,7 years,57822,3.44,E,18.03,36,29100,26100.0,25400.0,Fully Paid,31564.08,2023-12-31
LN103645,CU20145,Emily Smith,2022-06-14,2022-06-23,Central,Kogi,Debt Consolidation,RENT,8 years,116519,7.27,A,8.96,36,22300,18400.0,17400.0,Fully Paid,22267.59,2023-12-31
LN103646,CU20146,Thomas Clark,2023-07-27,2023-08-02,East,Abia,Education,MORTGAGE,10+ years,61588,29.38,D,15.41,36,5100,4900.0,4900.0,Charged Off,662.1,2023-12-31
LN103647,CU20147,Brian Johnson,2023-04-30,2023-05-10,West,Osun,Car Purchase,RENT,< 1 year,50439,33.18,A,6.96,60,13800,13200.0,11600.0,Fully Paid,13956.21,2023-12-31
LN103648,CU20148,George Scott,2023-07-01,2023-07-09,North,Kano,Car Purchase,MORTGAGE,2 years,59455,24.29,D,17.77,60,13800,13200.0,12200.0,Fully Paid,14361.82,2023-12-31
LN103649,CU20149,Kimberly King,2022-08-12,2022-08-28,West,Lagos,Agriculture,OWN,5 years,39217,28.21,B,11.36,60,22800,20000.0,19300.0,Fully Paid,24819.62,2023-12-31
LN103650,CU20150,Kenneth Lewis,2022-08-05,2022-08-18,South,Rivers,Car Purchase,OWN,1 year,122419,26.22,F,25.36,60,14500,11400.0,11200.0,Fully Paid,12893.74,2023-12-31
LN103651,CU20151,Joshua Moore,2022-02-07,2022-02-22,East,Anambra,Personal,OWN,7 years,26374,14.75,A,8.93,36,7300,7100.0,6800.0,Fully Paid,9174.34,2023-12-31
LN103652,CU20152,Dorothy Flores,2023-06-10,2023-06-25,West,Osun,Agriculture,OWN,< 1 year,70228,12.27,C,13.58,36,1000,800.0,700.0,Fully Paid,1011.6,2023-12-31
LN103653,CU20153,Thomas Smith,2023-06-25,2023-06-30,North,Sokoto,Debt Consolidation,RENT,4 years,26038,25.51,B,10.22,60,27300,24800.0,24800.0,Current,2708.58,2023-11-30
LN103654,CU20154,Steven Lee,2021-09-14,2021-09-19,West,Oyo,Debt Consolidation,RENT,5 years,35577,14.42,A,7.99,60,18600,17900.0,15200.0,Fully Paid,21814.1,2023-12-31
LN103655,CU20155,Betty Robinson,2021-04-23,2021-05-09,South,Delta,Education,RENT,2 years,43917,4.97,A,6.41,60,12400,10300.0,10000.0,Fully Paid,10949.94,2023-12-31
LN103656,CU20156,Mary Miller,2021-08-02,2021-08-20,East,Imo,Car Purchase,OWN,8 years,17626,33.38,C,12.49,36,15400,12800.0,11400.0,Fully Paid,15504.18,2023-12-31
LN103657,CU20157,Jessica Flores,2023-12-11,2023-12-25,South,Delta,Car Purchase,RENT,2 years,74774,26.78,F,22.62,60,20900,17900.0,17500.0,Fully Paid,22766.87,2023-12-31
LN103658,CU20158,Andrew Clark,2021-05-04,2021-05-13,West,Lagos,Education,OWN,5 years,95519,28.96,D,16.2,60,23700,20700.0,20700.0,Fully Paid,22056.71,2023-12-31
LN103659,CU20159,Karen Gonzalez,2022-09-18,2022-09-26,West,Lagos,Car Purchase,MORTGAGE,2 years,52605,31.99,A,7.23,60,8200,7600.0,7600.0,Fully Paid,7989.27,2023-12-31
LN103660,CU20160,John Brown,2023-05-27,2023-06-15,North,Kano,Debt Consolidation,RENT,4 years,60222,10.0,B,11.57,36,9600,9000.0,8700.0,Fully Paid,9653.77,2023-12-31
LN103661,CU20161,John Torres,2021-04-07,2021-04-26,North,Kaduna,Car Purchase,MORTGAGE,1 year,43023,11.34,E,19.72,60,6700,6000.0,5200.0,Fully Paid,6856.03,2023-12-31
LN103662,CU20162,Karen Thomas,2021-07-16,2021-07-21,North,Kaduna,Debt Consolidation,RENT,8 years,81651,26.07,D,17.61,60,14600,11100.0,11100.0,Fully Paid,14549.38,2023-12-31
LN103663,CU20163,Karen Hernandez,2022-01-06,2022-01-13,North,Sokoto,Debt Consolidation,MORTGAGE,2 years,66944,21.61,D,16.02,60,15800,14900.0,14700.0,Charged Off,7254.28,2023-03-25
LN103664,CU20164,David Miller,2023-02-04,2023-02-19,West,Osun,Wedding,RENT,9 years,40144,27.24,B,11.66,36,7600,7500.0,7300.0,Charged Off,2745.8,2023-12-31
LN103665,CU20165,Betty Jones,2021-07-10,2021-07-15,North,Katsina,Education,OWN,10+ years,49005,13.14,D,17.74,36,20400,19200.0,18300.0,Fully Paid,25634.72,2023-12-31
LN103666,CU20166,Sarah Lopez,2023-05-12,2023-05-26,South,Bayelsa,Debt Consolidation,RENT,3 years,28532,19.83,C,12.93,60,14000,14000.0,13700.0,Fully Paid,18553.98,2023-12-31
LN103667,CU20167,Carol Thompson,2022-01-30,2022-02-02,North,Sokoto,Home Improvement,RENT,7 years,34726,7.42,D,17.67,60,24300,22400.0,22400.0,Charged Off,6846.0,2023-01-19
LN103668,CU20168,Steven White,2022-01-29,2022-02-09,Central,Kogi,Debt Consolidation,MORTGAGE,8 years,49176,28.22,F,24.15,60,11500,11500.0,10900.0,Fully Paid,14280.64,2023-12-31
LN103669,CU20169,Ashley Lee,2021-05-02,2021-05-08,Central,Niger,Wedding,RENT,1 year,52177,8.16,E,20.69,60,20200,20200.0,20100.0,Fully Paid,27054.44,2023-12-31
LN103670,CU20170,David Anderson,2023-03-29,2023-04-03,North,Kaduna,Debt Consolidation,RENT,3 years,60721,17.94,C,12.06,36,14100,13200.0,12700.0,Fully Paid,15820.23,2023-12-31
LN103671,CU20171,Sarah Jackson,2022-04-12,2022-04-24,East,Anambra,Debt Consolidation,MORTGAGE,2 years,64115,22.34,D,16.78,60,1000,900.0,900.0,Fully Paid,1086.83,2023-12-31
LN103672,CU20172,Ashley Jackson,2023-08-26,2023-09-04,North,Sokoto,Business Expansion,RENT,2 years,31450,15.44,C,12.79,60,1000,800.0,800.0,Fully Paid,955.4,2023-12-31
LN103673,CU20173,Melissa Allen,2021-07-30,2021-07-31,South,Akwa Ibom,Debt Consolidation,MORTGAGE,< 1 year,40287,15.86,A,7.23,36,11200,11200.0,11200.0,Charged Off,4324.91,2023-03-25
LN103674,CU20174,Charles Jackson,2022-05-23,2022-05-27,South,Delta,Debt Consolidation,OWN,6 years,28753,7.33,E,20.54,36,14100,14100.0,14100.0,Current,7583.04,2023-12-09
LN103675,CU20175,Steven Thompson,2021-04-14,2021-04-15,Central,Plateau,Debt Consolidation,OWN,4 years,96539,5.69,B,10.55,36,30100,25800.0,25800.0,Fully Paid,29905.25,2023-12-31
LN103676,CU20176,Andrew Torres,2023-12-19,2024-01-01,North,Sokoto,Business Expansion,MORTGAGE,4 years,47088,16.5,A,6.69,60,19000,17400.0,15800.0,Fully Paid,18880.62,2023-12-31
LN103677,CU20177,Deborah Anderson,2022-06-28,2022-06-29,East,Anambra,Car Purchase,RENT,< 1 year,51644,3.79,B,11.15,60,8800,8500.0,8200.0,Fully Paid,8976.27,2023-12-31
LN103678,CU20178,Dorothy Wilson,2022-11-05,2022-11-20,North,Kano,Small Business Startup,MORTGAGE,10+ years,19343,34.89,C,12.88,60,18900,18700.0,18500.0,Fully Paid,24029.98,2023-12-31
LN103679,CU20179,Sarah Lee,2023-08-26,2023-08-29,Central,Abuja FCT,Debt Consolidation,OWN,1 year,71575,11.72,B,9.47,36,13800,11900.0,11900.0,Fully Paid,15330.11,2023-12-31
LN103680,CU20180,Betty Martin,2023-11-13,2023-12-01,South,Rivers,Business Expansion,OWN,5 years,56419,10.06,F,23.02,60,23700,21000.0,20200.0,Fully Paid,23419.68,2023-12-31
LN103681,CU20181,Kenneth Robinson,2021-04-30,2021-05-01,North,Katsina,Small Business Startup,RENT,< 1 year,73654,9.95,F,23.78,60,22500,21800.0,20700.0,Fully Paid,28989.48,2023-12-31
LN103682,CU20182,Kevin Wilson,2023-04-09,2023-04-14,South,Bayelsa,Debt Consolidation,OWN,4 years,91496,16.97,D,17.14,36,13100,11500.0,10900.0,Fully Paid,13637.86,2023-12-31
LN103683,CU20183,Deborah Young,2022-06-07,2022-06-22,Central,Abuja FCT,Car Purchase,MORTGAGE,7 years,44564,20.14,C,12.12,36,1000,800.0,700.0,Fully Paid,964.11,2023-12-31
LN103684,CU20184,Kevin Perez,2023-06-10,2023-06-27,South,Delta,Education,OWN,6 years,24648,14.99,A,7.7,36,3000,2500.0,2500.0,Fully Paid,2832.83,2023-12-31
LN103685,CU20185,Carol Nguyen,2023-11-05,2023-11-22,Central,Niger,Agriculture,RENT,7 years,83988,10.25,F,25.89,36,12100,10300.0,9400.0,Current,577.46,2023-11-23
LN103686,CU20186,Mary Miller,2021-08-03,2021-08-09,West,Oyo,Business Expansion,RENT,9 years,23260,25.43,B,11.17,60,1000,800.0,800.0,Fully Paid,908.17,2023-12-31
LN103687,CU20187,Paul Young,2022-11-10,2022-11-13,North,Sokoto,Agriculture,MORTGAGE,3 years,48130,34.54,A,6.58,36,12000,12000.0,11600.0,Fully Paid,14205.49,2023-12-31
LN103688,CU20188,Deborah Anderson,2022-09-04,2022-09-24,North,Kano,Debt Consolidation,RENT,5 years,41545,21.24,C,14.69,36,13100,12600.0,12600.0,Fully Paid,16062.88,2023-12-31
LN103689,CU20189,Sandra Harris,2021-10-19,2021-10-25,East,Enugu,Agriculture,OWN,< 1 year,33851,11.63,B,11.41,36,17600,16900.0,16900.0,Fully Paid,19895.44,2023-12-31
LN103690,CU20190,Michelle Torres,2021-04-26,2021-05-07,East,Abia,Car Purchase,OWN,5 years,37121,30.92,B,9.36,36,32600,22000.0,21000.0,Fully Paid,29023.33,2023-12-31
LN103691,CU20191,Dorothy Clark,2021-01-06,2021-01-26,South,Rivers,Agriculture,RENT,3 years,40013,8.12,B,11.66,60,23800,22300.0,20700.0,Fully Paid,28299.93,2023-12-31
LN103692,CU20192,Kenneth Torres,2022-08-11,2022-08-24,South,Bayelsa,Medical Expenses,MORTGAGE,6 years,45819,22.76,A,8.32,36,13800,12300.0,10700.0,Fully Paid,15410.64,2023-12-31
LN103693,CU20193,Christopher Gonzalez,2022-12-14,2023-01-01,North,Kaduna,Medical Expenses,OWN,10+ years,77429,16.67,A,6.78,36,23100,20400.0,20400.0,Fully Paid,26678.58,2023-12-31
LN103694,CU20194,Mark Lee,2021-07-18,2021-07-22,West,Ogun,Debt Consolidation,RENT,10+ years,44013,17.36,B,9.9,60,31400,29300.0,28200.0,Fully Paid,35726.83,2023-12-31
LN103695,CU20195,Sarah Lee,2021-12-27,,Central,Plateau,Education,MORTGAGE,4 years,52525,26.55,F,24.68,60,1000,0.0,0.0,Rejected,0.0,
LN103696,CU20196,James Torres,2023-07-04,2023-07-12,South,Bayelsa,Car Purchase,MORTGAGE,1 year,36844,9.71,C,14.53,60,1000,1000.0,1000.0,Fully Paid,1174.21,2023-12-31
LN103697,CU20197,James Lewis,2021-08-13,2021-08-14,North,Sokoto,Car Purchase,MORTGAGE,2 years,20382,5.38,E,19.4,36,9100,8200.0,8200.0,Fully Paid,8830.53,2023-12-31
LN103698,CU20198,Margaret Lewis,2023-09-04,2023-09-16,South,Rivers,Business Expansion,RENT,9 years,62512,5.89,B,9.32,60,20900,17800.0,16600.0,Fully Paid,23769.75,2023-12-31
LN103699,CU20199,Michelle Clark,2023-02-10,2023-02-19,West,Osun,Debt Consolidation,OWN,1 year,42573,24.08,C,14.16,36,9700,8800.0,8100.0,Fully Paid,11866.29,2023-12-31
LN103700,CU20200,Jennifer Smith,2023-02-01,2023-02-16,South,Bayelsa,Debt Consolidation,RENT,7 years,28247,4.45,B,10.14,60,21000,20600.0,20400.0,Fully Paid,26846.89,2023-12-31
LN103701,CU20201,Deborah Sanchez,2022-01-30,2022-02-15,East,Abia,Debt Consolidation,MORTGAGE,2 years,68912,34.02,C,13.76,60,7600,6300.0,5600.0,Fully Paid,6772.98,2023-12-31
LN103702,CU20202,Nancy Smith,2021-02-13,2021-03-05,West,Oyo,Wedding,MORTGAGE,2 years,23406,7.21,A,6.72,36,23800,22200.0,21400.0,Fully Paid,29245.39,2023-12-31
LN103703,CU20203,Edward Lopez,2023-09-21,2023-10-04,North,Sokoto,Home Improvement,MORTGAGE,< 1 year,22064,20.4,B,11.59,36,8600,7500.0,7200.0,Fully Paid,8627.43,2023-12-31
LN103704,CU20204,Sandra Anderson,2022-02-22,2022-03-10,North,Sokoto,Car Purchase,RENT,2 years,64258,16.36,B,10.63,36,21200,19500.0,19500.0,Fully Paid,20886.27,2023-12-31
LN103705,CU20205,Anthony Martinez,2021-05-08,2021-05-10,Central,Niger,Education,MORTGAGE,10+ years,58273,17.71,E,19.51,60,7800,7800.0,7800.0,Fully Paid,10199.16,2023-12-31
LN103706,CU20206,Margaret Sanchez,2021-04-22,2021-04-24,North,Katsina,Agriculture,OWN,6 years,73899,15.47,E,21.39,60,17800,15000.0,14700.0,Fully Paid,16013.72,2023-12-31
LN103707,CU20207,Linda Robinson,2023-06-27,2023-07-17,Central,Plateau,Debt Consolidation,MORTGAGE,6 years,73744,30.35,D,17.02,36,28100,28100.0,28100.0,Fully Paid,31908.35,2023-12-31
LN103708,CU20208,John Torres,2021-04-10,2021-04-13,Central,Plateau,Small Business Startup,MORTGAGE,7 years,32803,28.13,D,15.81,60,7100,6700.0,6700.0,Fully Paid,7335.64,2023-12-31
LN103709,CU20209,Steven Anderson,2023-11-25,2023-12-04,North,Katsina,Home Improvement,RENT,7 years,30600,23.61,C,13.36,36,20500,18700.0,17300.0,Fully Paid,22189.06,2023-12-31
LN103710,CU20210,Betty King,2021-12-29,2022-01-06,West,Osun,Home Improvement,RENT,4 years,59748,24.25,E,21.68,36,3200,3200.0,2800.0,Charged Off,1566.95,2022-03-13
LN103711,CU20211,Andrew Lewis,2022-06-12,2022-06-13,North,Sokoto,Debt Consolidation,RENT,5 years,36728,5.48,C,13.77,60,1000,900.0,900.0,Current,310.27,2023-12-18
LN103712,CU20212,Matthew Lewis,2021-05-15,2021-05-24,South,Rivers,Debt Consolidation,RENT,6 years,81945,12.35,B,10.34,36,27100,23600.0,23600.0,Charged Off,4240.69,2022-12-22
LN103713,CU20213,Barbara Jackson,2021-09-01,2021-09-12,West,Oyo,Debt Consolidation,MORTGAGE,3 years,32284,30.0,C,13.35,60,27400,26400.0,26400.0,Charged Off,6316.93,2022-09-20
LN103714,CU20214,Kevin Wilson,2023-04-17,2023-04-25,North,Sokoto,Debt Consolidation,MORTGAGE,3 years,45766,29.91,A,7.41,36,10400,9300.0,9300.0,Current,2269.3,2023-11-22
LN103715,CU20215,Robert White,2022-05-10,2022-05-19,North,Kaduna,Medical Expenses,RENT,9 years,37685,32.23,C,14.41,36,8100,7200.0,6700.0,Fully Paid,8843.35,2023-12-31
LN103716,CU20216,Margaret Martin,2021-05-03,2021-05-14,East,Imo,Small Business Startup,RENT,10+ years,48039,22.35,A,8.42,36,23700,18500.0,18500.0,Current,18320.55,2023-11-22
LN103717,CU20217,Thomas Martinez,2021-05-29,2021-05-30,West,Lagos,Personal,MORTGAGE,10+ years,53237,24.8,A,6.48,36,15200,12800.0,12100.0,Fully Paid,16680.54,2023-12-31
LN103718,CU20218,Carol Brown,2022-08-20,2022-09-02,West,Lagos,Business Expansion,RENT,1 year,32941,30.59,D,16.29,60,21100,20700.0,20700.0,Charged Off,7005.99,2023-12-31
LN103719,CU20219,Carol Martinez,2021-12-01,2021-12-03,Central,Kogi,Business Expansion,OWN,6 years,75664,33.66,B,11.67,60,5700,5300.0,5200.0,Fully Paid,5612.38,2023-12-31
LN103720,CU20220,Kimberly Thompson,2022-07-28,2022-08-13,Central,Niger,Small Business Startup,MORTGAGE,< 1 year,76747,9.94,C,12.76,60,17300,17300.0,17200.0,Fully Paid,21224.03,2023-12-31
LN103721,CU20221,Christopher Walker,2021-01-14,2021-01-26,South,Akwa Ibom,Debt Consolidation,OWN,3 years,26339,8.54,A,6.18,36,8500,7600.0,7600.0,Current,8071.65,2023-12-05
LN103722,CU20222,Jennifer Lewis,2021-12-31,2022-01-15,East,Abia,Car Purchase,OWN,10+ years,74300,33.45,C,12.93,60,22500,19400.0,19400.0,Fully Paid,24125.46,2023-12-31
LN103723,CU20223,Michelle Moore,2023-11-03,2023-11-23,Central,Kogi,Debt Consolidation,OWN,2 years,40620,18.51,D,17.99,36,9100,8500.0,8500.0,Fully Paid,9136.01,2023-12-31
LN103724,CU20224,Betty Anderson,2021-10-02,2021-10-18,South,Akwa Ibom,Home Improvement,OWN,7 years,74395,16.45,D,17.76,60,12500,9000.0,8200.0,Charged Off,2373.18,2023-08-05
LN103725,CU20225,Carol Hernandez,2022-04-26,2022-05-05,West,Ogun,Agriculture,MORTGAGE,10+ years,42953,25.3,F,24.97,60,1000,1000.0,1000.0,Current,347.25,2023-11-27
LN103726,CU20226,Barbara Garcia,2021-08-29,2021-09-14,South,Rivers,Education,OWN,5 years,33723,8.16,B,10.94,60,15200,15100.0,15000.0,Fully Paid,17107.38,2023-12-31
LN103727,CU20227,Carol White,2023-01-13,2023-01-29,North,Kano,Home Improvement,RENT,3 years,52321,34.01,C,12.47,36,12500,12500.0,12500.0,Fully Paid,15015.9,2023-12-31
LN103728,CU20228,Michelle Young,2023-08-06,2023-08-14,South,Rivers,Home Improvement,RENT,2 years,36977,5.25,E,21.26,36,19500,17400.0,16600.0,Current,2001.4,2023-11-17
LN103729,CU20229,Elizabeth Miller,2023-09-16,2023-09-22,South,Akwa Ibom,Education,MORTGAGE,6 years,67985,28.66,E,19.3,60,11100,11100.0,10700.0,Fully Paid,13289.47,2023-12-31
LN103730,CU20230,Joseph White,2023-05-11,2023-05-22,North,Kaduna,Home Improvement,MORTGAGE,4 years,40872,14.86,A,8.57,60,25600,25200.0,24700.0,Fully Paid,26794.9,2023-12-31
LN103731,CU20231,Karen King,2021-03-27,2021-04-02,South,Akwa Ibom,Debt Consolidation,RENT,10+ years,49706,18.11,A,7.62,60,26900,21600.0,20600.0,Fully Paid,24930.5,2023-12-31
LN103732,CU20232,Melissa Lopez,2023-07-15,2023-07-27,Central,Niger,Debt Consolidation,OWN,6 years,48095,6.95,C,14.63,36,9200,8300.0,7900.0,Fully Paid,11084.85,2023-12-31
LN103733,CU20233,Susan Harris,2023-01-23,2023-02-06,North,Kaduna,Business Expansion,RENT,8 years,40606,12.25,A,6.4,36,8200,7800.0,7500.0,Current,2232.6,2023-11-16
LN103734,CU20234,Kevin Garcia,2023-02-04,2023-02-09,West,Osun,Medical Expenses,OWN,1 year,44418,33.8,E,18.34,36,21000,19600.0,18600.0,Fully Paid,23221.51,2023-12-31
LN103735,CU20235,Deborah Wilson,2022-08-08,2022-08-26,East,Enugu,Home Improvement,RENT,7 years,28160,26.32,A,8.77,60,14700,14100.0,13500.0,Fully Paid,17662.98,2023-12-31
LN103736,CU20236,Melissa Young,2023-06-20,2023-07-07,North,Kano,Car Purchase,MORTGAGE,9 years,22948,19.69,B,10.61,36,4900,4100.0,4100.0,Charged Off,2068.02,2023-12-31
LN103737,CU20237,Jessica Allen,2021-12-27,2022-01-16,South,Rivers,Wedding,MORTGAGE,2 years,48384,25.18,D,16.96,36,7000,5600.0,5500.0,Fully Paid,7270.44,2023-12-31
LN103738,CU20238,Brian White,2023-03-08,2023-03-19,South,Bayelsa,Business Expansion,RENT,4 years,66135,6.4,A,7.0,36,13300,12900.0,12400.0,Fully Paid,14143.64,2023-12-31
LN103739,CU20239,Elizabeth Smith,2022-07-29,2022-08-17,Central,Niger,Home Improvement,RENT,4 years,77789,17.76,C,14.03,36,35500,31900.0,31900.0,Fully Paid,40517.44,2023-12-31
LN103740,CU20240,Susan King,2021-06-03,2021-06-05,North,Katsina,Medical Expenses,MORTGAGE,10+ years,15538,27.78,A,8.65,60,32100,30700.0,30300.0,Fully Paid,36218.53,2023-12-31
LN103741,CU20241,Dorothy Gonzalez,2022-11-28,2022-12-15,Central,Kogi,Business Expansion,OWN,< 1 year,70843,5.39,E,21.8,36,5200,5200.0,4900.0,Fully Paid,6421.51,2023-12-31
LN103742,CU20242,Matthew Martinez,2021-01-31,2021-02-16,Central,Plateau,Business Expansion,RENT,2 years,26474,34.81,A,7.45,60,23000,21900.0,20900.0,Fully Paid,23690.17,2023-12-31
LN103743,CU20243,Jessica Clark,2023-01-08,2023-01-14,South,Rivers,Business Expansion,RENT,9 years,170068,5.95,F,23.33,60,30200,26100.0,25300.0,Fully Paid,27675.62,2023-12-31
LN103744,CU20244,Matthew Flores,2021-10-15,2021-11-02,East,Enugu,Education,OWN,5 years,38245,3.24,D,15.5,36,15000,14400.0,13300.0,Fully Paid,18401.89,2023-12-31
LN103745,CU20245,Matthew Johnson,2021-07-07,2021-07-14,Central,Abuja FCT,Business Expansion,OWN,7 years,50350,31.85,C,12.3,36,1000,800.0,700.0,Fully Paid,846.16,2023-12-31
LN103746,CU20246,Anthony Allen,2023-11-02,2023-11-09,North,Sokoto,Personal,RENT,4 years,32977,14.83,D,17.35,60,14700,13100.0,13100.0,Fully Paid,15672.74,2023-12-31
LN103747,CU20247,Linda Gonzalez,2023-10-10,2023-10-13,South,Bayelsa,Home Improvement,RENT,6 years,21603,6.85,B,9.64,36,17700,16700.0,16400.0,Fully Paid,17915.37,2023-12-31
LN103748,CU20248,Steven Brown,2023-11-16,2023-12-05,East,Anambra,Education,RENT,3 years,60386,20.74,E,18.19,60,12400,12100.0,11700.0,Fully Paid,13900.9,2023-12-31
LN103749,CU20249,Matthew Allen,2021-08-29,2021-09-01,East,Anambra,Medical Expenses,MORTGAGE,1 year,34308,25.72,E,20.22,36,23600,19300.0,19200.0,Fully Paid,25176.24,2023-12-31
LN103750,CU20250,Sarah Robinson,2022-04-13,2022-04-25,South,Rivers,Agriculture,OWN,1 year,85217,26.74,B,9.48,60,16700,16700.0,14500.0,Fully Paid,19743.23,2023-12-31
LN103751,CU20251,James Wilson,2022-03-12,2022-03-27,North,Kano,Debt Consolidation,OWN,2 years,66410,20.12,B,9.22,36,30400,28000.0,26900.0,Fully Paid,29542.48,2023-12-31
LN103752,CU20252,Amanda Thomas,2022-10-07,2022-10-25,South,Bayelsa,Business Expansion,MORTGAGE,8 years,63475,5.16,C,13.65,36,6800,6600.0,6000.0,Fully Paid,8537.58,2023-12-31
LN103753,CU20253,Anthony Wilson,2021-08-27,2021-09-02,North,Sokoto,Business Expansion,RENT,5 years,42744,3.88,A,6.39,60,23100,20200.0,20000.0,Fully Paid,21751.95,2023-12-31
LN103754,CU20254,Andrew Miller,2022-04-07,2022-04-22,North,Sokoto,Personal,OWN,< 1 year,42595,26.09,E,18.07,36,26400,24600.0,24600.0,Fully Paid,32021.17,2023-12-31
LN103755,CU20255,Christopher Jones,2021-12-14,2021-12-17,South,Bayelsa,Debt Consolidation,OWN,3 years,22062,32.04,A,7.63,36,22100,22100.0,21400.0,Fully Paid,26180.43,2023-12-31
LN103756,CU20256,Barbara Johnson,2022-10-01,2022-10-14,Central,Abuja FCT,Business Expansion,OWN,1 year,44472,14.63,D,17.6,60,19900,17600.0,17400.0,Fully Paid,18914.89,2023-12-31
LN103757,CU20257,Jessica Sanchez,2023-10-12,2023-10-24,North,Katsina,Business Expansion,OWN,7 years,37787,22.75,A,6.47,60,33100,33100.0,33100.0,Current,1832.0,2023-11-26
LN103758,CU20258,James Ramirez,2022-04-14,2022-04-27,South,Akwa Ibom,Education,OWN,3 years,39027,34.57,C,13.09,36,16900,14500.0,14300.0,Fully Paid,17057.28,2023-12-31
LN103759,CU20259,Robert Williams,2023-02-13,2023-02-16,East,Imo,Business Expansion,OWN,7 years,48128,22.81,E,18.98,60,2200,2200.0,2100.0,Fully Paid,2935.42,2023-12-31
LN103760,CU20260,Susan Anderson,2023-03-22,2023-04-01,South,Rivers,Car Purchase,RENT,3 years,76847,11.91,D,15.17,36,23000,20200.0,20200.0,Fully Paid,24105.22,2023-12-31
LN103761,CU20261,Kenneth Gonzalez,2023-04-30,2023-05-08,East,Abia,Agriculture,RENT,3 years,29098,15.46,D,15.71,36,20300,17900.0,16700.0,Fully Paid,20004.8,2023-12-31
LN103762,CU20262,Lisa Walker,2022-03-30,2022-03-31,East,Anambra,Home Improvement,MORTGAGE,1 year,53934,26.31,C,13.76,36,14500,12900.0,12100.0,Charged Off,4854.4,2022-08-12
LN103763,CU20263,Betty Martinez,2023-01-09,2023-01-26,West,Osun,Home Improvement,OWN,1 year,45932,24.13,D,17.14,60,4400,4300.0,3700.0,Fully Paid,4671.45,2023-12-31
LN103764,CU20264,Lisa Smith,2022-06-08,2022-06-25,North,Kano,Business Expansion,MORTGAGE,5 years,26284,27.59,D,17.6,60,14000,12100.0,11300.0,Fully Paid,15341.47,2023-12-31
LN103765,CU20265,Charles Harris,2021-05-01,2021-05-06,East,Anambra,Car Purchase,OWN,8 years,24044,7.57,A,6.32,36,8900,8900.0,8000.0,Fully Paid,9350.85,2023-12-31
LN103766,CU20266,Daniel Miller,2023-04-12,2023-04-28,Central,Abuja FCT,Wedding,MORTGAGE,< 1 year,45361,13.31,B,11.53,36,11700,11700.0,10000.0,Fully Paid,12398.53,2023-12-31
LN103767,CU20267,Linda Nguyen,2023-08-04,2023-08-13,South,Bayelsa,Personal,RENT,10+ years,40023,22.2,F,23.42,36,15900,14000.0,14000.0,Fully Paid,18418.67,2023-12-31
LN103768,CU20268,David Martinez,2022-02-06,2022-02-20,Central,Kogi,Small Business Startup,MORTGAGE,9 years,41650,17.2,B,11.02,60,4600,4200.0,4200.0,Fully Paid,5346.78,2023-12-31
LN103769,CU20269,Emily Young,2021-10-19,2021-10-22,South,Rivers,Debt Consolidation,OWN,4 years,39336,20.57,D,17.54,60,11900,11900.0,11100.0,Fully Paid,15452.41,2023-12-31
LN103770,CU20270,Carol Perez,2023-09-27,2023-10-02,South,Akwa Ibom,Business Expansion,RENT,4 years,56747,34.12,B,9.27,60,14200,10700.0,10700.0,Fully Paid,13516.33,2023-12-31
LN103771,CU20271,Donald Davis,2022-08-29,2022-09-10,Central,Plateau,Wedding,RENT,3 years,47920,7.2,A,6.19,60,3700,3600.0,3400.0,Fully Paid,4163.54,2023-12-31
LN103772,CU20272,Patricia Brown,2023-05-24,2023-05-31,South,Rivers,Agriculture,MORTGAGE,9 years,108871,10.59,A,7.05,60,9200,8300.0,7700.0,Fully Paid,9772.57,2023-12-31
LN103773,CU20273,Thomas Rodriguez,2022-06-05,2022-06-25,West,Ogun,Small Business Startup,OWN,6 years,29298,7.88,F,24.52,36,14100,12400.0,12200.0,Charged Off,4468.39,2023-01-04
LN103774,CU20274,Thomas Lee,2022-06-25,2022-06-27,North,Kaduna,Medical Expenses,MORTGAGE,6 years,37626,27.71,B,11.0,60,14600,12100.0,12100.0,Current,3737.87,2023-12-31
LN103775,CU20275,Mark Jackson,2021-05-02,2021-05-08,North,Katsina,Medical Expenses,RENT,< 1 year,40390,18.02,B,9.5,60,32800,32800.0,30800.0,Fully Paid,43375.37,2023-12-31
LN103776,CU20276,Kevin Garcia,2021-07-11,2021-07-29,South,Akwa Ibom,Home Improvement,RENT,6 years,22123,8.44,D,15.56,36,22900,21700.0,20100.0,Charged Off,8419.57,2022-06-30
LN103777,CU20277,Robert Young,2021-03-06,2021-03-26,East,Imo,Personal,OWN,6 years,53767,21.5,A,6.74,60,21300,19300.0,18800.0,Charged Off,9373.62,2022-10-26
LN103778,CU20278,Emily Hernandez,2023-07-02,2023-07-22,Central,Abuja FCT,Home Improvement,OWN,9 years,91146,7.3,A,6.61,60,2500,2300.0,2300.0,Fully Paid,2486.29,2023-12-31
LN103779,CU20279,Edward Wright,2022-12-26,2023-01-08,South,Bayelsa,Personal,RENT,1 year,37581,17.3,D,15.41,36,11800,11400.0,11200.0,Fully Paid,12920.0,2023-12-31
LN103780,CU20280,Donald Harris,2022-12-30,2023-01-17,East,Abia,Home Improvement,RENT,2 years,31738,3.69,C,12.99,36,18600,15200.0,15200.0,Fully Paid,17569.64,2023-12-31
LN103781,CU20281,Carol Jones,2021-11-14,2021-12-01,East,Anambra,Home Improvement,RENT,7 years,64201,22.73,E,21.53,36,28100,28100.0,27400.0,Fully Paid,29574.84,2023-12-31
LN103782,CU20282,Daniel Perez,2022-05-04,2022-05-15,North,Sokoto,Home Improvement,MORTGAGE,10+ years,49688,26.25,A,8.57,60,16300,13400.0,12700.0,Current,4399.99,2023-11-18
LN103783,CU20283,George Wright,2021-08-30,2021-09-11,West,Oyo,Small Business Startup,MORTGAGE,1 year,27700,26.29,D,17.58,36,7500,7400.0,6700.0,Current,6494.78,2023-11-23
LN103784,CU20284,Deborah Williams,2021-01-31,2021-02-18,East,Anambra,Agriculture,RENT,7 years,65418,19.07,D,15.66,36,37100,35700.0,35700.0,Fully Paid,38053.51,2023-12-30
LN103785,CU20285,Kimberly Jackson,2023-06-02,2023-06-21,North,Kaduna,Agriculture,MORTGAGE,7 years,77158,9.67,C,13.39,60,17800,15000.0,14000.0,Current,1654.94,2023-12-27
LN103786,CU20286,Donna Davis,2021-01-27,2021-02-16,North,Sokoto,Home Improvement,RENT,1 year,35338,21.47,B,10.74,36,17400,16800.0,16000.0,Fully Paid,20084.58,2023-12-05
LN103787,CU20287,Edward Martin,2021-02-20,2021-03-02,East,Imo,Medical Expenses,RENT,9 years,84139,26.38,B,11.83,36,10400,9800.0,9200.0,Fully Paid,11626.52,2023-12-31
LN103788,CU20288,Donald Wilson,2022-05-19,2022-06-02,Central,Kogi,Wedding,OWN,10+ years,75888,10.72,C,12.95,60,11800,10300.0,9700.0,Fully Paid,12694.6,2023-12-31
LN103789,CU20289,Sandra Flores,2022-01-04,2022-01-11,South,Bayelsa,Medical Expenses,MORTGAGE,6 years,109945,28.89,C,12.68,60,23700,22200.0,20700.0,Current,8847.6,2023-12-17
LN103790,CU20290,Ashley Williams,2021-03-24,2021-03-28,South,Rivers,Debt Consolidation,RENT,6 years,52619,18.06,D,16.22,60,11500,10600.0,8900.0,Fully Paid,11974.48,2023-12-31
LN103791,CU20291,Joseph Martin,2023-07-08,2023-07-13,South,Rivers,Wedding,RENT,8 years,47951,34.08,C,13.96,36,24900,24900.0,24900.0,Fully Paid,31972.89,2023-12-31
LN103792,CU20292,Matthew Scott,2021-03-10,2021-03-26,North,Katsina,Car Purchase,RENT,10+ years,45189,27.01,C,12.26,36,5400,5200.0,4600.0,Fully Paid,5709.82,2023-12-31
LN103793,CU20293,Barbara Thomas,2023-06-24,2023-07-12,West,Ogun,Debt Consolidation,RENT,10+ years,36511,4.13,B,9.65,36,19000,19000.0,18900.0,Charged Off,3969.62,2023-10-27
LN103794,CU20294,Kimberly Taylor,2021-06-03,2021-06-07,South,Akwa Ibom,Medical Expenses,OWN,5 years,39257,14.41,B,11.58,60,17200,17200.0,17100.0,Fully Paid,21928.0,2023-12-31
LN103795,CU20295,Anthony Davis,2022-08-11,2022-08-12,North,Kaduna,Agriculture,RENT,6 years,50320,22.92,A,8.78,36,13600,12100.0,12100.0,Fully Paid,13631.88,2023-12-31
LN103796,CU20296,Donald Anderson,2021-09-05,2021-09-15,East,Imo,Home Improvement,RENT,5 years,105203,4.95,B,11.8,60,25300,19800.0,19200.0,Fully Paid,26357.23,2023-12-31
LN103797,CU20297,Robert Miller,2021-12-27,2021-12-28,West,Oyo,Home Improvement,RENT,6 years,70344,32.17,C,12.69,36,15900,15000.0,13800.0,Fully Paid,18662.05,2023-12-31
LN103798,CU20298,Joshua Moore,2021-04-03,2021-04-19,South,Delta,Debt Consolidation,OWN,4 years,64613,22.2,A,7.64,60,11500,10600.0,10600.0,Fully Paid,14295.38,2023-12-31
LN103799,CU20299,Betty White,2023-11-30,2023-12-03,West,Lagos,Small Business Startup,MORTGAGE,< 1 year,39493,6.44,F,25.56,60,5300,5300.0,5000.0,Fully Paid,6552.11,2023-12-31
LN103800,CU20300,Kevin Rodriguez,2023-04-04,2023-04-18,East,Imo,Medical Expenses,MORTGAGE,2 years,53679,3.01,A,7.67,36,5200,4600.0,4600.0,Current,1053.69,2023-11-17
LN103801,CU20301,Matthew Williams,2022-03-22,2022-03-25,Central,Plateau,Car Purchase,RENT,3 years,37914,22.06,A,6.23,36,4800,4700.0,4500.0,Fully Paid,5202.88,2023-12-31
LN103802,CU20302,William Martinez,2023-12-02,2023-12-10,Central,Niger,Debt Consolidation,MORTGAGE,< 1 year,55547,30.29,A,6.92,36,19700,19700.0,19700.0,Charged Off,10816.28,2023-12-31
LN103803,CU20303,Melissa Anderson,2021-06-15,2021-07-04,East,Enugu,Debt Consolidation,RENT,4 years,75092,10.49,C,13.47,60,11000,10100.0,9900.0,Current,5411.54,2023-11-26
LN103804,CU20304,Brian Clark,2022-02-21,2022-03-09,Central,Abuja FCT,Debt Consolidation,OWN,7 years,35382,27.92,D,16.95,36,20200,17900.0,17600.0,Fully Paid,22988.7,2023-12-31
LN103805,CU20305,Emily Jones,2022-03-02,2022-03-04,East,Imo,Education,MORTGAGE,9 years,84509,18.36,F,22.74,36,13300,13100.0,13100.0,Fully Paid,14102.3,2023-12-31
LN103806,CU20306,Ashley Jones,2022-05-04,2022-05-21,West,Lagos,Business Expansion,OWN,8 years,92337,32.55,B,9.93,60,1000,900.0,900.0,Fully Paid,948.6,2023-12-31
LN103807,CU20307,Ashley Martin,2023-08-25,2023-09-11,Central,Abuja FCT,Personal,OWN,6 years,49014,22.44,B,11.74,60,13900,12200.0,11600.0,Fully Paid,12823.91,2023-12-31
LN103808,CU20308,Mary Thomas,2023-05-05,2023-05-20,Central,Abuja FCT,Small Business Startup,RENT,8 years,89029,28.47,A,6.22,36,13200,9600.0,9100.0,Fully Paid,10717.61,2023-12-31
LN103809,CU20309,Paul Perez,2021-04-29,2021-05-14,Central,Niger,Business Expansion,MORTGAGE,2 years,27492,7.71,F,25.86,36,22700,16900.0,15100.0,Fully Paid,20365.65,2023-12-31
LN103810,CU20310,Margaret Torres,2022-10-11,2022-10-19,East,Anambra,Wedding,OWN,6 years,65735,20.49,A,7.77,36,5100,4900.0,4900.0,Fully Paid,6286.14,2023-12-31
LN103811,CU20311,Mark Hernandez,2021-07-23,2021-07-31,East,Abia,Medical Expenses,MORTGAGE,1 year,55312,14.6,C,13.02,36,19500,17600.0,16800.0,Fully Paid,22796.92,2023-12-31
LN103812,CU20312,Ashley Scott,2022-07-27,2022-08-05,North,Kaduna,Personal,RENT,7 years,28290,21.6,A,6.11,36,16000,13200.0,13200.0,Fully Paid,14166.74,2023-12-31
LN103813,CU20313,Emily Smith,2023-06-16,,East,Imo,Car Purchase,OWN,2 years,22810,20.92,G,26.15,36,16500,0.0,0.0,Rejected,0.0,
LN103814,CU20314,Edward Clark,2023-07-04,2023-07-11,South,Akwa Ibom,Car Purchase,RENT,8 years,65894,22.21,C,12.99,36,8300,8300.0,8300.0,Fully Paid,10070.9,2023-12-31
LN103815,CU20315,Margaret Jones,2021-09-24,2021-10-08,West,Ogun,Home Improvement,RENT,7 years,45949,34.17,B,11.91,36,1000,1000.0,1000.0,Fully Paid,1106.47,2023-12-31
LN103816,CU20316,Dorothy Perez,2023-04-15,2023-04-29,North,Kano,Debt Consolidation,MORTGAGE,9 years,67885,15.91,D,17.58,36,10400,9100.0,9100.0,Fully Paid,10850.43,2023-12-31
LN103817,CU20317,Brian Clark,2022-03-26,2022-04-03,Central,Kogi,Home Improvement,RENT,6 years,34346,6.74,F,25.73,36,17600,14000.0,13000.0,Fully Paid,18204.07,2023-12-31
LN103818,CU20318,Anthony Garcia,2022-12-26,2023-01-11,Central,Kogi,Agriculture,OWN,5 years,74536,8.85,A,7.45,60,17700,16200.0,15100.0,Fully Paid,18770.25,2023-12-31
LN103819,CU20319,Brian Flores,2023-11-01,2023-11-16,East,Imo,Education,OWN,6 years,25632,5.71,F,22.29,36,1000,1000.0,900.0,Fully Paid,1212.4,2023-12-31
LN103820,CU20320,David Gonzalez,2021-03-18,2021-03-19,Central,Plateau,Car Purchase,RENT,2 years,40383,4.11,E,19.07,60,16100,16100.0,16100.0,Current,9960.91,2023-12-07
LN103821,CU20321,Ashley Brown,2023-09-09,2023-09-22,South,Rivers,Education,MORTGAGE,2 years,70973,18.03,E,20.47,36,15700,15700.0,15700.0,Fully Paid,19891.67,2023-12-31
LN103822,CU20322,Mark Clark,2022-08-21,2022-08-31,South,Delta,Debt Consolidation,OWN,3 years,44527,25.97,C,14.5,36,19400,15300.0,14600.0,Current,7060.57,2023-11-21
LN103823,CU20323,David Ramirez,2023-11-16,2023-11-17,Central,Abuja FCT,Small Business Startup,MORTGAGE,6 years,35893,24.16,B,9.96,36,5400,4900.0,4600.0,Fully Paid,6286.75,2023-12-31
LN103824,CU20324,Michelle Nguyen,2023-10-13,2023-10-16,West,Lagos,Debt Consolidation,MORTGAGE,8 years,35188,27.38,B,9.62,36,1400,1300.0,1300.0,Fully Paid,1607.77,2023-12-31
LN103825,CU20325,David Walker,2022-01-07,2022-01-19,East,Imo,Small Business Startup,RENT,< 1 year,23723,20.02,B,9.2,60,2600,2500.0,2400.0,Fully Paid,2898.67,2023-12-31
LN103826,CU20326,Karen King,2021-11-01,2021-11-02,West,Ogun,Debt Consolidation,MORTGAGE,1 year,94525,28.34,C,14.92,60,19200,18900.0,18600.0,Fully Paid,22080.65,2023-12-31
LN103827,CU20327,Nancy Lee,2023-12-08,2023-12-12,West,Ogun,Wedding,MORTGAGE,10+ years,50001,6.28,A,8.29,60,9100,8300.0,8000.0,Current,440.19,2023-12-30
LN103828,CU20328,Melissa Ramirez,2023-04-16,2023-04-19,West,Lagos,Business Expansion,MORTGAGE,1 year,21008,8.4,C,13.98,36,20100,19400.0,19400.0,Fully Paid,22732.19,2023-12-31
LN103829,CU20329,Brian Hernandez,2023-02-07,2023-02-24,East,Imo,Wedding,RENT,9 years,35373,5.32,C,13.39,36,26800,23900.0,21300.0,Current,6850.92,2023-11-17
LN103830,CU20330,Matthew Flores,2023-07-28,2023-08-10,West,Oyo,Medical Expenses,RENT,5 years,33655,25.28,B,9.79,36,21700,20400.0,19200.0,Fully Paid,23062.13,2023-12-31
LN103831,CU20331,Anthony Johnson,2022-04-28,2022-05-18,East,Anambra,Car Purchase,MORTGAGE,8 years,25436,7.69,F,22.63,60,7300,5700.0,5400.0,Fully Paid,7613.95,2023-12-31
LN103832,CU20332,Betty Harris,2023-11-19,2023-11-29,North,Kaduna,Debt Consolidation,RENT,5 years,70040,5.33,B,10.55,36,6400,6300.0,6200.0,Current,345.21,2023-12-19
LN103833,CU20333,Anthony Anderson,2022-06-17,2022-06-21,East,Abia,Education,RENT,1 year,48025,28.06,A,6.41,60,13300,13300.0,13200.0,Fully Paid,17475.54,2023-12-31
LN103834,CU20334,Mark Flores,2021-11-20,2021-12-10,North,Kano,Home Improvement,MORTGAGE,9 years,26073,28.65,B,9.62,36,14100,14100.0,14100.0,Fully Paid,16036.86,2023-12-31
LN103835,CU20335,Robert Hernandez,2022-07-17,2022-08-06,North,Kano,Car Purchase,MORTGAGE,5 years,28258,14.62,C,12.99,60,22100,20600.0,19200.0,Fully Paid,21818.83,2023-12-31
LN103836,CU20336,Donald Lopez,2023-03-05,2023-03-07,East,Abia,Education,MORTGAGE,7 years,23592,25.7,C,12.39,36,22300,21400.0,18300.0,Fully Paid,23816.53,2023-12-31
LN103837,CU20337,Daniel Lewis,2023-06-25,2023-06-29,Central,Niger,Debt Consolidation,MORTGAGE,1 year,41225,10.36,B,10.94,60,21800,20200.0,17700.0,Fully Paid,21528.79,2023-12-31
LN103838,CU20338,Jessica Sanchez,2023-09-17,2023-09-22,West,Osun,Business Expansion,RENT,7 years,56237,23.84,D,16.82,36,32000,31400.0,31400.0,Fully Paid,34219.09,2023-12-31
LN103839,CU20339,Joshua Harris,2023-08-17,2023-08-28,West,Ogun,Debt Consolidation,OWN,9 years,30073,2.4,B,10.27,60,10800,9500.0,8300.0,Fully Paid,11635.47,2023-12-31
LN103840,CU20340,William Johnson,2022-11-17,2022-12-05,Central,Kogi,Medical Expenses,RENT,10+ years,63834,13.7,D,15.07,36,9200,7200.0,7200.0,Fully Paid,9468.15,2023-12-31
LN103841,CU20341,Karen Wilson,2023-02-12,2023-02-16,Central,Niger,Business Expansion,MORTGAGE,7 years,78658,15.93,B,10.21,60,30400,27700.0,27300.0,Fully Paid,32314.71,2023-12-31
LN103842,CU20342,Sarah Wright,2023-11-03,2023-11-20,Central,Plateau,Personal,MORTGAGE,9 years,59638,9.34,A,7.17,36,2500,2300.0,2200.0,Fully Paid,2772.57,2023-12-31
LN103843,CU20343,Andrew Garcia,2022-05-06,2022-05-26,East,Enugu,Home Improvement,RENT,9 years,64748,6.27,B,9.11,60,22100,18900.0,17000.0,Charged Off,4549.72,2023-12-31
LN103844,CU20344,Thomas Robinson,2023-07-28,2023-08-06,East,Anambra,Agriculture,OWN,7 years,53161,11.53,B,9.41,60,24000,21300.0,19500.0,Fully Paid,23327.09,2023-12-31
LN103845,CU20345,Anthony Jones,2022-06-02,2022-06-11,North,Sokoto,Debt Consolidation,RENT,10+ years,28360,21.14,E,18.65,60,8800,8500.0,8500.0,Fully Paid,10088.75,2023-12-31
LN103846,CU20346,Michelle Thomas,2022-06-02,2022-06-20,Central,Abuja FCT,Business Expansion,RENT,< 1 year,38641,29.93,A,6.72,36,32700,30300.0,30300.0,Fully Paid,32096.7,2023-12-31
LN103847,CU20347,Anthony King,2021-02-08,2021-02-24,Central,Abuja FCT,Debt Consolidation,MORTGAGE,10+ years,49354,8.76,E,20.59,60,1000,800.0,800.0,Fully Paid,1053.76,2023-12-31
LN103848,CU20348,Daniel Johnson,2022-03-18,2022-03-31,North,Kano,Agriculture,MORTGAGE,10+ years,30188,20.76,B,9.52,60,20800,15400.0,15400.0,Fully Paid,18257.55,2023-12-31
LN103849,CU20349,Donald Martin,2021-07-08,2021-07-14,West,Ogun,Business Expansion,RENT,7 years,89040,6.14,B,9.2,60,6900,6800.0,6800.0,Fully Paid,8631.48,2023-12-31
LN103850,CU20350,Edward King,2023-04-07,2023-04-14,West,Lagos,Debt Consolidation,OWN,3 years,31852,6.19,D,17.3,60,17500,15600.0,15000.0,Fully Paid,16938.7,2023-12-31
LN103851,CU20351,Richard Martinez,2022-09-13,2022-09-14,West,Ogun,Agriculture,MORTGAGE,9 years,29995,18.14,C,13.55,60,15800,13400.0,13400.0,Fully Paid,15687.65,2023-12-31
LN103852,CU20352,Sarah Torres,2021-03-04,2021-03-12,West,Osun,Small Business Startup,RENT,3 years,60963,11.32,D,16.18,60,6600,6200.0,5700.0,Fully Paid,8306.4,2023-12-31
LN103853,CU20353,Nancy Jackson,2021-08-12,2021-08-30,North,Kano,Agriculture,MORTGAGE,7 years,52578,9.2,A,7.14,36,7500,7200.0,7000.0,Fully Paid,9391.34,2023-12-31
LN103854,CU20354,Barbara King,2022-06-06,2022-06-25,Central,Niger,Agriculture,MORTGAGE,2 years,31128,29.02,D,16.6,36,19400,19400.0,18500.0,Current,9727.32,2023-12-16
LN103855,CU20355,Matthew Lee,2022-12-28,2023-01-17,North,Sokoto,Business Expansion,RENT,8 years,60117,4.61,B,10.28,60,2100,2000.0,1800.0,Charged Off,1127.39,2023-12-31
LN103856,CU20356,Susan Gonzalez,2021-09-30,2021-10-11,North,Sokoto,Debt Consolidation,RENT,< 1 year,35494,21.49,D,17.85,36,13300,12800.0,12800.0,Fully Paid,14695.89,2023-12-31
LN103857,CU20357,Sarah Martinez,2023-11-26,2023-12-12,West,Osun,Business Expansion,RENT,1 year,42051,18.54,A,7.95,36,15600,15200.0,13900.0,Fully Paid,20142.36,2023-12-31
LN103858,CU20358,Andrew Gonzalez,2022-05-05,,South,Delta,Car Purchase,RENT,6 years,27515,34.15,F,25.75,60,20300,0.0,0.0,Rejected,0.0,
LN103859,CU20359,Elizabeth Johnson,2022-06-10,2022-06-13,North,Sokoto,Medical Expenses,RENT,7 years,36907,29.12,B,10.18,60,18400,14300.0,14300.0,Fully Paid,18559.76,2023-12-31
LN103860,CU20360,Barbara Torres,2023-04-29,2023-05-17,East,Enugu,Personal,RENT,1 year,38119,32.58,C,12.04,36,10100,7600.0,7400.0,Fully Paid,9430.8,2023-12-31
LN103861,CU20361,Ashley Thomas,2023-01-25,2023-02-06,South,Bayelsa,Personal,OWN,3 years,102945,17.43,D,15.77,60,13900,12400.0,12100.0,Fully Paid,16358.67,2023-12-31
LN103862,CU20362,Margaret Jones,2022-03-28,2022-04-12,South,Rivers,Debt Consolidation,MORTGAGE,4 years,49856,5.24,C,14.21,60,17700,17400.0,16200.0,Fully Paid,20543.8,2023-12-31
LN103863,CU20363,Carol Brown,2023-11-11,2023-11-22,North,Kano,Education,MORTGAGE,1 year,47241,30.47,B,11.68,36,15000,13900.0,13200.0,Fully Paid,16011.34,2023-12-31
LN103864,CU20364,Kenneth Taylor,2023-05-31,2023-06-01,South,Akwa Ibom,Debt Consolidation,OWN,8 years,64750,29.15,C,14.01,60,7300,6200.0,6100.0,Fully Paid,8350.92,2023-12-31
LN103865,CU20365,Edward Thomas,2023-07-21,2023-07-23,Central,Kogi,Debt Consolidation,RENT,1 year,37604,18.49,B,9.73,60,14400,13700.0,12800.0,Fully Paid,15507.89,2023-12-31
LN103866,CU20366,Steven Lee,2021-10-11,2021-10-22,North,Sokoto,Debt Consolidation,MORTGAGE,4 years,41029,20.22,C,12.16,60,19900,16900.0,16900.0,Fully Paid,19862.58,2023-12-31
LN103867,CU20367,Robert Rodriguez,2021-02-17,2021-02-21,North,Katsina,Car Purchase,MORTGAGE,10+ years,34823,24.84,B,10.93,36,17800,14200.0,14200.0,Fully Paid,18242.42,2023-12-31
LN103868,CU20368,Deborah Nguyen,2023-06-20,2023-06-28,West,Ogun,Debt Consolidation,OWN,5 years,34406,8.08,A,6.72,36,16200,13600.0,12900.0,Current,2448.62,2023-12-07
LN103869,CU20369,Karen Anderson,2022-07-10,2022-07-19,Central,Kogi,Debt Consolidation,OWN,8 years,74302,8.16,B,9.05,60,12300,11200.0,10900.0,Fully Paid,11965.57,2023-12-31
LN103870,CU20370,Deborah Wilson,2021-04-08,2021-04-19,North,Sokoto,Education,RENT,8 years,90685,13.28,D,16.49,36,14300,13500.0,13200.0,Fully Paid,16531.41,2023-12-31
LN103871,CU20371,John Thomas,2022-01-17,2022-01-22,East,Anambra,Business Expansion,MORTGAGE,9 years,49475,13.36,B,9.48,60,16600,16300.0,16300.0,Charged Off,4326.22,2023-12-31
LN103872,CU20372,Deborah White,2021-10-30,2021-11-12,East,Abia,Small Business Startup,MORTGAGE,4 years,53458,12.46,A,7.82,60,16100,15300.0,15100.0,Fully Paid,19430.55,2023-12-31
LN103873,CU20373,Paul Anderson,2022-08-16,2022-08-19,South,Delta,Business Expansion,OWN,1 year,123548,14.12,B,9.09,60,10200,9500.0,9500.0,Fully Paid,11413.06,2023-12-31
LN103874,CU20374,Edward Lewis,2023-12-23,2024-01-11,Central,Plateau,Debt Consolidation,OWN,8 years,55994,12.59,B,11.82,36,7900,7100.0,7100.0,Fully Paid,7838.63,2023-12-31
LN103875,CU20375,Steven Thomas,2023-11-28,2023-12-16,Central,Plateau,Personal,OWN,< 1 year,52246,34.79,C,14.05,36,6100,6100.0,5600.0,Fully Paid,7195.86,2023-12-31
LN103876,CU20376,Kenneth Nguyen,2023-04-08,2023-04-19,Central,Kogi,Small Business Startup,MORTGAGE,< 1 year,31864,18.93,F,25.33,60,11300,10500.0,9500.0,Fully Paid,11520.7,2023-12-31
LN103877,CU20377,Carol Harris,2022-03-05,2022-03-17,West,Lagos,Home Improvement,OWN,7 years,102402,31.43,A,6.3,60,12600,12200.0,11800.0,Fully Paid,15820.48,2023-12-31
LN103878,CU20378,Donna Scott,2021-03-12,2021-03-14,North,Kano,Car Purchase,RENT,5 years,17560,16.01,D,17.66,36,21400,21400.0,21400.0,Fully Paid,27562.02,2023-12-31
LN103879,CU20379,Patricia Robinson,2021-02-12,2021-02-28,East,Anambra,Wedding,MORTGAGE,6 years,63548,13.93,A,8.48,60,15200,12100.0,11900.0,Fully Paid,13395.22,2023-12-31
LN103880,CU20380,John Martinez,2022-07-05,2022-07-24,East,Imo,Debt Consolidation,OWN,10+ years,25266,21.88,C,13.43,36,1000,900.0,800.0,Fully Paid,1190.41,2023-12-31
LN103881,CU20381,Michelle Smith,2022-01-06,2022-01-12,North,Kaduna,Education,OWN,3 years,67325,10.89,B,11.27,60,22600,21600.0,21000.0,Fully Paid,28968.18,2023-12-31
LN103882,CU20382,Melissa Sanchez,2021-09-14,2021-09-28,Central,Kogi,Agriculture,RENT,1 year,50301,4.42,A,8.94,60,12000,12000.0,11200.0,Fully Paid,13588.51,2023-12-31
LN103883,CU20383,Mary Young,2022-12-11,2022-12-16,Central,Niger,Home Improvement,OWN,7 years,48771,20.19,C,13.02,60,15800,14600.0,13600.0,Fully Paid,18427.75,2023-12-31
LN103884,CU20384,Jessica Miller,2021-01-11,2021-01-17,South,Rivers,Car Purchase,OWN,6 years,38544,32.15,B,9.24,36,22000,20500.0,19600.0,Charged Off,3672.96,2022-09-21
LN103885,CU20385,John Brown,2021-05-23,2021-05-30,West,Oyo,Car Purchase,MORTGAGE,6 years,32943,34.58,C,14.63,60,11400,11400.0,11200.0,Fully Paid,13850.45,2023-12-31
LN103886,CU20386,Charles Martinez,2021-07-17,,Central,Niger,Debt Consolidation,RENT,7 years,37624,29.73,F,22.56,36,20400,0.0,0.0,Rejected,0.0,
LN103887,CU20387,Karen Harris,2023-08-30,2023-09-01,East,Imo,Debt Consolidation,OWN,< 1 year,29945,8.95,C,13.14,60,11000,10500.0,10100.0,Fully Paid,14047.08,2023-12-31
LN103888,CU20388,Ashley Robinson,2021-05-29,2021-05-31,Central,Niger,Agriculture,RENT,1 year,40136,7.58,B,10.63,36,10500,9400.0,7800.0,Fully Paid,12143.82,2023-12-31
LN103889,CU20389,Steven Taylor,2021-08-03,2021-08-16,West,Lagos,Education,MORTGAGE,1 year,51028,17.9,C,13.37,60,2700,2600.0,2600.0,Fully Paid,3227.42,2023-12-31
LN103890,CU20390,Margaret Perez,2023-07-20,2023-07-28,Central,Kogi,Debt Consolidation,RENT,7 years,55317,15.07,C,13.78,36,10700,10600.0,9400.0,Fully Paid,12596.51,2023-12-31
LN103891,CU20391,Christopher Nguyen,2021-06-20,2021-07-06,East,Abia,Home Improvement,OWN,9 years,52069,26.2,C,14.28,36,22500,15900.0,15900.0,Fully Paid,19270.49,2023-12-31
LN103892,CU20392,Betty Lee,2021-03-30,,South,Delta,Medical Expenses,MORTGAGE,< 1 year,63802,29.05,G,27.16,36,19400,0.0,0.0,Rejected,0.0,
LN103893,CU20393,Richard Taylor,2022-06-25,2022-06-27,South,Rivers,Home Improvement,MORTGAGE,8 years,26224,29.97,B,9.52,60,34100,28100.0,27800.0,Charged Off,4972.5,2023-12-31
LN103894,CU20394,Daniel Perez,2022-12-13,2022-12-16,East,Abia,Small Business Startup,OWN,9 years,99922,30.78,B,10.3,60,7300,6300.0,6100.0,Fully Paid,7013.45,2023-12-31
LN103895,CU20395,Nancy Garcia,2021-10-16,2021-11-02,North,Katsina,Business Expansion,MORTGAGE,3 years,52103,14.73,B,9.16,60,14000,11300.0,11300.0,Current,5245.33,2023-12-20
LN103896,CU20396,Matthew Anderson,2021-04-19,2021-05-07,South,Rivers,Agriculture,MORTGAGE,4 years,58296,3.16,C,13.66,36,23200,22600.0,22400.0,Fully Paid,27225.25,2023-12-31
LN103897,CU20397,Brian Garcia,2023-01-23,2023-01-25,North,Kano,Car Purchase,MORTGAGE,< 1 year,100661,14.61,A,6.91,36,16900,14000.0,12700.0,Fully Paid,16037.95,2023-12-31
LN103898,CU20398,Deborah Robinson,2021-07-09,2021-07-26,West,Ogun,Medical Expenses,OWN,2 years,26835,20.43,E,19.78,60,23700,18300.0,18200.0,Charged Off,6996.7,2022-03-07
LN103899,CU20399,Kevin Robinson,2022-04-23,2022-05-07,West,Osun,Business Expansion,RENT,2 years,70933,31.25,B,9.26,36,16300,16300.0,15100.0,Fully Paid,21164.52,2023-12-31
LN103900,CU20400,Linda Jones,2021-01-14,2021-01-23,North,Katsina,Car Purchase,RENT,8 years,73410,29.53,B,10.23,60,10100,9800.0,9100.0,Fully Paid,12460.24,2023-12-31
LN103901,CU20401,Michael Jackson,2022-12-18,2022-12-25,West,Ogun,Education,MORTGAGE,4 years,64361,9.89,C,13.28,60,18400,17200.0,16400.0,Fully Paid,19565.79,2023-12-31
LN103902,CU20402,Nancy Lopez,2023-06-29,2023-07-15,East,Abia,Debt Consolidation,RENT,8 years,66543,33.2,B,10.75,60,1000,1000.0,1000.0,Fully Paid,1116.33,2023-12-31
LN103903,CU20403,Andrew White,2023-03-02,2023-03-18,North,Katsina,Medical Expenses,OWN,3 years,80360,7.77,A,8.18,36,10800,8800.0,8500.0,Fully Paid,9319.55,2023-12-31
LN103904,CU20404,Carol Johnson,2021-05-07,2021-05-19,Central,Kogi,Medical Expenses,MORTGAGE,7 years,58875,6.94,C,14.39,36,15800,15300.0,14100.0,Fully Paid,19588.44,2023-12-31
LN103905,CU20405,Michelle Harris,2022-04-03,2022-04-08,South,Delta,Personal,OWN,10+ years,26469,9.31,A,6.92,60,11000,9400.0,9400.0,Fully Paid,11536.65,2023-12-31
LN103906,CU20406,Brian Garcia,2022-04-16,2022-04-29,East,Imo,Small Business Startup,OWN,8 years,82216,12.55,A,8.32,36,5400,4900.0,4500.0,Current,3031.23,2023-11-18
LN103907,CU20407,Donna Johnson,2023-11-09,,West,Ogun,Agriculture,OWN,5 years,52906,29.21,F,24.88,60,13400,0.0,0.0,Rejected,0.0,
LN103908,CU20408,Betty Brown,2021-04-29,2021-05-08,South,Rivers,Personal,RENT,1 year,43791,34.41,D,16.92,36,1000,700.0,700.0,Fully Paid,792.56,2023-12-31
LN103909,CU20409,Susan Clark,2023-06-11,2023-06-26,South,Akwa Ibom,Home Improvement,MORTGAGE,< 1 year,28271,2.76,C,14.08,60,1400,1300.0,1300.0,Fully Paid,1723.46,2023-12-31
LN103910,CU20410,Jessica Jackson,2022-08-27,2022-09-11,West,Ogun,Home Improvement,MORTGAGE,4 years,32458,21.05,A,6.28,60,9400,9400.0,9400.0,Fully Paid,10136.03,2023-12-31
LN103911,CU20411,Ashley Jackson,2023-04-14,2023-04-19,South,Rivers,Car Purchase,RENT,7 years,94223,8.37,C,12.9,36,13200,11200.0,11200.0,Fully Paid,12553.82,2023-12-31
LN103912,CU20412,Kimberly Walker,2022-11-19,2022-12-07,North,Kano,Home Improvement,OWN,6 years,35773,31.59,B,11.02,36,29500,27000.0,25500.0,Fully Paid,30494.99,2023-12-31
LN103913,CU20413,Elizabeth Harris,2023-09-04,2023-09-15,South,Bayelsa,Personal,OWN,3 years,75528,21.61,E,18.41,36,17800,15700.0,14400.0,Fully Paid,17100.29,2023-12-31
LN103914,CU20414,Emily Robinson,2022-04-02,2022-04-22,West,Osun,Business Expansion,RENT,< 1 year,62727,6.26,E,19.02,36,12300,9700.0,9600.0,Fully Paid,12708.37,2023-12-31
LN103915,CU20415,Thomas Robinson,2022-01-08,2022-01-25,West,Oyo,Education,OWN,4 years,21815,34.34,B,10.2,60,15400,14100.0,13600.0,Fully Paid,18781.54,2023-12-31
LN103916,CU20416,Anthony Nguyen,2023-09-04,2023-09-16,South,Rivers,Home Improvement,RENT,1 year,115699,24.47,C,13.38,36,8300,7400.0,6700.0,Fully Paid,8088.75,2023-12-31
LN103917,CU20417,Karen Lee,2021-03-01,2021-03-02,East,Abia,Car Purchase,MORTGAGE,10+ years,26888,10.94,E,21.34,36,14300,11900.0,11000.0,Fully Paid,15653.07,2023-12-31
LN103918,CU20418,Carol Perez,2023-09-20,2023-10-07,Central,Abuja FCT,Small Business Startup,RENT,6 years,41630,16.52,A,6.94,60,7300,7200.0,7100.0,Fully Paid,8047.82,2023-12-31
LN103919,CU20419,Jessica Davis,2023-06-12,2023-06-19,South,Bayelsa,Debt Consolidation,OWN,7 years,76944,20.29,D,16.61,36,13200,13200.0,12800.0,Fully Paid,14993.16,2023-12-31
LN103920,CU20420,Kenneth Rodriguez,2021-09-17,2021-09-18,East,Imo,Debt Consolidation,RENT,8 years,43479,26.75,E,20.15,60,11700,10600.0,9400.0,Fully Paid,13928.27,2023-12-31
LN103921,CU20421,Jessica Martin,2023-05-19,2023-05-28,North,Katsina,Medical Expenses,MORTGAGE,5 years,54407,26.51,D,15.93,36,11300,10700.0,10500.0,Charged Off,4519.3,2023-12-31
LN103922,CU20422,Dorothy Miller,2022-08-23,2022-08-29,North,Kaduna,Business Expansion,MORTGAGE,7 years,205267,5.66,C,14.59,36,8500,7300.0,6800.0,Fully Paid,8774.11,2023-12-31
LN103923,CU20423,Jessica Lee,2022-07-31,,Central,Kogi,Car Purchase,MORTGAGE,< 1 year,28464,29.85,E,20.7,36,6400,0.0,0.0,Rejected,0.0,
LN103924,CU20424,Sandra Walker,2023-06-26,2023-07-13,North,Kano,Car Purchase,RENT,1 year,72814,21.36,B,11.74,60,13400,10100.0,10100.0,Fully Paid,11194.75,2023-12-31
LN103925,CU20425,Joshua Smith,2023-07-13,2023-07-14,Central,Abuja FCT,Wedding,RENT,4 years,89055,17.58,A,7.46,60,20200,17900.0,17900.0,Fully Paid,18805.7,2023-12-31
LN103926,CU20426,Mary Wright,2021-12-08,2021-12-17,Central,Niger,Business Expansion,MORTGAGE,10+ years,56369,9.54,C,12.13,60,1000,900.0,900.0,Fully Paid,1108.36,2023-12-31
LN103927,CU20427,Matthew Lee,2021-03-09,2021-03-18,Central,Kogi,Medical Expenses,OWN,9 years,35981,13.07,A,6.74,60,10800,10800.0,9700.0,Fully Paid,14001.42,2023-12-31
LN103928,CU20428,Christopher Scott,2023-12-11,2023-12-22,West,Ogun,Home Improvement,OWN,2 years,29379,14.78,G,26.95,60,13800,12400.0,11900.0,Fully Paid,16705.37,2023-12-31
LN103929,CU20429,James Scott,2021-02-22,2021-02-23,North,Sokoto,Agriculture,MORTGAGE,1 year,47202,10.16,A,8.59,36,18800,17800.0,17800.0,Fully Paid,18690.27,2023-12-31
LN103930,CU20430,Richard Robinson,2023-03-25,2023-03-27,Central,Niger,Debt Consolidation,MORTGAGE,7 years,15000,14.14,A,7.89,36,27700,27700.0,26900.0,Fully Paid,37383.07,2023-12-31
LN103931,CU20431,Sandra Jones,2023-05-19,2023-06-07,North,Kaduna,Debt Consolidation,MORTGAGE,2 years,60301,27.06,A,8.82,36,10400,9900.0,9200.0,Fully Paid,13200.94,2023-12-31
LN103932,CU20432,David Davis,2021-05-22,2021-06-06,East,Imo,Medical Expenses,RENT,1 year,65512,10.44,D,17.93,36,1000,900.0,900.0,Charged Off,440.37,2021-11-12
LN103933,CU20433,Sandra Rodriguez,2022-09-24,2022-10-05,Central,Niger,Debt Consolidation,OWN,10+ years,35624,14.59,D,16.68,36,10800,10000.0,9600.0,Fully Paid,13055.92,2023-12-31
LN103934,CU20434,Donna Hernandez,2023-09-26,2023-10-08,West,Ogun,Small Business Startup,MORTGAGE,10+ years,49950,26.19,F,23.08,60,1700,1600.0,1600.0,Fully Paid,1705.45,2023-12-31
LN103935,CU20435,Deborah Anderson,2023-01-14,2023-01-31,South,Akwa Ibom,Debt Consolidation,MORTGAGE,8 years,30306,15.39,C,13.05,36,4000,3700.0,3700.0,Fully Paid,4176.42,2023-12-31
LN103936,CU20436,Susan King,2023-06-10,2023-06-21,Central,Abuja FCT,Debt Consolidation,OWN,10+ years,47417,8.19,F,24.4,60,1000,800.0,800.0,Fully Paid,973.22,2023-12-31
LN103937,CU20437,Susan Johnson,2021-06-26,2021-07-16,South,Bayelsa,Personal,RENT,9 years,32681,29.2,B,10.8,36,18000,16600.0,15000.0,Fully Paid,19564.41,2023-12-31
LN103938,CU20438,Christopher Hernandez,2023-08-09,2023-08-18,North,Kano,Business Expansion,MORTGAGE,8 years,42204,23.75,D,16.85,36,20600,17300.0,17300.0,Fully Paid,19531.32,2023-12-31
LN103939,CU20439,Jennifer Jones,2023-08-28,2023-09-14,Central,Abuja FCT,Medical Expenses,MORTGAGE,2 years,29158,10.64,C,13.54,60,21900,21800.0,20900.0,Fully Paid,27720.94,2023-12-31
LN103940,CU20440,Donna Taylor,2021-12-23,2022-01-04,North,Kaduna,Debt Consolidation,RENT,2 years,93624,7.32,B,10.66,60,20600,19300.0,18000.0,Fully Paid,25130.29,2023-12-31
LN103941,CU20441,Ashley Lopez,2021-02-16,2021-03-07,North,Kaduna,Agriculture,RENT,7 years,20182,31.27,D,17.41,36,15900,14300.0,14300.0,Fully Paid,16238.61,2023-12-31
LN103942,CU20442,Edward Lee,2021-10-28,2021-11-09,West,Oyo,Personal,MORTGAGE,9 years,62508,3.12,D,15.39,60,11100,11000.0,10600.0,Fully Paid,12941.5,2023-12-31
LN103943,CU20443,Brian Scott,2021-01-28,2021-02-02,East,Abia,Car Purchase,OWN,1 year,53029,12.51,F,23.36,36,2700,2400.0,2400.0,Fully Paid,2793.73,2023-12-31
LN103944,CU20444,Sarah Lopez,2023-09-18,2023-09-22,East,Imo,Education,MORTGAGE,< 1 year,68451,15.37,B,9.01,60,17300,14800.0,14800.0,Fully Paid,15716.65,2023-12-31
LN103945,CU20445,Dorothy Lewis,2022-07-06,2022-07-22,South,Akwa Ibom,Debt Consolidation,RENT,< 1 year,114074,11.47,D,16.86,60,7000,6000.0,5400.0,Fully Paid,7915.57,2023-12-31
LN103946,CU20446,Charles Wright,2022-08-15,2022-09-02,West,Osun,Debt Consolidation,RENT,6 years,43025,25.94,C,12.73,36,22900,20100.0,18500.0,Current,9522.22,2023-11-19
LN103947,CU20447,Paul Hill,2021-04-27,2021-05-07,North,Kaduna,Car Purchase,OWN,6 years,37425,3.4,D,15.75,60,12100,10700.0,10700.0,Fully Paid,13401.25,2023-12-31
LN103948,CU20448,James Taylor,2021-11-12,2021-11-24,South,Rivers,Home Improvement,OWN,3 years,43454,4.98,C,12.05,60,4500,3900.0,3500.0,Fully Paid,4346.31,2023-12-31
LN103949,CU20449,Margaret Scott,2023-02-14,2023-02-26,South,Bayelsa,Wedding,RENT,7 years,31688,11.26,D,16.08,60,13300,12300.0,12000.0,Current,2206.49,2023-11-26
LN103950,CU20450,Christopher Harris,2021-02-20,2021-03-09,Central,Kogi,Business Expansion,MORTGAGE,6 years,56077,13.1,D,17.29,60,4200,3800.0,3700.0,Fully Paid,4181.3,2023-12-31
LN103951,CU20451,Karen Allen,2022-04-05,2022-04-17,West,Lagos,Business Expansion,OWN,< 1 year,64065,34.75,C,12.16,60,19400,16500.0,16500.0,Fully Paid,20498.32,2023-12-31
LN103952,CU20452,Jessica Thomas,2023-11-10,2023-11-20,East,Abia,Home Improvement,RENT,2 years,51239,12.35,A,7.75,60,22700,19300.0,19300.0,Fully Paid,21924.67,2023-12-31
LN103953,CU20453,Brian Martin,2022-11-05,2022-11-21,East,Enugu,Debt Consolidation,MORTGAGE,6 years,41683,12.27,E,18.85,36,7700,7400.0,6800.0,Charged Off,2972.42,2023-11-28
LN103954,CU20454,Dorothy Miller,2023-03-18,2023-03-30,North,Kaduna,Wedding,MORTGAGE,1 year,41203,4.25,B,9.59,60,1000,900.0,900.0,Fully Paid,1039.03,2023-12-31
LN103955,CU20455,Sarah Hernandez,2022-01-27,2022-02-16,South,Rivers,Small Business Startup,OWN,10+ years,43932,33.44,A,6.46,36,11900,11800.0,11800.0,Fully Paid,14019.34,2023-12-31
LN103956,CU20456,Sandra Garcia,2021-08-10,2021-08-20,North,Kaduna,Car Purchase,MORTGAGE,6 years,28785,29.41,D,16.32,60,22200,20500.0,18700.0,Fully Paid,22716.11,2023-12-31
LN103957,CU20457,Thomas Wright,2023-12-01,2023-12-10,Central,Abuja FCT,Medical Expenses,RENT,9 years,75059,19.55,A,6.47,36,13400,12900.0,12300.0,Fully Paid,15153.47,2023-12-31
LN103958,CU20458,Sarah Walker,2022-09-19,2022-10-06,East,Anambra,Home Improvement,RENT,6 years,40973,31.08,C,14.09,36,20400,19200.0,18100.0,Fully Paid,22411.94,2023-12-31
LN103959,CU20459,Jennifer King,2023-02-24,2023-03-14,West,Osun,Business Expansion,RENT,5 years,80122,4.93,A,7.57,36,33100,32200.0,32200.0,Fully Paid,34595.3,2023-12-31
LN103960,CU20460,Anthony Lee,2023-07-05,2023-07-16,South,Rivers,Debt Consolidation,MORTGAGE,< 1 year,29484,32.09,D,16.92,36,2500,2000.0,1900.0,Current,280.48,2023-12-05
LN103961,CU20461,Mary White,2022-09-05,2022-09-16,East,Abia,Debt Consolidation,OWN,2 years,74066,4.42,D,17.72,60,24800,23200.0,22300.0,Fully Paid,28102.76,2023-12-31
LN103962,CU20462,Mark Ramirez,2023-02-06,2023-02-23,Central,Kogi,Car Purchase,MORTGAGE,1 year,35144,9.47,D,16.92,60,18700,17400.0,17300.0,Charged Off,2042.26,2023-12-31
LN103963,CU20463,Jessica Lewis,2023-12-02,2023-12-06,South,Rivers,Small Business Startup,MORTGAGE,3 years,39043,2.91,D,16.05,60,19200,18000.0,18000.0,Current,931.85,2023-12-15
LN103964,CU20464,Christopher Nguyen,2021-12-28,2022-01-07,South,Delta,Personal,RENT,8 years,55749,10.41,B,9.17,36,15500,13500.0,13500.0,Fully Paid,17563.61,2023-12-31
LN103965,CU20465,Michael Harris,2022-07-07,2022-07-27,South,Bayelsa,Business Expansion,OWN,5 years,33685,30.55,A,6.31,60,14100,12400.0,12100.0,Current,3946.33,2023-12-19
LN103966,CU20466,William Young,2022-02-25,2022-03-02,North,Kano,Home Improvement,OWN,7 years,43124,19.54,A,6.77,36,21700,17200.0,16700.0,Fully Paid,18443.22,2023-12-31
LN103967,CU20467,James Young,2022-08-31,2022-09-01,West,Ogun,Wedding,RENT,3 years,115643,32.22,F,22.83,60,1000,1000.0,1000.0,Current,306.66,2023-12-07
LN103968,CU20468,Susan Thomas,2022-07-23,2022-07-25,East,Abia,Debt Consolidation,OWN,6 years,35705,2.19,G,28.55,60,8300,8300.0,7600.0,Fully Paid,9538.63,2023-12-31
LN103969,CU20469,Lisa Garcia,2022-12-20,2023-01-02,East,Anambra,Car Purchase,OWN,7 years,25080,31.35,D,15.39,36,19500,18500.0,16700.0,Fully Paid,21455.5,2023-12-31
LN103970,CU20470,George Martin,2021-12-14,2021-12-22,Central,Kogi,Medical Expenses,RENT,< 1 year,72403,24.31,B,10.9,36,21100,17200.0,17100.0,Fully Paid,21440.51,2023-12-31
LN103971,CU20471,David Taylor,2023-01-08,2023-01-12,North,Sokoto,Car Purchase,OWN,< 1 year,35600,2.4,B,11.29,36,3000,2900.0,2700.0,Fully Paid,3578.14,2023-12-31
LN103972,CU20472,Sarah White,2023-08-28,2023-08-30,Central,Niger,Car Purchase,RENT,10+ years,71506,16.0,C,12.5,60,14900,14500.0,13800.0,Fully Paid,15380.56,2023-12-31
LN103973,CU20473,Anthony Scott,2022-11-16,2022-12-05,South,Delta,Car Purchase,RENT,5 years,48310,20.69,C,13.21,60,22500,18100.0,16700.0,Fully Paid,21860.18,2023-12-31
LN103974,CU20474,Emily Taylor,2022-09-01,2022-09-03,South,Bayelsa,Personal,MORTGAGE,6 years,24335,5.47,A,7.74,36,14200,12100.0,11600.0,Fully Paid,15306.15,2023-12-31
LN103975,CU20475,Amanda Wilson,2023-08-02,2023-08-03,South,Rivers,Education,MORTGAGE,2 years,33125,4.92,C,13.22,60,17100,17100.0,16200.0,Fully Paid,19437.26,2023-12-31
LN103976,CU20476,Thomas Robinson,2021-07-30,2021-08-12,East,Enugu,Car Purchase,RENT,5 years,36072,21.31,C,12.05,60,19400,18500.0,18200.0,Fully Paid,21218.99,2023-12-31
LN103977,CU20477,Edward Flores,2022-10-24,2022-10-29,North,Katsina,Car Purchase,MORTGAGE,6 years,45288,9.49,C,14.6,60,31400,31400.0,30600.0,Current,7512.66,2023-12-20
LN103978,CU20478,John Taylor,2021-05-06,2021-05-08,South,Rivers,Personal,RENT,3 years,49375,3.12,C,14.07,36,20100,18700.0,17400.0,Fully Paid,24417.95,2023-12-31
LN103979,CU20479,Michael Thomas,2022-11-28,2022-12-08,West,Ogun,Education,MORTGAGE,1 year,52209,9.6,B,11.29,36,19200,16500.0,16500.0,Fully Paid,18052.58,2023-12-31
LN103980,CU20480,Elizabeth Scott,2021-10-01,2021-10-05,West,Lagos,Debt Consolidation,OWN,3 years,41597,6.78,B,9.47,60,12500,10800.0,10000.0,Fully Paid,13659.1,2023-12-31
LN103981,CU20481,Kenneth Jackson,2021-10-07,2021-10-13,East,Imo,Medical Expenses,OWN,4 years,85949,19.08,D,17.21,36,26600,23400.0,21300.0,Fully Paid,24726.96,2023-12-31
LN103982,CU20482,Brian Rodriguez,2021-02-25,2021-03-15,North,Kaduna,Home Improvement,OWN,3 years,35971,9.06,B,9.39,36,22300,18400.0,18400.0,Fully Paid,20209.36,2023-12-31
LN103983,CU20483,Jessica Perez,2021-07-16,2021-08-05,North,Katsina,Wedding,MORTGAGE,3 years,87401,26.08,D,16.01,36,1900,1500.0,1500.0,Fully Paid,1746.28,2023-12-31
LN103984,CU20484,Ashley Clark,2023-11-30,2023-12-10,South,Akwa Ibom,Business Expansion,RENT,6 years,47679,24.31,D,17.21,60,23100,21900.0,21500.0,Charged Off,10595.48,2023-12-31
LN103985,CU20485,Sandra Nguyen,2023-02-09,2023-02-10,East,Anambra,Debt Consolidation,OWN,4 years,35942,26.08,B,9.01,36,12400,11600.0,11600.0,Fully Paid,12318.31,2023-12-31
LN103986,CU20486,Betty Thomas,2021-04-23,2021-05-04,South,Bayelsa,Medical Expenses,OWN,7 years,62215,18.39,E,21.79,36,19100,19100.0,19100.0,Fully Paid,24865.42,2023-12-31
LN103987,CU20487,Anthony Jones,2023-05-30,2023-06-19,West,Ogun,Agriculture,OWN,9 years,39672,2.53,E,18.58,60,11000,9600.0,9200.0,Fully Paid,11727.9,2023-12-31
LN103988,CU20488,Mark Robinson,2022-09-08,2022-09-22,South,Delta,Car Purchase,OWN,8 years,109680,20.33,C,12.47,60,17000,14600.0,14600.0,Current,3737.59,2023-12-20
LN103989,CU20489,David King,2023-12-06,2023-12-12,South,Delta,Home Improvement,MORTGAGE,1 year,63821,22.1,B,9.59,60,21000,18400.0,16000.0,Fully Paid,20520.44,2023-12-31
LN103990,CU20490,Mary Harris,2021-02-26,2021-03-02,South,Bayelsa,Business Expansion,MORTGAGE,4 years,70297,23.75,C,14.76,36,4700,4100.0,4100.0,Fully Paid,4673.13,2023-12-31
LN103991,CU20491,Karen Perez,2021-11-14,2021-12-01,South,Delta,Small Business Startup,RENT,5 years,39213,30.28,B,10.16,36,12100,9700.0,9700.0,Fully Paid,12062.02,2023-12-31
LN103992,CU20492,Andrew Anderson,2022-07-27,2022-08-03,East,Enugu,Education,RENT,2 years,57622,13.84,B,11.08,36,18800,17700.0,15500.0,Fully Paid,21022.72,2023-12-31
LN103993,CU20493,Daniel Gonzalez,2022-03-01,2022-03-21,East,Anambra,Medical Expenses,MORTGAGE,8 years,146080,20.31,A,7.34,60,24700,23600.0,22200.0,Current,9382.1,2023-11-22
LN103994,CU20494,Mary Perez,2022-07-03,2022-07-05,South,Rivers,Small Business Startup,RENT,8 years,139318,33.12,C,13.45,60,17200,16100.0,16100.0,Fully Paid,21692.98,2023-12-31
LN103995,CU20495,Donald Rodriguez,2022-01-27,2022-01-30,South,Delta,Business Expansion,OWN,< 1 year,59375,15.25,B,10.45,60,26500,26100.0,25100.0,Fully Paid,32126.52,2023-12-31
LN103996,CU20496,Steven Martin,2022-08-07,2022-08-27,West,Osun,Business Expansion,RENT,10+ years,43216,13.59,E,21.01,36,14900,14400.0,13400.0,Charged Off,5383.53,2023-10-06
LN103997,CU20497,Dorothy Harris,2023-02-20,2023-03-07,East,Enugu,Education,MORTGAGE,2 years,40912,24.53,D,16.99,36,19700,18600.0,17500.0,Fully Paid,24354.02,2023-12-31
LN103998,CU20498,James Lopez,2023-01-26,2023-01-30,East,Anambra,Medical Expenses,MORTGAGE,10+ years,46943,2.48,F,24.83,36,8800,7600.0,7600.0,Fully Paid,8121.59,2023-12-31
LN103999,CU20499,Lisa Thompson,2022-09-14,2022-09-29,West,Ogun,Home Improvement,OWN,2 years,22339,13.46,C,13.27,60,6100,5200.0,4900.0,Fully Paid,6465.97,2023-12-31
LN104000,CU20500,Dorothy Torres,2022-10-04,2022-10-12,East,Enugu,Medical Expenses,MORTGAGE,6 years,89087,4.3,A,6.91,36,12200,12100.0,11500.0,Fully Paid,15687.03,2023-12-31
LN104001,CU20501,Charles Lee,2021-02-18,2021-02-23,South,Delta,Car Purchase,RENT,5 years,36063,33.61,D,15.81,36,17500,16500.0,15700.0,Fully Paid,20462.91,2023-12-31
LN104002,CU20502,Joseph Martin,2023-09-07,2023-09-14,North,Kano,Car Purchase,OWN,5 years,87712,19.77,A,6.45,60,15800,14200.0,12600.0,Fully Paid,15093.23,2023-12-31
LN104003,CU20503,Nancy Clark,2021-03-03,2021-03-09,Central,Niger,Car Purchase,MORTGAGE,5 years,79964,18.91,E,18.96,36,12200,12100.0,10500.0,Current,12050.79,2023-12-06
LN104004,CU20504,Sarah Nguyen,2023-06-17,2023-06-30,West,Oyo,Personal,MORTGAGE,7 years,51091,14.58,E,18.25,60,18800,15300.0,14100.0,Fully Paid,16814.66,2023-12-31
LN104005,CU20505,Kenneth Anderson,2021-03-03,2021-03-06,North,Katsina,Medical Expenses,RENT,8 years,51079,19.83,C,12.24,36,16200,15800.0,15500.0,Fully Paid,17107.31,2023-12-31
LN104006,CU20506,Charles King,2023-03-14,2023-03-18,North,Sokoto,Small Business Startup,MORTGAGE,10+ years,54110,21.27,A,6.89,36,7400,7400.0,7100.0,Current,1991.32,2023-12-12
LN104007,CU20507,Amanda Nguyen,2022-07-27,2022-07-29,North,Kaduna,Home Improvement,RENT,9 years,36752,23.79,C,12.21,36,8800,8000.0,7500.0,Fully Paid,10076.72,2023-12-31
LN104008,CU20508,Robert Jackson,2021-03-05,,Central,Niger,Debt Consolidation,RENT,9 years,49838,29.92,E,20.4,36,4600,0.0,0.0,Rejected,0.0,
LN104009,CU20509,Amanda Clark,2022-06-27,2022-06-29,East,Enugu,Small Business Startup,OWN,2 years,110717,28.0,A,6.22,60,26900,25700.0,25700.0,Fully Paid,29101.37,2023-12-31
LN104010,CU20510,Robert Johnson,2021-01-20,2021-02-07,East,Imo,Personal,OWN,1 year,36009,24.01,E,19.46,60,18600,17500.0,17500.0,Fully Paid,20406.95,2023-12-31
LN104011,CU20511,Deborah Ramirez,2021-08-26,2021-09-07,West,Oyo,Car Purchase,RENT,1 year,38225,23.5,A,6.79,36,31000,24100.0,24100.0,Fully Paid,27706.31,2023-12-31
LN104012,CU20512,Andrew Thompson,2021-09-27,2021-09-30,North,Sokoto,Debt Consolidation,RENT,7 years,19628,14.35,B,9.16,36,22200,20800.0,20800.0,Fully Paid,23277.28,2023-12-31
LN104013,CU20513,Linda Miller,2021-08-29,2021-09-02,East,Enugu,Home Improvement,OWN,6 years,26120,26.66,D,15.52,60,14900,13400.0,13400.0,Fully Paid,17090.65,2023-12-31
LN104014,CU20514,Richard Taylor,2023-03-16,2023-03-17,North,Kaduna,Wedding,OWN,10+ years,68551,30.6,B,11.57,60,21200,20600.0,20600.0,Fully Paid,27524.34,2023-12-31
LN104015,CU20515,Ashley Lopez,2022-03-18,2022-03-21,East,Imo,Debt Consolidation,OWN,< 1 year,29741,26.28,D,16.49,60,24000,24000.0,22200.0,Current,8408.69,2023-12-22
LN104016,CU20516,Christopher Williams,2022-10-20,2022-11-07,Central,Kogi,Debt Consolidation,MORTGAGE,2 years,42849,10.96,D,15.9,36,19900,18600.0,18600.0,Fully Paid,23543.19,2023-12-31
LN104017,CU20517,Melissa Flores,2022-10-13,2022-10-14,West,Ogun,Wedding,OWN,3 years,53109,14.0,G,27.63,36,23900,21900.0,21400.0,Fully Paid,26820.84,2023-12-31
LN104018,CU20518,Michelle Torres,2021-07-21,2021-08-10,South,Rivers,Medical Expenses,MORTGAGE,4 years,52469,12.27,C,14.32,36,7600,6900.0,6900.0,Fully Paid,8290.49,2023-12-31
LN104019,CU20519,George Flores,2021-10-05,2021-10-15,West,Lagos,Debt Consolidation,MORTGAGE,10+ years,45914,24.81,D,15.55,60,22400,22200.0,19700.0,Fully Paid,25543.97,2023-12-31
LN104020,CU20520,Thomas Flores,2022-06-27,2022-06-29,South,Akwa Ibom,Business Expansion,MORTGAGE,3 years,38047,12.01,A,6.89,60,31500,31500.0,31500.0,Current,10054.38,2023-11-20
LN104021,CU20521,Barbara Walker,2023-03-18,2023-03-20,South,Bayelsa,Home Improvement,RENT,4 years,27036,20.3,F,24.19,36,11000,9600.0,8100.0,Fully Paid,12822.32,2023-12-31
LN104022,CU20522,Andrew Rodriguez,2022-07-10,2022-07-26,West,Ogun,Small Business Startup,OWN,< 1 year,53618,22.31,A,8.21,60,10500,10100.0,9200.0,Fully Paid,12170.46,2023-12-31
LN104023,CU20523,Matthew Robinson,2021-01-24,2021-02-02,West,Lagos,Debt Consolidation,RENT,< 1 year,32682,17.35,C,13.53,36,11900,10900.0,10600.0,Fully Paid,13090.85,2023-11-29
LN104024,CU20524,Joseph Thompson,2022-01-27,2022-02-15,North,Kano,Debt Consolidation,MORTGAGE,1 year,51874,28.19,F,25.97,60,1000,1000.0,1000.0,Current,397.57,2023-11-19
LN104025,CU20525,Jessica Ramirez,2023-03-05,2023-03-10,West,Lagos,Debt Consolidation,MORTGAGE,2 years,24353,2.09,E,18.06,60,15000,14200.0,12800.0,Fully Paid,19030.11,2023-12-31
LN104026,CU20526,Linda Rodriguez,2021-04-29,2021-05-18,West,Osun,Debt Consolidation,MORTGAGE,8 years,71660,20.63,C,14.75,60,1000,1000.0,1000.0,Fully Paid,1083.11,2023-12-31
LN104027,CU20527,Mary Scott,2022-05-06,2022-05-22,East,Enugu,Debt Consolidation,MORTGAGE,< 1 year,59506,19.44,A,8.23,36,8600,7700.0,7700.0,Fully Paid,9201.67,2023-12-31
LN104028,CU20528,Anthony Johnson,2022-04-14,2022-04-16,Central,Plateau,Debt Consolidation,OWN,3 years,21350,24.94,D,17.45,60,16900,16400.0,16300.0,Fully Paid,20674.87,2023-12-31
LN104029,CU20529,Ashley Ramirez,2022-12-27,2023-01-07,North,Sokoto,Business Expansion,OWN,8 years,18975,30.58,B,10.94,36,21100,18600.0,17700.0,Fully Paid,19801.57,2023-12-31
LN104030,CU20530,Patricia Scott,2023-05-03,2023-05-22,South,Rivers,Business Expansion,MORTGAGE,9 years,51816,11.74,E,18.75,36,35100,32200.0,32200.0,Fully Paid,41822.5,2023-12-31
LN104031,CU20531,Lisa Ramirez,2021-06-09,2021-06-14,East,Imo,Business Expansion,MORTGAGE,9 years,85066,24.05,C,14.25,36,21200,21200.0,19400.0,Fully Paid,24917.08,2023-12-31
LN104032,CU20532,Patricia White,2021-03-28,2021-04-14,North,Kano,Wedding,RENT,6 years,47717,34.75,A,6.28,36,19000,17600.0,17400.0,Current,18307.11,2023-12-12
LN104033,CU20533,Michelle Wright,2023-10-08,2023-10-13,South,Bayelsa,Debt Consolidation,MORTGAGE,4 years,33866,17.17,C,13.83,36,3800,3800.0,3300.0,Fully Paid,4096.79,2023-12-31
LN104034,CU20534,Sarah Torres,2023-09-07,2023-09-09,North,Kaduna,Education,RENT,7 years,43942,10.61,B,10.0,36,9100,8300.0,7900.0,Fully Paid,10771.06,2023-12-31
LN104035,CU20535,Dorothy Gonzalez,2023-07-02,2023-07-08,North,Sokoto,Medical Expenses,RENT,10+ years,22394,6.28,E,21.76,36,10100,10100.0,9200.0,Fully Paid,10763.88,2023-12-31
LN104036,CU20536,Jessica Scott,2022-02-10,2022-02-20,West,Lagos,Home Improvement,MORTGAGE,< 1 year,68865,28.32,B,9.64,60,18000,16700.0,15700.0,Fully Paid,19749.94,2023-12-31
LN104037,CU20537,Betty Walker,2022-10-28,2022-11-07,East,Anambra,Debt Consolidation,OWN,5 years,42534,13.34,A,6.74,60,8600,8300.0,8100.0,Fully Paid,11040.87,2023-12-31
LN104038,CU20538,James King,2021-04-27,2021-05-04,North,Kano,Car Purchase,RENT,8 years,34597,21.89,B,9.13,36,9700,8000.0,7800.0,Fully Paid,8613.59,2023-12-31
LN104039,CU20539,Linda Smith,2021-01-12,,South,Delta,Debt Consolidation,MORTGAGE,2 years,30352,34.12,G,29.39,60,7300,0.0,0.0,Rejected,0.0,
LN104040,CU20540,Michael Sanchez,2023-08-09,2023-08-13,North,Kaduna,Car Purchase,RENT,7 years,100186,27.19,D,17.11,60,13900,12300.0,11800.0,Fully Paid,14385.78,2023-12-31
LN104041,CU20541,Mary Young,2022-10-02,2022-10-21,West,Oyo,Business Expansion,RENT,9 years,38209,23.09,C,12.14,36,7700,7200.0,7200.0,Fully Paid,9010.21,2023-12-31
LN104042,CU20542,Betty Jones,2021-09-14,2021-09-19,West,Ogun,Agriculture,MORTGAGE,2 years,70099,25.72,E,21.94,60,1000,900.0,900.0,Fully Paid,950.04,2023-12-31
LN104043,CU20543,Deborah Williams,2021-02-09,2021-02-23,South,Bayelsa,Agriculture,MORTGAGE,2 years,35455,29.67,A,7.57,60,1000,1000.0,900.0,Fully Paid,1149.33,2023-12-31
LN104044,CU20544,Jennifer King,2023-02-24,2023-03-16,Central,Kogi,Business Expansion,MORTGAGE,8 years,54333,27.27,C,14.42,60,12500,12500.0,12400.0,Fully Paid,13939.57,2023-12-31
LN104045,CU20545,Kevin Nguyen,2022-12-23,,West,Oyo,Home Improvement,OWN,9 years,41363,18.76,G,29.85,36,20600,0.0,0.0,Rejected,0.0,
LN104046,CU20546,Barbara Anderson,2023-06-22,2023-07-02,Central,Kogi,Car Purchase,RENT,1 year,24187,30.71,A,8.35,60,15900,14100.0,13900.0,Fully Paid,17901.01,2023-12-31
LN104047,CU20547,Joseph Lewis,2021-03-17,2021-03-28,South,Bayelsa,Home Improvement,MORTGAGE,< 1 year,15981,31.88,E,20.05,60,18700,15900.0,15900.0,Current,9713.28,2023-11-23
LN104048,CU20548,Karen Lewis,2021-08-03,2021-08-22,West,Ogun,Home Improvement,MORTGAGE,3 years,101397,25.38,C,13.96,36,28800,28100.0,26500.0,Charged Off,5036.19,2023-05-21
LN104049,CU20549,David Young,2021-11-18,,Central,Kogi,Business Expansion,OWN,4 years,47634,7.96,G,27.6,36,13000,0.0,0.0,Rejected,0.0,
LN104050,CU20550,Christopher Jones,2023-05-24,2023-05-26,South,Rivers,Car Purchase,RENT,6 years,57113,8.96,E,20.94,60,7600,6800.0,6100.0,Charged Off,1965.52,2023-12-31
LN104051,CU20551,Christopher Allen,2023-10-26,2023-11-07,Central,Plateau,Home Improvement,MORTGAGE,2 years,95637,12.32,D,17.12,36,15000,13800.0,13400.0,Fully Paid,15982.61,2023-12-31
LN104052,CU20552,Edward Torres,2022-05-29,2022-06-08,South,Akwa Ibom,Debt Consolidation,MORTGAGE,10+ years,68552,4.74,B,11.75,60,15200,14300.0,13800.0,Fully Paid,15091.2,2023-12-31
LN104053,CU20553,Andrew Scott,2023-12-16,2024-01-05,West,Ogun,Debt Consolidation,OWN,4 years,30357,34.0,D,16.13,60,9300,9300.0,8600.0,Fully Paid,11224.66,2023-12-31
LN104054,CU20554,Charles Hill,2021-03-31,2021-04-08,Central,Plateau,Debt Consolidation,OWN,9 years,53746,23.7,D,17.13,60,11300,10500.0,10500.0,Current,6256.54,2023-12-17
LN104055,CU20555,Robert Thompson,2023-09-09,2023-09-29,South,Rivers,Medical Expenses,OWN,7 years,50641,20.59,A,8.68,36,19300,15500.0,15500.0,Current,1348.14,2023-11-28
LN104056,CU20556,Brian Young,2021-02-16,2021-02-24,Central,Plateau,Debt Consolidation,OWN,5 years,66984,29.91,E,18.25,36,20300,17800.0,17800.0,Fully Paid,20169.99,2023-12-31
LN104057,CU20557,Robert Lopez,2022-05-31,2022-06-07,Central,Niger,Wedding,RENT,4 years,49483,27.54,F,25.01,36,11400,11300.0,11300.0,Fully Paid,13763.63,2023-12-31
LN104058,CU20558,Karen Young,2022-12-18,2022-12-26,East,Anambra,Car Purchase,OWN,7 years,59071,21.66,C,14.41,60,11300,10200.0,9900.0,Fully Paid,11116.61,2023-12-31
LN104059,CU20559,Richard Hill,2021-04-24,2021-05-05,East,Enugu,Car Purchase,RENT,8 years,25287,2.78,A,7.28,60,14200,12400.0,11200.0,Fully Paid,13148.59,2023-12-31
LN104060,CU20560,Richard Lee,2021-05-03,2021-05-10,West,Osun,Small Business Startup,MORTGAGE,3 years,41781,31.42,A,7.18,60,9000,8500.0,8200.0,Fully Paid,9917.08,2023-12-31
LN104061,CU20561,Barbara Taylor,2021-06-23,2021-06-28,West,Oyo,Medical Expenses,RENT,1 year,21816,28.47,A,8.49,36,1000,800.0,800.0,Fully Paid,944.82,2023-12-31
LN104062,CU20562,Robert Moore,2022-06-26,2022-06-29,Central,Niger,Agriculture,MORTGAGE,3 years,50320,25.85,B,10.25,60,18900,18900.0,18100.0,Fully Paid,20763.33,2023-12-31
LN104063,CU20563,Carol White,2022-02-20,2022-02-21,West,Osun,Home Improvement,OWN,6 years,40666,15.63,D,15.2,60,14300,13300.0,12800.0,Charged Off,5783.5,2022-09-15
LN104064,CU20564,Joshua Harris,2021-05-04,2021-05-21,East,Enugu,Business Expansion,OWN,9 years,26858,17.21,B,9.47,60,12900,11600.0,11400.0,Fully Paid,15329.14,2023-12-31
LN104065,CU20565,Nancy Hill,2023-07-03,2023-07-19,West,Ogun,Car Purchase,MORTGAGE,3 years,48291,2.18,B,10.88,60,25300,20200.0,18500.0,Fully Paid,23200.61,2023-12-31
LN104066,CU20566,William Anderson,2021-09-06,2021-09-21,East,Abia,Small Business Startup,RENT,5 years,25969,15.82,B,9.34,36,20900,19600.0,18500.0,Fully Paid,25743.07,2023-12-31
LN104067,CU20567,William Wright,2022-12-31,2023-01-19,South,Bayelsa,Business Expansion,MORTGAGE,6 years,27122,14.61,A,8.89,36,9000,8700.0,8700.0,Fully Paid,10877.51,2023-12-31
LN104068,CU20568,Lisa Harris,2023-01-28,2023-01-29,South,Bayelsa,Agriculture,RENT,5 years,75328,30.4,E,20.7,60,11300,8400.0,8200.0,Current,1610.44,2023-11-21
LN104069,CU20569,Steven Torres,2023-01-10,2023-01-20,South,Bayelsa,Debt Consolidation,MORTGAGE,5 years,48579,15.82,B,9.99,60,15500,14000.0,14000.0,Fully Paid,15411.94,2023-12-31
LN104070,CU20570,Patricia Nguyen,2021-03-10,2021-03-23,East,Abia,Debt Consolidation,RENT,4 years,36210,2.46,D,17.66,60,13400,12300.0,11800.0,Fully Paid,16148.62,2023-12-31
LN104071,CU20571,Richard Flores,2023-08-18,2023-08-20,North,Kaduna,Education,RENT,9 years,99794,2.85,C,12.49,60,24000,22500.0,21700.0,Fully Paid,25244.98,2023-12-31
LN104072,CU20572,Nancy Martinez,2021-05-09,2021-05-17,Central,Plateau,Home Improvement,RENT,8 years,35714,8.13,F,22.93,60,20300,19300.0,16800.0,Charged Off,9871.65,2023-12-31
LN104073,CU20573,Amanda Thomas,2022-09-29,2022-10-04,Central,Kogi,Debt Consolidation,RENT,2 years,60119,4.0,G,29.21,36,23800,20400.0,20400.0,Fully Paid,27512.2,2023-12-31
LN104074,CU20574,Paul Smith,2023-11-22,2023-12-10,East,Abia,Medical Expenses,MORTGAGE,6 years,25457,11.29,E,20.81,36,26400,26400.0,25600.0,Fully Paid,30892.5,2023-12-31
LN104075,CU20575,Thomas Lopez,2022-09-22,2022-10-07,West,Ogun,Debt Consolidation,RENT,7 years,45521,14.09,D,15.31,60,18500,16000.0,15100.0,Fully Paid,17728.94,2023-12-31
LN104076,CU20576,Paul Garcia,2021-09-09,2021-09-16,East,Abia,Car Purchase,RENT,2 years,50434,31.93,E,18.26,60,1000,900.0,900.0,Fully Paid,1072.9,2023-12-31
LN104077,CU20577,Jessica King,2021-05-10,2021-05-13,West,Ogun,Medical Expenses,RENT,< 1 year,35327,2.71,C,14.1,36,13200,9300.0,8900.0,Fully Paid,12118.31,2023-12-31
LN104078,CU20578,Margaret Clark,2021-12-14,2021-12-30,North,Katsina,Home Improvement,RENT,10+ years,85212,9.85,C,13.98,60,20400,18100.0,17300.0,Fully Paid,21140.55,2023-12-31
LN104079,CU20579,Melissa Jones,2022-01-04,2022-01-09,Central,Niger,Small Business Startup,RENT,7 years,70492,4.26,C,13.71,36,33000,33000.0,31100.0,Fully Paid,38657.71,2023-12-31
LN104080,CU20580,Emily Ramirez,2023-07-23,2023-08-01,West,Lagos,Business Expansion,OWN,6 years,41118,3.61,F,25.37,36,10700,9400.0,9400.0,Fully Paid,11479.6,2023-12-31
LN104081,CU20581,Michelle Martinez,2023-01-29,2023-02-03,East,Abia,Car Purchase,MORTGAGE,2 years,95960,2.83,C,12.58,60,9900,9200.0,9200.0,Fully Paid,9812.24,2023-12-31
LN104082,CU20582,Michelle Gonzalez,2022-04-02,2022-04-07,East,Enugu,Debt Consolidation,RENT,3 years,42660,31.32,F,23.0,60,17700,16200.0,16200.0,Fully Paid,19334.7,2023-12-31
LN104083,CU20583,Edward Miller,2022-10-07,2022-10-25,North,Sokoto,Wedding,MORTGAGE,2 years,21345,7.26,B,11.57,36,20300,19100.0,17900.0,Current,8058.16,2023-12-26
LN104084,CU20584,Mark Garcia,2023-07-13,2023-08-02,Central,Abuja FCT,Medical Expenses,OWN,6 years,29534,29.97,B,10.37,60,24000,24000.0,22200.0,Current,2261.15,2023-12-18
LN104085,CU20585,Michael Sanchez,2022-05-15,2022-05-21,East,Imo,Debt Consolidation,MORTGAGE,3 years,93291,22.72,A,6.58,60,14400,13900.0,13400.0,Fully Paid,18713.79,2023-12-31
LN104086,CU20586,Joseph White,2021-12-25,2022-01-05,South,Delta,Small Business Startup,MORTGAGE,1 year,145018,33.68,C,12.1,36,10400,10100.0,10100.0,Fully Paid,12720.27,2023-12-31
LN104087,CU20587,Christopher Hill,2023-01-04,,North,Sokoto,Car Purchase,MORTGAGE,7 years,74990,17.14,E,19.88,36,26200,0.0,0.0,Rejected,0.0,
LN104088,CU20588,Michael Walker,2023-05-28,2023-06-15,North,Sokoto,Medical Expenses,MORTGAGE,10+ years,33572,6.87,B,11.18,60,1800,1500.0,1400.0,Fully Paid,1593.5,2023-12-31
LN104089,CU20589,Sarah Wilson,2023-01-30,2023-02-19,East,Imo,Debt Consolidation,RENT,3 years,41055,24.04,E,21.14,60,17100,16800.0,14800.0,Fully Paid,21099.76,2023-12-31
LN104090,CU20590,Margaret Allen,2023-05-09,2023-05-19,West,Ogun,Car Purchase,MORTGAGE,4 years,44926,9.23,B,11.95,60,26600,20400.0,19600.0,Fully Paid,24527.49,2023-12-31
LN104091,CU20591,Mary Sanchez,2023-04-25,2023-05-08,South,Delta,Agriculture,RENT,3 years,20105,22.22,E,20.26,36,6600,5900.0,5600.0,Fully Paid,7583.22,2023-12-31
LN104092,CU20592,William Nguyen,2021-10-15,2021-10-24,East,Anambra,Debt Consolidation,OWN,1 year,89671,23.03,A,7.84,36,12800,10600.0,10100.0,Fully Paid,14173.29,2023-12-31
LN104093,CU20593,Edward Perez,2023-09-17,2023-10-04,North,Katsina,Education,MORTGAGE,2 years,26431,9.08,C,12.18,36,20500,20300.0,19200.0,Fully Paid,26642.85,2023-12-31
LN104094,CU20594,William Johnson,2023-11-01,2023-11-05,South,Delta,Home Improvement,OWN,9 years,56528,30.29,C,14.27,36,23400,21700.0,19300.0,Fully Paid,22801.79,2023-12-31
LN104095,CU20595,Deborah White,2022-09-03,2022-09-16,Central,Kogi,Agriculture,RENT,6 years,48455,15.55,E,18.31,36,20700,20700.0,19700.0,Fully Paid,27634.63,2023-12-31
LN104096,CU20596,Karen Johnson,2022-07-08,2022-07-12,North,Sokoto,Small Business Startup,RENT,8 years,23712,4.59,C,12.05,36,8200,8200.0,7500.0,Fully Paid,10830.72,2023-12-31
LN104097,CU20597,Jessica Clark,2023-10-08,2023-10-12,North,Sokoto,Education,RENT,3 years,34699,13.46,B,9.56,36,15300,14200.0,13500.0,Fully Paid,16375.58,2023-12-31
LN104098,CU20598,Nancy Flores,2021-06-17,2021-07-07,Central,Niger,Business Expansion,MORTGAGE,7 years,52430,16.19,D,16.79,36,17600,16400.0,16400.0,Fully Paid,22096.66,2023-12-31
LN104099,CU20599,Michelle Brown,2022-04-27,,Central,Abuja FCT,Car Purchase,RENT,4 years,80677,19.88,F,22.26,60,16300,0.0,0.0,Rejected,0.0,
LN104100,CU20600,Christopher Torres,2023-01-25,2023-02-07,South,Rivers,Debt Consolidation,MORTGAGE,4 years,127928,34.26,C,13.63,36,20500,16600.0,16600.0,Charged Off,6391.18,2023-04-05
LN104101,CU20601,Robert Clark,2021-08-08,2021-08-22,Central,Abuja FCT,Debt Consolidation,OWN,5 years,37436,5.03,B,11.68,36,21500,18100.0,16000.0,Charged Off,5294.26,2022-04-24
LN104102,CU20602,Joshua Martin,2022-07-01,2022-07-02,East,Anambra,Home Improvement,MORTGAGE,7 years,41908,13.05,F,22.83,36,19400,19400.0,18300.0,Fully Paid,22779.79,2023-12-31
LN104103,CU20603,Linda White,2022-02-17,2022-03-01,South,Akwa Ibom,Medical Expenses,MORTGAGE,< 1 year,49443,16.74,A,7.08,36,14700,13200.0,13100.0,Fully Paid,16810.27,2023-12-31
LN104104,CU20604,Karen Scott,2022-09-08,2022-09-17,Central,Abuja FCT,Agriculture,MORTGAGE,7 years,39690,11.74,C,12.13,60,16400,16400.0,15800.0,Fully Paid,20668.85,2023-12-31
LN104105,CU20605,Daniel Miller,2021-11-30,2021-12-15,West,Ogun,Home Improvement,MORTGAGE,4 years,32029,27.57,D,15.09,60,18400,16100.0,15700.0,Fully Paid,20151.81,2023-12-31
LN104106,CU20606,Charles Miller,2023-01-27,2023-02-04,North,Kano,Car Purchase,OWN,9 years,92448,2.28,D,15.29,36,16700,13100.0,12700.0,Fully Paid,16805.09,2023-12-31
LN104107,CU20607,Brian Sanchez,2023-06-22,2023-06-27,West,Osun,Business Expansion,MORTGAGE,< 1 year,58727,21.32,E,20.5,60,26400,25800.0,22500.0,Charged Off,9124.95,2023-12-31
LN104108,CU20608,Carol Allen,2022-06-19,2022-07-08,West,Lagos,Debt Consolidation,MORTGAGE,3 years,57108,6.5,A,7.82,36,8200,8200.0,8200.0,Charged Off,4906.13,2023-12-31
LN104109,CU20609,Carol King,2022-10-31,2022-11-20,Central,Niger,Small Business Startup,MORTGAGE,10+ years,35317,22.17,C,12.97,36,26700,23500.0,23400.0,Fully Paid,31446.94,2023-12-31
LN104110,CU20610,Richard Walker,2023-07-16,2023-07-18,North,Kano,Debt Consolidation,RENT,3 years,55377,6.63,F,25.01,36,13300,11100.0,9900.0,Fully Paid,13492.42,2023-12-31
LN104111,CU20611,Anthony Torres,2022-02-25,2022-03-15,East,Imo,Car Purchase,MORTGAGE,< 1 year,18530,32.32,D,16.37,60,29700,26400.0,26400.0,Charged Off,5133.04,2022-05-29
LN104112,CU20612,George Nguyen,2022-07-15,2022-08-02,East,Enugu,Education,OWN,5 years,41169,23.41,D,15.17,36,9800,8500.0,8500.0,Charged Off,3869.27,2023-10-01
LN104113,CU20613,Robert Young,2021-03-18,2021-03-22,North,Kaduna,Agriculture,RENT,8 years,80880,23.3,C,14.46,60,1200,1200.0,1200.0,Fully Paid,1537.55,2023-12-31
LN104114,CU20614,William Gonzalez,2021-01-18,2021-01-24,East,Enugu,Home Improvement,MORTGAGE,9 years,43569,20.92,A,6.85,60,16500,14300.0,13700.0,Fully Paid,18807.73,2023-12-31
LN104115,CU20615,Andrew Harris,2023-01-10,2023-01-15,South,Akwa Ibom,Home Improvement,RENT,1 year,70763,27.64,A,6.81,36,20700,18900.0,18500.0,Fully Paid,23907.6,2023-12-31
LN104116,CU20616,Deborah Torres,2021-05-06,2021-05-10,Central,Plateau,Home Improvement,OWN,< 1 year,68640,34.74,C,13.84,36,11300,10700.0,10300.0,Fully Paid,13125.09,2023-12-31
LN104117,CU20617,Ashley Ramirez,2021-07-17,2021-07-26,North,Kaduna,Agriculture,RENT,8 years,28241,24.26,A,8.91,36,23500,23300.0,23300.0,Fully Paid,24729.11,2023-12-31
LN104118,CU20618,Melissa Perez,2021-06-06,2021-06-25,South,Bayelsa,Personal,OWN,1 year,45730,32.45,A,7.16,60,13100,12800.0,12800.0,Fully Paid,13778.08,2023-12-31
LN104119,CU20619,Kenneth Brown,2021-05-12,2021-05-16,North,Kaduna,Car Purchase,OWN,3 years,59669,13.6,A,6.66,36,23300,22100.0,20900.0,Fully Paid,27048.44,2023-12-31
LN104120,CU20620,Nancy White,2022-05-19,2022-06-01,West,Osun,Car Purchase,OWN,3 years,77308,19.87,C,13.65,36,14200,12600.0,12600.0,Fully Paid,13605.89,2023-12-31
LN104121,CU20621,Karen Jackson,2021-12-25,2022-01-14,West,Ogun,Debt Consolidation,MORTGAGE,< 1 year,15000,28.67,C,14.25,60,12800,11900.0,10600.0,Fully Paid,13615.2,2023-12-31
LN104122,CU20622,Steven Torres,2023-01-23,2023-01-29,North,Sokoto,Debt Consolidation,OWN,9 years,50804,3.85,E,21.05,60,23400,21600.0,20500.0,Fully Paid,23125.1,2023-12-31
LN104123,CU20623,Joseph Sanchez,2023-07-02,2023-07-08,South,Akwa Ibom,Business Expansion,RENT,2 years,61849,17.63,D,15.26,60,22400,19900.0,18100.0,Fully Paid,26587.37,2023-12-31
LN104124,CU20624,Patricia White,2022-12-18,,Central,Abuja FCT,Small Business Startup,MORTGAGE,7 years,26523,31.64,G,29.62,36,6600,0.0,0.0,Rejected,0.0,
LN104125,CU20625,Lisa Perez,2022-10-01,2022-10-07,East,Enugu,Small Business Startup,MORTGAGE,5 years,47550,4.31,E,20.87,60,2100,2000.0,1900.0,Fully Paid,2253.59,2023-12-31
LN104126,CU20626,Christopher Rodriguez,2023-09-19,2023-09-28,South,Rivers,Personal,OWN,2 years,31196,15.88,C,13.66,36,7500,7000.0,6500.0,Fully Paid,8357.05,2023-12-31
LN104127,CU20627,Kevin Hernandez,2021-11-28,2021-12-04,Central,Abuja FCT,Education,OWN,2 years,34927,33.15,B,10.85,60,15900,14400.0,13700.0,Fully Paid,18467.71,2023-12-31
LN104128,CU20628,Dorothy Thomas,2021-03-09,2021-03-26,East,Anambra,Car Purchase,RENT,10+ years,28070,16.39,B,10.01,60,13400,11800.0,11700.0,Fully Paid,15885.88,2023-12-31
LN104129,CU20629,Michael Jackson,2021-10-08,2021-10-10,East,Abia,Debt Consolidation,MORTGAGE,5 years,56409,3.67,C,12.68,36,13400,13400.0,13100.0,Fully Paid,15198.12,2023-12-31
LN104130,CU20630,Joseph Johnson,2021-08-20,2021-08-30,North,Kaduna,Business Expansion,OWN,1 year,44425,29.29,D,15.85,60,13600,11600.0,10900.0,Current,5642.31,2023-12-02
LN104131,CU20631,Dorothy Walker,2023-01-31,2023-02-05,Central,Abuja FCT,Debt Consolidation,RENT,10+ years,43315,2.29,G,29.63,36,14700,13300.0,13000.0,Fully Paid,17818.46,2023-12-31
LN104132,CU20632,Kevin Rodriguez,2022-09-19,2022-10-09,West,Lagos,Small Business Startup,MORTGAGE,7 years,43717,29.61,B,10.2,60,17100,16100.0,16100.0,Fully Paid,21571.41,2023-12-31
LN104133,CU20633,Mark Lopez,2023-06-13,2023-06-25,East,Abia,Home Improvement,MORTGAGE,4 years,46562,17.74,C,12.23,36,14900,14900.0,14300.0,Charged Off,4826.36,2023-12-31
LN104134,CU20634,Charles Flores,2023-07-15,2023-07-22,Central,Plateau,Personal,OWN,7 years,28868,15.56,E,20.83,36,8200,7200.0,7200.0,Fully Paid,8653.02,2023-12-31
LN104135,CU20635,John Lewis,2022-08-02,2022-08-08,North,Kaduna,Debt Consolidation,RENT,5 years,31760,24.82,C,12.14,60,30000,29300.0,29300.0,Current,8420.15,2023-12-22
LN104136,CU20636,Donald Smith,2021-09-21,2021-09-29,East,Anambra,Debt Consolidation,MORTGAGE,5 years,49276,9.78,D,17.8,36,11500,11200.0,10800.0,Fully Paid,14816.88,2023-12-31
LN104137,CU20637,Edward Scott,2022-04-21,2022-05-05,North,Sokoto,Debt Consolidation,OWN,1 year,20053,23.25,B,10.22,36,21100,18900.0,18900.0,Fully Paid,24033.14,2023-12-31
LN104138,CU20638,Kevin Walker,2023-04-27,2023-05-01,East,Imo,Home Improvement,MORTGAGE,7 years,22345,23.61,D,15.12,36,2800,2700.0,2600.0,Fully Paid,3261.91,2023-12-31
LN104139,CU20639,Donna Perez,2021-08-30,2021-09-04,North,Kaduna,Debt Consolidation,RENT,7 years,98504,33.74,D,16.64,60,35900,34100.0,30200.0,Current,16056.62,2023-12-19
LN104140,CU20640,Ashley Davis,2023-11-23,,East,Imo,Car Purchase,RENT,< 1 year,51186,29.76,F,22.73,60,10100,0.0,0.0,Rejected,0.0,
LN104141,CU20641,William Wilson,2022-09-12,2022-09-25,West,Ogun,Education,RENT,8 years,37494,27.04,C,13.61,60,9600,9200.0,8800.0,Fully Paid,12007.87,2023-12-31
LN104142,CU20642,Robert Moore,2022-12-11,2022-12-26,West,Osun,Agriculture,OWN,8 years,59401,33.61,D,17.01,60,7500,7100.0,7000.0,Fully Paid,7598.77,2023-12-31
LN104143,CU20643,Ashley King,2022-07-26,2022-08-04,East,Imo,Agriculture,OWN,< 1 year,96251,28.44,D,15.47,60,8800,8800.0,8600.0,Fully Paid,10830.29,2023-12-31
LN104144,CU20644,Sarah Martin,2022-02-24,,South,Bayelsa,Business Expansion,RENT,6 years,41333,22.04,G,27.71,36,12900,0.0,0.0,Rejected,0.0,
LN104145,CU20645,Charles Martin,2023-07-29,2023-08-12,Central,Plateau,Medical Expenses,OWN,1 year,69272,21.12,B,10.62,36,12600,10900.0,10600.0,Current,1241.78,2023-11-30
LN104146,CU20646,Amanda Lewis,2023-07-02,2023-07-19,South,Akwa Ibom,Debt Consolidation,RENT,4 years,34449,21.05,E,20.35,60,13800,11000.0,11000.0,Fully Paid,12787.16,2023-12-31
LN104147,CU20647,Sandra Thomas,2023-11-24,,South,Rivers,Education,MORTGAGE,1 year,26952,29.05,F,23.27,60,5300,0.0,0.0,Rejected,0.0,
LN104148,CU20648,Christopher Jackson,2022-11-18,,North,Kano,Debt Consolidation,RENT,10+ years,44202,32.8,F,25.07,60,17300,0.0,0.0,Rejected,0.0,
LN104149,CU20649,Nancy Lewis,2021-03-03,2021-03-19,Central,Plateau,Debt Consolidation,MORTGAGE,7 years,38754,5.58,D,16.8,36,22800,22100.0,22100.0,Fully Paid,27461.03,2023-12-31
LN104150,CU20650,Karen White,2021-02-24,2021-03-05,East,Anambra,Business Expansion,OWN,1 year,55195,4.02,A,7.45,36,10300,9200.0,8900.0,Current,9302.44,2023-12-09
LN104151,CU20651,Donna Lopez,2023-01-02,2023-01-04,North,Kano,Business Expansion,RENT,7 years,94206,13.58,A,8.07,60,6300,6300.0,6300.0,Fully Paid,7261.25,2023-12-31
LN104152,CU20652,Kenneth Hernandez,2023-10-18,2023-11-01,East,Enugu,Debt Consolidation,RENT,4 years,85249,23.42,A,7.9,60,10900,9400.0,8900.0,Fully Paid,12473.15,2023-12-31
LN104153,CU20653,Karen Martinez,2023-06-16,2023-06-21,East,Anambra,Small Business Startup,RENT,2 years,57462,19.22,B,10.52,36,7000,7000.0,7000.0,Charged Off,1145.14,2023-12-31
LN104154,CU20654,Robert Smith,2023-04-12,2023-04-18,West,Oyo,Debt Consolidation,OWN,7 years,45253,33.61,B,9.49,60,10200,9100.0,8400.0,Fully Paid,12159.32,2023-12-31
LN104155,CU20655,Carol Miller,2023-05-09,2023-05-24,East,Abia,Debt Consolidation,OWN,9 years,40966,34.49,D,16.23,36,25600,25300.0,25100.0,Current,4944.2,2023-11-25
LN104156,CU20656,Jessica Hernandez,2023-03-10,2023-03-12,North,Sokoto,Small Business Startup,MORTGAGE,9 years,40839,24.65,B,9.59,36,8300,7000.0,6800.0,Fully Paid,7352.25,2023-12-31
LN104157,CU20657,Daniel Williams,2021-08-21,2021-08-30,West,Osun,Debt Consolidation,MORTGAGE,5 years,122760,32.23,A,8.75,60,22800,21500.0,21500.0,Fully Paid,23391.61,2023-12-31
LN104158,CU20658,Thomas Nguyen,2021-07-31,2021-08-02,East,Enugu,Debt Consolidation,MORTGAGE,< 1 year,45763,12.75,C,14.4,36,1000,900.0,900.0,Fully Paid,1046.33,2023-12-31
LN104159,CU20659,Melissa Williams,2023-04-24,,East,Enugu,Debt Consolidation,OWN,3 years,67529,28.94,F,25.78,36,10800,0.0,0.0,Rejected,0.0,
LN104160,CU20660,Lisa Davis,2021-09-13,2021-10-02,West,Oyo,Debt Consolidation,MORTGAGE,6 years,27995,26.12,B,10.42,36,11400,11400.0,11400.0,Fully Paid,13123.65,2023-12-31
LN104161,CU20661,Daniel Anderson,2022-03-10,2022-03-12,North,Sokoto,Car Purchase,RENT,2 years,71391,9.36,D,15.54,60,18800,18700.0,18100.0,Fully Paid,20852.3,2023-12-31
LN104162,CU20662,Carol Williams,2021-12-11,2021-12-31,West,Osun,Small Business Startup,OWN,2 years,62132,25.71,D,16.68,60,1000,800.0,800.0,Fully Paid,983.39,2023-12-31
LN104163,CU20663,Steven Torres,2023-09-24,2023-09-26,South,Bayelsa,Small Business Startup,RENT,2 years,42816,4.35,D,16.62,60,25800,25800.0,25400.0,Charged Off,12561.41,2023-12-31
LN104164,CU20664,Kevin King,2023-10-27,2023-11-03,West,Ogun,Debt Consolidation,MORTGAGE,< 1 year,59552,24.84,C,12.35,36,19500,16800.0,15700.0,Charged Off,4620.6,2023-12-31
LN104165,CU20665,Elizabeth Wilson,2023-01-16,2023-01-27,Central,Niger,Wedding,OWN,2 years,52339,32.9,A,6.63,60,27100,19500.0,18800.0,Charged Off,4743.6,2023-12-31
LN104166,CU20666,Mary Sanchez,2022-06-25,2022-07-13,South,Delta,Medical Expenses,RENT,8 years,47429,10.64,E,20.73,60,26500,24800.0,23900.0,Fully Paid,26297.75,2023-12-31
LN104167,CU20667,Linda Hernandez,2023-03-23,2023-03-28,West,Lagos,Debt Consolidation,MORTGAGE,5 years,27426,17.45,D,15.97,60,27300,25600.0,24900.0,Fully Paid,28781.81,2023-12-31
LN104168,CU20668,Donna Torres,2021-09-28,2021-10-11,West,Lagos,Business Expansion,OWN,4 years,24138,32.39,C,14.01,36,14300,12200.0,11500.0,Fully Paid,15534.02,2023-12-31
LN104169,CU20669,Karen Walker,2021-04-14,2021-04-23,West,Lagos,Small Business Startup,OWN,9 years,91170,18.93,B,11.57,60,13200,11100.0,11100.0,Fully Paid,13609.71,2023-12-31
LN104170,CU20670,Edward Taylor,2023-08-11,2023-08-26,South,Bayelsa,Medical Expenses,OWN,2 years,71517,12.04,A,7.85,60,19600,19100.0,19100.0,Fully Paid,20243.42,2023-12-31
LN104171,CU20671,Susan Lee,2022-05-02,2022-05-15,West,Ogun,Debt Consolidation,RENT,2 years,50513,16.82,C,14.94,60,16900,16300.0,16300.0,Fully Paid,20888.23,2023-12-31
LN104172,CU20672,Betty Smith,2021-06-26,,East,Imo,Education,OWN,9 years,15979,11.66,F,24.37,60,10600,0.0,0.0,Rejected,0.0,
LN104173,CU20673,Christopher Sanchez,2022-01-17,,South,Delta,Education,MORTGAGE,6 years,16755,21.26,G,27.94,36,27900,0.0,0.0,Rejected,0.0,
LN104174,CU20674,Edward Davis,2023-11-08,2023-11-23,North,Katsina,Agriculture,RENT,1 year,39426,23.69,D,15.54,36,31000,27100.0,26800.0,Current,1551.65,2023-12-27
LN104175,CU20675,Betty Hill,2021-10-26,2021-11-03,East,Anambra,Home Improvement,OWN,9 years,60709,16.88,A,6.43,60,22200,21900.0,21900.0,Fully Paid,23459.43,2023-12-31
LN104176,CU20676,Nancy Walker,2023-10-01,2023-10-07,West,Lagos,Debt Consolidation,RENT,5 years,50889,15.83,B,11.04,36,14700,10200.0,9700.0,Fully Paid,13350.26,2023-12-31
LN104177,CU20677,Lisa King,2023-06-12,2023-06-20,Central,Niger,Home Improvement,RENT,< 1 year,66426,6.91,F,24.0,36,1000,900.0,900.0,Fully Paid,1021.31,2023-12-31
LN104178,CU20678,Richard Gonzalez,2023-03-15,2023-03-28,West,Ogun,Home Improvement,MORTGAGE,1 year,33190,18.37,C,13.06,36,21100,20800.0,19500.0,Fully Paid,24372.27,2023-12-31
LN104179,CU20679,Kimberly Johnson,2023-09-13,2023-09-15,Central,Abuja FCT,Agriculture,MORTGAGE,5 years,71164,21.81,C,13.25,36,16600,15700.0,15700.0,Charged Off,3033.36,2023-12-31
LN104180,CU20680,Ashley White,2023-04-18,2023-05-08,North,Kano,Education,MORTGAGE,< 1 year,21937,18.69,D,15.84,36,20100,19900.0,19700.0,Current,3890.14,2023-12-17
LN104181,CU20681,Mark Garcia,2021-08-17,2021-09-02,East,Anambra,Home Improvement,OWN,7 years,34042,28.8,C,12.87,36,26900,26900.0,24600.0,Fully Paid,30082.29,2023-12-31
LN104182,CU20682,Kenneth Martinez,2022-11-03,2022-11-08,West,Oyo,Car Purchase,RENT,2 years,59273,16.92,B,10.5,60,12400,12400.0,12300.0,Fully Paid,15731.64,2023-12-31
LN104183,CU20683,Jessica Sanchez,2021-10-17,2021-11-03,Central,Niger,Business Expansion,RENT,< 1 year,118829,13.44,B,11.04,36,14000,10600.0,9800.0,Current,8794.86,2023-12-09
LN104184,CU20684,Michelle Allen,2021-06-04,2021-06-24,North,Katsina,Debt Consolidation,MORTGAGE,8 years,36223,3.6,B,9.08,36,5200,4200.0,3900.0,Fully Paid,5322.03,2023-12-31
LN104185,CU20685,Mary Flores,2023-03-18,2023-03-28,South,Delta,Medical Expenses,MORTGAGE,2 years,66739,24.08,E,19.75,60,32200,25300.0,25300.0,Fully Paid,27529.11,2023-12-31
LN104186,CU20686,Lisa Hill,2023-03-10,2023-03-16,East,Anambra,Debt Consolidation,RENT,3 years,52277,5.91,A,8.39,60,15200,12900.0,11500.0,Fully Paid,14116.61,2023-12-31
LN104187,CU20687,Christopher Thompson,2022-10-18,2022-10-24,South,Delta,Business Expansion,OWN,1 year,32320,26.65,D,16.18,36,11700,10700.0,10600.0,Fully Paid,14148.4,2023-12-31
LN104188,CU20688,Lisa Miller,2022-11-24,2022-11-30,North,Katsina,Business Expansion,MORTGAGE,1 year,90436,18.68,D,16.27,60,22200,22200.0,22200.0,Fully Paid,25282.51,2023-12-31
LN104189,CU20689,Christopher Miller,2023-05-21,2023-06-05,South,Delta,Medical Expenses,RENT,< 1 year,39172,24.87,C,14.85,60,7000,5600.0,5400.0,Fully Paid,6130.22,2023-12-31
LN104190,CU20690,Betty Sanchez,2021-05-15,2021-05-20,East,Abia,Business Expansion,MORTGAGE,1 year,121750,7.7,B,10.54,36,6600,6600.0,6200.0,Fully Paid,7827.88,2023-12-31
LN104191,CU20691,Melissa Torres,2022-06-23,2022-07-07,North,Kaduna,Business Expansion,RENT,5 years,29470,11.15,D,17.78,36,19100,17700.0,17100.0,Fully Paid,20882.27,2023-12-31
LN104192,CU20692,Kevin Allen,2023-02-14,2023-02-26,East,Enugu,Home Improvement,RENT,6 years,104274,26.3,B,10.95,60,16200,14800.0,14400.0,Fully Paid,19709.28,2023-12-31
LN104193,CU20693,Robert Hill,2023-06-26,2023-07-03,West,Osun,Debt Consolidation,RENT,< 1 year,31350,4.88,C,14.22,36,7100,7100.0,7000.0,Fully Paid,9549.73,2023-12-31
LN104194,CU20694,Amanda Torres,2022-08-16,2022-08-23,East,Enugu,Agriculture,OWN,7 years,76660,18.52,C,14.0,60,8500,8200.0,8000.0,Fully Paid,9229.78,2023-12-31
LN104195,CU20695,Charles Hill,2021-11-15,2021-12-01,North,Katsina,Medical Expenses,RENT,3 years,25833,28.42,A,6.36,60,6600,5500.0,5400.0,Fully Paid,6943.53,2023-12-31
LN104196,CU20696,Elizabeth Lopez,2022-01-16,2022-02-04,South,Rivers,Personal,MORTGAGE,4 years,53697,29.14,C,12.39,36,16900,15300.0,15200.0,Fully Paid,16945.36,2023-12-31
LN104197,CU20697,Jennifer Torres,2022-06-12,2022-06-16,North,Kano,Home Improvement,RENT,3 years,45017,33.25,D,15.31,60,28400,28400.0,27100.0,Charged Off,5348.53,2023-12-31
LN104198,CU20698,Paul Thomas,2021-01-31,2021-02-04,Central,Kogi,Debt Consolidation,MORTGAGE,3 years,55368,5.13,F,22.94,60,14700,14700.0,12500.0,Charged Off,3778.44,2022-12-26
LN104199,CU20699,Jennifer Wilson,2022-02-18,2022-03-05,East,Abia,Home Improvement,MORTGAGE,4 years,46364,22.19,B,11.99,36,7600,7100.0,6500.0,Fully Paid,8744.6,2023-12-31
LN104200,CU20700,Robert Harris,2022-12-15,,South,Delta,Agriculture,RENT,7 years,80544,32.76,F,24.51,60,15800,0.0,0.0,Rejected,0.0,
LN104201,CU20701,Thomas Wilson,2022-10-25,2022-11-12,South,Delta,Medical Expenses,RENT,1 year,47201,12.66,B,10.45,60,3000,2900.0,2900.0,Fully Paid,3167.45,2023-12-31
LN104202,CU20702,Elizabeth Williams,2022-06-06,2022-06-23,West,Ogun,Debt Consolidation,RENT,8 years,27820,27.36,D,17.06,36,19800,19800.0,19800.0,Fully Paid,22848.64,2023-12-31
LN104203,CU20703,Carol Scott,2023-11-20,2023-11-30,West,Lagos,Small Business Startup,OWN,6 years,40963,26.03,D,17.23,60,14500,14000.0,13800.0,Fully Paid,15520.99,2023-12-31
LN104204,CU20704,Karen Lee,2022-11-25,2022-11-29,South,Bayelsa,Car Purchase,OWN,3 years,18954,31.28,A,6.65,60,15900,15100.0,14100.0,Fully Paid,17731.66,2023-12-31
LN104205,CU20705,Charles Harris,2021-07-25,2021-08-02,North,Katsina,Debt Consolidation,RENT,< 1 year,53243,12.5,C,12.96,36,8300,8000.0,7700.0,Fully Paid,8447.61,2023-12-31
LN104206,CU20706,Kevin Thomas,2021-06-10,2021-06-11,West,Osun,Debt Consolidation,OWN,7 years,35821,21.71,A,8.1,60,10800,10800.0,9100.0,Fully Paid,13779.37,2023-12-31
LN104207,CU20707,Lisa Thomas,2021-08-10,2021-08-11,North,Kano,Home Improvement,RENT,8 years,39238,7.18,E,21.26,60,9600,8100.0,8100.0,Fully Paid,9447.52,2023-12-31
LN104208,CU20708,Mark Rodriguez,2023-07-04,2023-07-10,Central,Plateau,Small Business Startup,OWN,< 1 year,31018,4.28,E,19.09,60,13700,13700.0,12500.0,Fully Paid,14652.9,2023-12-31
LN104209,CU20709,Michael Harris,2022-10-05,2022-10-21,West,Osun,Small Business Startup,MORTGAGE,8 years,35744,14.54,A,7.16,60,20100,20100.0,19500.0,Fully Paid,21191.07,2023-12-31
LN104210,CU20710,Linda Hill,2022-12-07,2022-12-18,South,Akwa Ibom,Wedding,OWN,1 year,34809,7.51,C,13.36,60,21300,21300.0,21300.0,Fully Paid,24029.57,2023-12-31
LN104211,CU20711,Michael Ramirez,2022-04-25,2022-04-30,North,Sokoto,Wedding,MORTGAGE,4 years,21401,6.59,A,6.15,60,24700,21400.0,20200.0,Fully Paid,25530.84,2023-12-31
LN104212,CU20712,Daniel Lewis,2022-08-26,2022-09-15,West,Lagos,Home Improvement,OWN,4 years,32911,17.25,A,6.39,36,17700,17700.0,17700.0,Fully Paid,19629.06,2023-12-31
LN104213,CU20713,George Brown,2022-10-22,2022-10-29,South,Akwa Ibom,Home Improvement,OWN,8 years,144719,5.04,E,21.02,36,11500,10000.0,9600.0,Charged Off,2050.62,2023-12-31
LN104214,CU20714,Michelle Ramirez,2022-09-25,2022-10-15,West,Ogun,Medical Expenses,OWN,5 years,46013,22.06,C,13.61,60,15000,14800.0,14300.0,Fully Paid,19409.24,2023-12-31
LN104215,CU20715,Deborah Robinson,2023-11-16,2023-11-21,West,Ogun,Education,RENT,8 years,64657,2.8,C,14.79,36,11900,11900.0,10600.0,Fully Paid,14805.34,2023-12-31
LN104216,CU20716,Joseph Young,2023-05-13,2023-05-16,West,Ogun,Car Purchase,RENT,2 years,85067,15.39,A,7.51,36,10800,9900.0,9300.0,Fully Paid,10739.15,2023-12-31
LN104217,CU20717,Margaret White,2022-11-13,2022-11-15,South,Akwa Ibom,Personal,RENT,3 years,52538,10.25,A,7.82,60,9400,8400.0,8400.0,Fully Paid,10251.66,2023-12-31
LN104218,CU20718,Nancy Allen,2023-04-26,,South,Akwa Ibom,Education,OWN,< 1 year,33035,34.11,F,24.43,60,35900,0.0,0.0,Rejected,0.0,
LN104219,CU20719,Amanda Martinez,2022-10-29,2022-11-17,Central,Kogi,Car Purchase,MORTGAGE,10+ years,57002,7.56,B,9.83,60,24100,21200.0,21200.0,Fully Paid,27556.53,2023-12-31
LN104220,CU20720,Karen Anderson,2021-09-01,2021-09-10,North,Sokoto,Home Improvement,RENT,2 years,35095,11.69,C,14.73,60,12400,9400.0,8600.0,Fully Paid,12332.4,2023-12-31
LN104221,CU20721,John Nguyen,2023-03-09,2023-03-25,West,Osun,Debt Consolidation,OWN,4 years,30686,23.36,C,14.73,60,25800,21900.0,21900.0,Fully Paid,25026.69,2023-12-31
LN104222,CU20722,Deborah White,2023-08-11,2023-08-25,South,Bayelsa,Debt Consolidation,OWN,3 years,36875,8.62,C,13.1,60,7300,6900.0,6900.0,Fully Paid,8928.96,2023-12-31
LN104223,CU20723,Joseph Brown,2023-09-28,2023-10-17,West,Osun,Car Purchase,RENT,1 year,42585,12.09,B,11.0,36,11200,11200.0,11100.0,Charged Off,5062.36,2023-12-31
LN104224,CU20724,Deborah Miller,2021-02-17,2021-02-26,Central,Kogi,Car Purchase,RENT,2 years,28198,10.12,B,11.48,36,22800,21400.0,20100.0,Fully Paid,25090.25,2023-12-31
LN104225,CU20725,George Williams,2021-05-09,2021-05-14,East,Enugu,Business Expansion,RENT,< 1 year,37323,19.93,D,16.54,36,8800,7800.0,7700.0,Charged Off,1339.8,2022-05-04
LN104226,CU20726,Jennifer Wilson,2021-01-09,2021-01-12,Central,Abuja FCT,Car Purchase,OWN,9 years,100250,26.06,A,8.06,36,10900,8300.0,7800.0,Fully Paid,8948.23,2023-11-30
LN104227,CU20727,Thomas Lewis,2022-12-13,2022-12-30,South,Rivers,Personal,RENT,5 years,49119,28.63,E,18.51,60,25500,20100.0,18300.0,Current,4392.67,2023-12-15
LN104228,CU20728,Michelle Young,2022-08-23,2022-09-02,East,Abia,Debt Consolidation,RENT,6 years,41382,5.22,C,14.78,60,18200,16600.0,15100.0,Current,4680.43,2023-12-19
LN104229,CU20729,Susan Thomas,2023-04-29,2023-05-06,Central,Kogi,Car Purchase,RENT,1 year,37465,22.42,B,10.71,36,14200,12900.0,12900.0,Fully Paid,15717.83,2023-12-31
LN104230,CU20730,Patricia Scott,2021-07-02,2021-07-15,South,Akwa Ibom,Home Improvement,OWN,< 1 year,82160,11.54,D,15.35,36,15100,15100.0,14600.0,Fully Paid,19433.1,2023-12-31
LN104231,CU20731,Melissa Taylor,2022-02-17,2022-02-27,Central,Abuja FCT,Agriculture,RENT,10+ years,25179,12.7,B,11.23,36,1000,1000.0,1000.0,Fully Paid,1085.63,2023-12-31
LN104232,CU20732,Carol Walker,2022-08-07,2022-08-22,South,Delta,Debt Consolidation,MORTGAGE,10+ years,66262,14.29,A,7.95,36,6600,6300.0,5800.0,Current,3102.28,2023-12-22
LN104233,CU20733,Michael Wright,2023-02-24,2023-03-15,South,Rivers,Debt Consolidation,MORTGAGE,< 1 year,32089,18.44,B,11.65,36,2800,2800.0,2800.0,Current,723.07,2023-11-28
LN104234,CU20734,Matthew Robinson,2021-06-23,2021-06-28,Central,Abuja FCT,Agriculture,MORTGAGE,< 1 year,58474,4.61,D,16.63,36,16200,16000.0,14900.0,Fully Paid,17930.58,2023-12-31
LN104235,CU20735,Emily Thomas,2021-01-13,2021-01-28,West,Osun,Agriculture,MORTGAGE,2 years,28885,13.81,D,17.39,60,19000,18500.0,17400.0,Fully Paid,21181.38,2023-12-31
LN104236,CU20736,Daniel Ramirez,2021-05-11,2021-05-23,East,Imo,Agriculture,OWN,9 years,44333,14.24,A,7.97,36,22100,20500.0,20500.0,Fully Paid,26323.71,2023-12-31
LN104237,CU20737,Barbara King,2023-03-15,2023-03-23,West,Ogun,Business Expansion,OWN,4 years,119186,16.32,E,21.23,36,27700,20400.0,18300.0,Fully Paid,23026.06,2023-12-31
LN104238,CU20738,Elizabeth Brown,2023-08-31,2023-09-11,South,Rivers,Personal,MORTGAGE,5 years,28200,10.46,B,10.87,60,23700,22000.0,21500.0,Charged Off,2688.31,2023-11-28
LN104239,CU20739,Dorothy Gonzalez,2023-09-09,2023-09-29,Central,Kogi,Small Business Startup,OWN,8 years,17952,14.6,B,11.68,36,8500,8500.0,7600.0,Fully Paid,10394.61,2023-12-31
LN104240,CU20740,Jennifer Johnson,2022-04-09,2022-04-24,West,Osun,Home Improvement,OWN,3 years,95337,28.52,B,11.76,36,17800,16300.0,16300.0,Fully Paid,21938.4,2023-12-31
LN104241,CU20741,Susan Jackson,2021-12-31,2022-01-17,Central,Abuja FCT,Home Improvement,MORTGAGE,4 years,43303,9.59,D,16.73,60,28900,27500.0,26900.0,Fully Paid,34685.62,2023-12-31
LN104242,CU20742,Emily White,2022-11-10,2022-11-14,Central,Kogi,Home Improvement,MORTGAGE,2 years,63214,25.65,B,9.08,36,21000,21000.0,21000.0,Fully Paid,26456.04,2023-12-31
LN104243,CU20743,Brian White,2022-09-24,2022-09-25,East,Imo,Business Expansion,MORTGAGE,4 years,40899,13.5,F,23.97,36,14900,12600.0,12000.0,Fully Paid,13445.24,2023-12-31
LN104244,CU20744,George Scott,2022-01-22,2022-02-06,West,Lagos,Agriculture,MORTGAGE,2 years,50466,11.75,C,12.51,60,12200,11200.0,10700.0,Fully Paid,13817.31,2023-12-31
LN104245,CU20745,Daniel Taylor,2021-06-02,2021-06-06,Central,Niger,Debt Consolidation,OWN,3 years,40376,18.6,A,6.53,60,20500,19500.0,19000.0,Fully Paid,21817.88,2023-12-31
LN104246,CU20746,William Allen,2021-11-04,2021-11-19,North,Kaduna,Debt Consolidation,MORTGAGE,7 years,41425,11.53,B,9.52,60,15200,15200.0,15200.0,Fully Paid,17588.83,2023-12-31
LN104247,CU20747,Elizabeth Ramirez,2021-04-25,2021-05-02,South,Bayelsa,Wedding,MORTGAGE,< 1 year,42756,14.25,C,13.48,60,27400,25700.0,25100.0,Fully Paid,27163.07,2023-12-31
LN104248,CU20748,David Thompson,2023-03-04,2023-03-08,North,Katsina,Car Purchase,RENT,6 years,29670,32.68,A,8.51,36,32500,28400.0,26500.0,Fully Paid,33987.15,2023-12-31
LN104249,CU20749,David Miller,2022-09-13,2022-10-01,South,Delta,Debt Consolidation,RENT,9 years,86866,19.61,B,11.67,60,14800,14800.0,13900.0,Current,4045.52,2023-12-08
LN104250,CU20750,Betty Thompson,2021-05-11,2021-05-31,West,Ogun,Medical Expenses,MORTGAGE,2 years,63899,20.86,B,10.79,60,14000,13300.0,13000.0,Charged Off,7289.59,2023-12-31
LN104251,CU20751,Karen Martin,2023-10-18,2023-10-25,North,Sokoto,Wedding,RENT,3 years,80726,25.27,C,14.28,60,12400,11500.0,11000.0,Fully Paid,14699.91,2023-12-31
LN104252,CU20752,Amanda Lopez,2022-08-22,2022-09-07,East,Abia,Agriculture,MORTGAGE,5 years,24592,10.13,C,13.63,60,20300,18700.0,18100.0,Fully Paid,22908.75,2023-12-31
LN104253,CU20753,Kevin Lee,2021-01-10,2021-01-12,West,Osun,Medical Expenses,RENT,1 year,83187,23.76,C,13.68,60,14300,13500.0,13400.0,Fully Paid,16601.26,2023-12-31
LN104254,CU20754,Donna Clark,2021-05-17,2021-05-28,East,Imo,Education,OWN,5 years,32702,8.33,D,16.76,36,21700,20900.0,20900.0,Fully Paid,27421.88,2023-12-31
LN104255,CU20755,Nancy Clark,2021-01-06,2021-01-26,Central,Plateau,Small Business Startup,RENT,2 years,51402,5.69,D,16.27,60,21400,19000.0,18800.0,Fully Paid,21985.53,2023-12-31
LN104256,CU20756,George Wright,2023-03-25,2023-04-02,North,Sokoto,Debt Consolidation,RENT,< 1 year,49125,12.95,B,11.08,60,33200,29500.0,29500.0,Fully Paid,37897.54,2023-12-31
LN104257,CU20757,Barbara Allen,2022-08-29,2022-09-09,East,Enugu,Business Expansion,OWN,6 years,57506,33.81,C,12.43,60,9200,9000.0,8900.0,Charged Off,4493.82,2023-09-07
LN104258,CU20758,Mary Flores,2022-11-17,2022-12-05,South,Delta,Education,OWN,1 year,49436,14.65,B,9.55,36,6400,4900.0,4900.0,Charged Off,1913.08,2023-12-31
LN104259,CU20759,George Jackson,2021-10-03,2021-10-13,East,Abia,Home Improvement,RENT,6 years,25177,32.75,E,18.97,36,8600,7400.0,7400.0,Fully Paid,8355.09,2023-12-31
LN104260,CU20760,Donald Garcia,2021-09-27,2021-10-09,East,Enugu,Agriculture,MORTGAGE,9 years,54311,12.38,D,17.84,60,20500,17600.0,16600.0,Fully Paid,21438.41,2023-12-31
LN104261,CU20761,George Wright,2022-04-10,2022-04-29,East,Anambra,Home Improvement,RENT,8 years,111336,20.37,A,8.59,60,16400,15600.0,14900.0,Fully Paid,20292.41,2023-12-31
LN104262,CU20762,Michelle Jones,2022-04-02,,West,Oyo,Medical Expenses,RENT,10+ years,24388,24.53,G,28.59,60,22300,0.0,0.0,Rejected,0.0,
LN104263,CU20763,Elizabeth Rodriguez,2022-10-21,2022-10-24,Central,Plateau,Business Expansion,OWN,2 years,39998,12.09,B,11.97,36,17800,17800.0,17800.0,Fully Paid,21341.52,2023-12-31
LN104264,CU20764,Edward Torres,2021-05-10,2021-05-18,West,Ogun,Car Purchase,OWN,1 year,53890,8.27,C,12.86,60,21800,21200.0,20000.0,Fully Paid,27669.88,2023-12-31
LN104265,CU20765,Paul Flores,2022-10-07,2022-10-27,North,Kaduna,Medical Expenses,MORTGAGE,< 1 year,28384,10.75,B,9.85,60,20500,18700.0,17700.0,Fully Paid,23197.97,2023-12-31
LN104266,CU20766,Michelle Lewis,2021-02-27,2021-03-16,East,Enugu,Debt Consolidation,MORTGAGE,5 years,42619,14.71,B,10.85,60,14700,14700.0,13700.0,Fully Paid,19452.86,2023-12-31
LN104267,CU20767,Daniel Hill,2021-07-02,2021-07-05,East,Anambra,Home Improvement,OWN,4 years,26767,26.22,D,15.49,60,12600,9500.0,9000.0,Fully Paid,10507.86,2023-12-31
LN104268,CU20768,Anthony Lee,2023-08-11,2023-08-13,East,Enugu,Medical Expenses,MORTGAGE,7 years,117810,14.32,C,12.52,60,9200,7500.0,7300.0,Fully Paid,8574.37,2023-12-31
LN104269,CU20769,Linda Hill,2023-07-27,2023-08-11,North,Kano,Business Expansion,RENT,7 years,39605,33.46,A,8.28,36,16800,14000.0,13500.0,Fully Paid,17132.9,2023-12-31
LN104270,CU20770,Kevin Johnson,2023-05-18,2023-05-22,West,Lagos,Small Business Startup,MORTGAGE,4 years,55478,33.7,B,9.34,60,11500,10500.0,10100.0,Current,1324.59,2023-11-26
LN104271,CU20771,Susan Harris,2023-01-08,2023-01-24,Central,Kogi,Debt Consolidation,MORTGAGE,5 years,93276,12.96,C,13.61,36,13000,11600.0,11400.0,Fully Paid,12394.33,2023-12-31
LN104272,CU20772,Donna Flores,2023-05-02,2023-05-15,South,Delta,Business Expansion,MORTGAGE,10+ years,54972,2.44,B,9.33,60,1000,1000.0,900.0,Fully Paid,1251.42,2023-12-31
LN104273,CU20773,Joshua Johnson,2023-12-09,2023-12-10,West,Lagos,Car Purchase,MORTGAGE,2 years,63120,6.91,D,16.49,36,2500,2200.0,2200.0,Charged Off,1002.81,2023-12-31
LN104274,CU20774,Robert Rodriguez,2023-01-19,2023-02-04,North,Sokoto,Debt Consolidation,MORTGAGE,6 years,68813,6.39,F,24.33,60,12200,10900.0,10300.0,Current,2076.54,2023-12-15
LN104275,CU20775,Richard Scott,2022-02-15,2022-03-06,East,Abia,Debt Consolidation,OWN,7 years,46057,22.2,C,13.08,60,17900,17700.0,17300.0,Fully Paid,19873.96,2023-12-31
LN104276,CU20776,Melissa Walker,2021-01-06,2021-01-10,Central,Plateau,Wedding,OWN,8 years,26547,25.17,A,7.55,36,9000,8100.0,8000.0,Fully Paid,9072.77,2023-11-26
LN104277,CU20777,Michelle Lee,2022-02-18,2022-02-21,South,Delta,Debt Consolidation,OWN,4 years,77680,33.88,B,9.71,60,17100,17100.0,17100.0,Fully Paid,20223.34,2023-12-31
LN104278,CU20778,Sandra Miller,2023-10-28,2023-11-14,South,Bayelsa,Agriculture,RENT,9 years,139483,3.31,B,10.25,36,18600,17000.0,17000.0,Fully Paid,21996.28,2023-12-31
LN104279,CU20779,John Allen,2021-12-19,2021-12-25,North,Kano,Business Expansion,OWN,< 1 year,69538,23.67,B,11.49,36,34300,32200.0,32200.0,Fully Paid,36758.59,2023-12-31
LN104280,CU20780,Charles Thomas,2023-10-03,2023-10-22,East,Enugu,Car Purchase,MORTGAGE,8 years,39340,8.03,B,9.29,60,14800,13000.0,13000.0,Fully Paid,14084.5,2023-12-31
LN104281,CU20781,John Jackson,2021-02-04,2021-02-10,South,Akwa Ibom,Agriculture,OWN,10+ years,57044,7.01,D,15.56,60,8000,7600.0,7600.0,Current,4941.97,2023-11-30
LN104282,CU20782,John Davis,2021-07-15,2021-07-22,Central,Niger,Debt Consolidation,OWN,7 years,19989,12.57,A,7.48,60,24100,21200.0,19400.0,Fully Paid,23685.69,2023-12-31
LN104283,CU20783,Patricia Perez,2022-11-12,2022-11-20,West,Ogun,Business Expansion,MORTGAGE,10+ years,26365,27.49,B,9.27,36,20700,19100.0,19100.0,Fully Paid,22045.74,2023-12-31
LN104284,CU20784,Joseph Clark,2021-11-29,2021-12-04,Central,Niger,Home Improvement,OWN,1 year,118185,8.62,A,7.88,60,4600,4600.0,4600.0,Fully Paid,6109.86,2023-12-31
LN104285,CU20785,Michelle Clark,2022-08-13,2022-08-28,Central,Kogi,Agriculture,RENT,2 years,73730,34.52,C,12.24,60,27600,23400.0,22600.0,Charged Off,2966.45,2023-08-29
LN104286,CU20786,John Allen,2021-09-29,2021-10-13,South,Rivers,Debt Consolidation,RENT,< 1 year,30189,17.93,B,10.37,60,9800,9200.0,9200.0,Fully Paid,11417.34,2023-12-31
LN104287,CU20787,Kevin Wilson,2021-09-19,2021-09-21,West,Ogun,Debt Consolidation,OWN,3 years,46432,2.73,A,8.67,60,1000,1000.0,1000.0,Fully Paid,1080.12,2023-12-31
LN104288,CU20788,Sarah Taylor,2022-10-31,2022-11-17,Central,Plateau,Business Expansion,OWN,9 years,41494,9.96,D,15.4,36,1400,1300.0,1200.0,Fully Paid,1731.79,2023-12-31
LN104289,CU20789,Donna Taylor,2022-07-24,2022-08-03,East,Imo,Business Expansion,MORTGAGE,9 years,37786,2.59,C,13.32,60,16600,15500.0,15500.0,Fully Paid,16957.28,2023-12-31
LN104290,CU20790,Edward Brown,2022-05-29,2022-06-10,East,Abia,Home Improvement,RENT,2 years,31241,17.12,D,17.04,60,11500,11000.0,10400.0,Fully Paid,13427.72,2023-12-31
LN104291,CU20791,James Taylor,2021-07-26,2021-08-07,West,Oyo,Home Improvement,RENT,4 years,62875,16.58,B,9.78,60,24600,21100.0,20800.0,Fully Paid,25426.42,2023-12-31
LN104292,CU20792,Charles Lee,2021-10-03,2021-10-13,South,Akwa Ibom,Business Expansion,MORTGAGE,8 years,40720,15.28,A,8.27,60,11200,10800.0,10300.0,Fully Paid,14141.27,2023-12-31
LN104293,CU20793,Emily Flores,2022-05-28,2022-06-02,South,Rivers,Debt Consolidation,OWN,1 year,59757,5.54,G,27.9,60,8700,7400.0,6700.0,Charged Off,4214.79,2023-01-18
LN104294,CU20794,Joseph Ramirez,2022-11-28,2022-12-14,Central,Plateau,Debt Consolidation,RENT,8 years,30090,5.8,A,6.66,36,23400,23400.0,23300.0,Fully Paid,30856.12,2023-12-31
LN104295,CU20795,Melissa Lewis,2022-05-30,2022-06-10,North,Sokoto,Medical Expenses,OWN,2 years,63699,34.07,C,12.77,36,13800,13300.0,12800.0,Fully Paid,17908.46,2023-12-31
LN104296,CU20796,Amanda Wilson,2022-07-18,2022-07-24,Central,Niger,Car Purchase,OWN,2 years,15000,18.99,D,15.86,36,9500,8100.0,8000.0,Fully Paid,10606.83,2023-12-31
LN104297,CU20797,Elizabeth Williams,2021-05-21,2021-05-23,West,Oyo,Debt Consolidation,MORTGAGE,7 years,53673,13.94,A,7.04,60,21300,21300.0,20400.0,Fully Paid,22697.01,2023-12-31
LN104298,CU20798,Jessica Hernandez,2023-07-23,2023-07-27,South,Bayelsa,Debt Consolidation,OWN,3 years,142419,5.6,B,11.87,36,5400,4100.0,3800.0,Fully Paid,4958.1,2023-12-31
LN104299,CU20799,Kimberly Gonzalez,2022-12-31,2023-01-14,West,Oyo,Debt Consolidation,MORTGAGE,8 years,48012,27.53,F,25.57,36,25400,23200.0,21300.0,Fully Paid,25467.46,2023-12-31
LN104300,CU20800,Kimberly Hill,2021-07-24,2021-08-10,East,Imo,Home Improvement,MORTGAGE,< 1 year,62659,27.54,A,7.67,60,15200,15200.0,15200.0,Fully Paid,19102.17,2023-12-31
LN104301,CU20801,Amanda Garcia,2021-07-24,2021-08-09,Central,Abuja FCT,Home Improvement,MORTGAGE,9 years,105695,30.07,B,9.81,36,2300,1800.0,1700.0,Fully Paid,2273.82,2023-12-31
LN104302,CU20802,Charles Rodriguez,2022-06-07,2022-06-18,North,Katsina,Education,OWN,3 years,53450,19.79,A,7.97,60,9000,8000.0,8000.0,Fully Paid,9140.88,2023-12-31
LN104303,CU20803,Charles Torres,2023-06-30,2023-07-19,West,Lagos,Debt Consolidation,OWN,10+ years,82931,13.8,C,12.04,36,4500,3900.0,3800.0,Fully Paid,4347.38,2023-12-31
LN104304,CU20804,Elizabeth Moore,2021-02-20,2021-02-28,South,Rivers,Debt Consolidation,MORTGAGE,10+ years,38626,2.26,D,15.24,60,13300,12500.0,11400.0,Current,7288.09,2023-12-23
LN104305,CU20805,Charles Anderson,2021-12-16,2022-01-04,North,Katsina,Education,RENT,4 years,51373,27.23,C,13.44,36,16400,12900.0,11300.0,Fully Paid,17116.2,2023-12-31
LN104306,CU20806,William Garcia,2023-10-13,2023-11-02,South,Akwa Ibom,Debt Consolidation,MORTGAGE,8 years,46464,7.96,A,8.83,60,9800,8800.0,7800.0,Fully Paid,9371.6,2023-12-31
LN104307,CU20807,Linda Torres,2023-08-23,2023-08-29,Central,Niger,Education,OWN,4 years,51618,27.99,B,9.87,60,22000,16900.0,15400.0,Fully Paid,19979.11,2023-12-31
LN104308,CU20808,Donna Jones,2022-03-08,2022-03-24,East,Anambra,Education,OWN,1 year,55220,10.33,B,11.8,60,11800,11800.0,11300.0,Fully Paid,13653.21,2023-12-31
LN104309,CU20809,Betty Thompson,2021-04-09,2021-04-14,North,Kaduna,Debt Consolidation,OWN,5 years,22709,29.38,C,12.83,36,29300,28600.0,28000.0,Fully Paid,33374.93,2023-12-31
LN104310,CU20810,Kevin Rodriguez,2023-03-08,2023-03-11,South,Rivers,Car Purchase,OWN,5 years,15000,9.35,D,17.53,60,21200,18600.0,18600.0,Charged Off,2172.76,2023-12-31
LN104311,CU20811,Matthew Clark,2023-08-24,2023-09-01,Central,Kogi,Medical Expenses,RENT,3 years,93075,28.09,A,7.76,60,1000,800.0,700.0,Fully Paid,1045.83,2023-12-31
LN104312,CU20812,Kenneth Garcia,2023-01-20,2023-01-22,Central,Kogi,Wedding,MORTGAGE,1 year,29499,26.72,A,8.6,36,3100,3000.0,2900.0,Fully Paid,3246.44,2023-12-31
LN104313,CU20813,Robert Wright,2023-04-14,2023-04-18,South,Delta,Agriculture,OWN,7 years,55968,30.3,C,14.92,60,20200,18900.0,18900.0,Charged Off,7519.87,2023-12-31
LN104314,CU20814,John Wilson,2021-11-12,2021-11-24,North,Kaduna,Car Purchase,RENT,2 years,43021,15.22,E,18.93,36,12300,12300.0,11800.0,Charged Off,6041.32,2023-11-13
LN104315,CU20815,Charles Scott,2021-11-24,2021-12-07,South,Akwa Ibom,Home Improvement,OWN,9 years,66871,4.0,C,12.48,60,9300,9300.0,9300.0,Fully Paid,12044.01,2023-12-31
LN104316,CU20816,Carol Moore,2022-04-01,2022-04-13,West,Osun,Car Purchase,OWN,6 years,42614,26.12,D,16.81,60,19000,15500.0,14500.0,Fully Paid,19042.53,2023-12-31
LN104317,CU20817,Patricia Wilson,2022-04-07,,West,Oyo,Small Business Startup,RENT,4 years,33880,9.34,G,26.63,36,12600,0.0,0.0,Rejected,0.0,
LN104318,CU20818,Mark Hernandez,2023-05-19,,East,Abia,Wedding,RENT,6 years,61671,33.8,F,24.98,36,12200,0.0,0.0,Rejected,0.0,
LN104319,CU20819,David Clark,2021-06-01,2021-06-10,West,Osun,Business Expansion,RENT,4 years,47285,33.95,D,16.93,36,6400,5700.0,5500.0,Fully Paid,7686.52,2023-12-31
LN104320,CU20820,David Martinez,2021-03-30,2021-04-04,East,Anambra,Car Purchase,RENT,9 years,55542,28.99,A,8.35,60,19100,17500.0,15900.0,Fully Paid,21547.51,2023-12-31
LN104321,CU20821,Patricia Harris,2023-09-15,2023-09-17,East,Anambra,Agriculture,OWN,9 years,51317,10.47,E,21.37,60,18200,17100.0,17100.0,Fully Paid,18924.8,2023-12-31
LN104322,CU20822,Edward Allen,2022-03-31,2022-04-12,Central,Plateau,Business Expansion,OWN,1 year,41528,18.79,B,10.28,36,21700,16900.0,16200.0,Fully Paid,19485.14,2023-12-31
LN104323,CU20823,Andrew Hill,2021-07-08,2021-07-17,East,Anambra,Agriculture,OWN,10+ years,27701,9.88,G,28.92,60,21000,19100.0,18300.0,Fully Paid,21516.54,2023-12-31
LN104324,CU20824,Daniel Johnson,2023-08-11,2023-08-29,East,Anambra,Business Expansion,MORTGAGE,< 1 year,55890,10.44,B,11.11,60,21000,19200.0,18400.0,Charged Off,9644.13,2023-12-31
LN104325,CU20825,Nancy King,2023-10-27,,East,Imo,Debt Consolidation,MORTGAGE,3 years,78119,8.46,G,27.71,60,16900,0.0,0.0,Rejected,0.0,
LN104326,CU20826,Thomas Scott,2023-07-09,2023-07-18,West,Oyo,Debt Consolidation,MORTGAGE,9 years,87261,27.15,D,17.32,60,11600,9700.0,9300.0,Current,897.29,2023-12-21
LN104327,CU20827,Kenneth Nguyen,2022-03-13,2022-03-24,North,Sokoto,Wedding,RENT,8 years,51818,19.26,C,12.5,60,19900,17700.0,17500.0,Fully Paid,19943.39,2023-12-31
LN104328,CU20828,Carol King,2023-07-17,2023-07-23,East,Enugu,Home Improvement,MORTGAGE,10+ years,51685,15.49,C,14.62,60,1300,1300.0,1300.0,Fully Paid,1455.7,2023-12-31
LN104329,CU20829,Steven Miller,2023-04-08,2023-04-20,East,Enugu,Debt Consolidation,RENT,8 years,66188,16.05,D,17.02,60,17900,15400.0,15200.0,Current,2313.94,2023-11-23
LN104330,CU20830,Joseph Hernandez,2023-09-15,2023-09-30,East,Abia,Debt Consolidation,OWN,10+ years,32439,4.73,B,11.14,36,15100,14200.0,13700.0,Fully Paid,15831.7,2023-12-31
LN104331,CU20831,Michael Johnson,2023-01-24,2023-01-27,North,Kano,Small Business Startup,MORTGAGE,10+ years,34406,4.92,E,19.54,60,15700,13500.0,13500.0,Fully Paid,16440.94,2023-12-31
LN104332,CU20832,Daniel Lewis,2022-02-22,2022-03-07,North,Sokoto,Car Purchase,OWN,< 1 year,62212,9.64,C,13.69,36,22200,20000.0,19600.0,Charged Off,8840.04,2022-04-26
LN104333,CU20833,Robert Jackson,2022-07-15,2022-08-03,East,Abia,Debt Consolidation,OWN,9 years,82508,22.29,D,17.87,36,1000,1000.0,1000.0,Fully Paid,1246.95,2023-12-31
LN104334,CU20834,Kevin Brown,2023-10-07,2023-10-26,South,Bayelsa,Debt Consolidation,RENT,8 years,22177,29.9,E,21.81,60,8300,7700.0,7200.0,Fully Paid,8598.13,2023-12-31
LN104335,CU20835,George King,2021-03-23,2021-03-25,Central,Kogi,Debt Consolidation,OWN,1 year,76879,30.93,D,16.37,36,27500,24800.0,24800.0,Fully Paid,33105.08,2023-12-31
LN104336,CU20836,Mary Flores,2023-12-20,2024-01-07,West,Lagos,Debt Consolidation,RENT,6 years,23960,12.14,C,14.5,36,15700,15200.0,14800.0,Fully Paid,19606.57,2023-12-31
LN104337,CU20837,Donald Wilson,2021-10-21,2021-10-31,North,Katsina,Wedding,RENT,5 years,130149,8.61,B,10.83,60,12300,10800.0,10100.0,Fully Paid,11493.28,2023-12-31
LN104338,CU20838,Mary Sanchez,2023-08-22,2023-08-24,Central,Plateau,Debt Consolidation,RENT,< 1 year,71212,24.41,B,9.0,60,27400,26700.0,25500.0,Charged Off,5545.76,2023-12-31
LN104339,CU20839,Kenneth Sanchez,2021-01-18,2021-01-26,West,Lagos,Business Expansion,RENT,1 year,59778,19.87,C,12.01,60,16300,13500.0,13500.0,Fully Paid,14341.11,2023-12-31
LN104340,CU20840,Patricia Johnson,2021-11-03,2021-11-16,North,Kaduna,Business Expansion,OWN,2 years,82906,16.08,E,20.9,36,24000,24000.0,20700.0,Fully Paid,26770.88,2023-12-31
LN104341,CU20841,Michelle Williams,2021-03-15,2021-03-28,East,Enugu,Debt Consolidation,OWN,1 year,44190,16.37,G,29.05,36,1000,800.0,800.0,Fully Paid,1029.53,2023-12-31
LN104342,CU20842,Donna Davis,2023-08-07,2023-08-10,North,Katsina,Car Purchase,RENT,9 years,46202,9.33,B,10.55,60,14700,12300.0,12300.0,Charged Off,7261.51,2023-12-31
LN104343,CU20843,Michelle Martin,2023-05-22,2023-06-03,North,Kaduna,Home Improvement,OWN,2 years,44633,33.11,D,16.68,36,31100,29400.0,27600.0,Charged Off,8542.67,2023-11-18
LN104344,CU20844,Donna Perez,2021-09-06,2021-09-22,Central,Plateau,Debt Consolidation,RENT,7 years,32461,34.07,B,9.44,36,27100,24800.0,24100.0,Charged Off,12186.3,2022-09-21
LN104345,CU20845,Thomas Martin,2022-10-10,2022-10-16,Central,Plateau,Education,RENT,< 1 year,33740,11.04,C,14.92,60,9800,9300.0,8800.0,Fully Paid,9998.32,2023-12-31
LN104346,CU20846,Kevin Martinez,2023-12-11,2023-12-31,East,Imo,Business Expansion,OWN,5 years,102849,18.7,E,20.78,60,22300,22300.0,21200.0,Fully Paid,25613.9,2023-12-31
LN104347,CU20847,David Jackson,2021-10-11,2021-10-17,South,Akwa Ibom,Education,RENT,3 years,24892,6.86,B,9.74,60,21300,19100.0,19100.0,Fully Paid,23833.73,2023-12-31
LN104348,CU20848,Christopher Jackson,2023-10-17,2023-10-18,Central,Plateau,Agriculture,OWN,10+ years,61467,23.81,B,11.89,36,19800,19400.0,19400.0,Current,1142.54,2023-11-17
LN104349,CU20849,Susan Flores,2022-04-27,,South,Rivers,Wedding,OWN,8 years,36267,22.26,G,27.66,60,24800,0.0,0.0,Rejected,0.0,
LN104350,CU20850,George Robinson,2023-11-27,2023-12-15,East,Imo,Small Business Startup,OWN,2 years,48017,27.78,C,13.53,60,13400,11700.0,11700.0,Charged Off,6505.31,2023-12-31
LN104351,CU20851,John Martin,2022-04-17,2022-04-30,Central,Plateau,Wedding,OWN,9 years,35117,5.67,B,11.74,60,27800,24400.0,22700.0,Fully Paid,31165.95,2023-12-31
LN104352,CU20852,Barbara Torres,2021-11-17,2021-12-07,West,Lagos,Medical Expenses,MORTGAGE,9 years,57914,6.85,C,14.55,60,26700,26700.0,25100.0,Fully Paid,35299.47,2023-12-31
LN104353,CU20853,John Taylor,2023-04-30,,West,Lagos,Agriculture,RENT,9 years,46831,23.06,E,19.31,60,1000,0.0,0.0,Rejected,0.0,
LN104354,CU20854,Christopher Allen,2023-04-14,2023-04-22,East,Imo,Small Business Startup,RENT,7 years,30891,3.3,A,7.39,36,7300,5900.0,5500.0,Fully Paid,7788.36,2023-12-31
LN104355,CU20855,Linda Thompson,2021-12-09,2021-12-15,South,Akwa Ibom,Car Purchase,RENT,8 years,88668,32.21,B,11.24,36,13600,13600.0,13600.0,Fully Paid,17743.55,2023-12-31
LN104356,CU20856,Susan Martinez,2023-02-13,2023-02-18,South,Bayelsa,Agriculture,RENT,5 years,66387,32.72,E,19.03,60,12000,11800.0,11800.0,Fully Paid,13470.12,2023-12-31
LN104357,CU20857,Deborah Jackson,2022-12-03,2022-12-04,West,Oyo,Agriculture,MORTGAGE,4 years,129485,2.32,F,24.59,36,16000,16000.0,16000.0,Fully Paid,17545.55,2023-12-31
LN104358,CU20858,Karen Anderson,2022-10-31,2022-11-18,West,Osun,Debt Consolidation,MORTGAGE,4 years,34016,31.29,B,10.08,36,19900,17700.0,17700.0,Fully Paid,19499.39,2023-12-31
LN104359,CU20859,William Thomas,2022-05-17,2022-05-22,East,Imo,Small Business Startup,OWN,5 years,35775,28.86,B,10.16,36,1000,1000.0,1000.0,Fully Paid,1207.16,2023-12-31
LN104360,CU20860,Edward Clark,2023-01-25,2023-01-26,East,Abia,Debt Consolidation,RENT,9 years,47094,16.99,D,17.7,36,7800,7800.0,7400.0,Fully Paid,10477.99,2023-12-31
LN104361,CU20861,Brian Flores,2021-08-20,2021-09-02,Central,Abuja FCT,Small Business Startup,OWN,3 years,62033,12.91,C,14.43,60,21000,20900.0,20200.0,Charged Off,8480.07,2023-10-20
LN104362,CU20862,Carol Robinson,2021-07-23,2021-08-04,West,Lagos,Personal,RENT,1 year,42675,13.03,C,12.35,36,8700,7100.0,6700.0,Fully Paid,8580.34,2023-12-31
LN104363,CU20863,Matthew Martinez,2022-12-26,2022-12-30,South,Rivers,Debt Consolidation,OWN,9 years,30519,3.46,B,9.82,36,17500,14200.0,12400.0,Fully Paid,16880.88,2023-12-31
LN104364,CU20864,Betty Perez,2023-02-10,2023-02-11,North,Kaduna,Agriculture,OWN,9 years,39245,5.02,C,13.35,60,14900,10700.0,10100.0,Fully Paid,12644.74,2023-12-31
LN104365,CU20865,Joshua Rodriguez,2021-05-12,2021-05-14,North,Sokoto,Education,OWN,10+ years,53110,32.78,B,11.82,36,7200,6200.0,5500.0,Charged Off,2412.57,2022-03-11
LN104366,CU20866,Charles Anderson,2021-10-12,2021-10-25,North,Kaduna,Agriculture,RENT,7 years,38618,21.25,C,12.68,36,8500,6800.0,6800.0,Fully Paid,8294.35,2023-12-31
LN104367,CU20867,Mark Clark,2023-12-14,2023-12-27,South,Rivers,Debt Consolidation,OWN,6 years,59964,7.65,C,14.59,36,16200,12600.0,12600.0,Fully Paid,14806.95,2023-12-31
LN104368,CU20868,Brian Miller,2022-05-20,2022-06-09,North,Sokoto,Business Expansion,OWN,< 1 year,32937,4.94,A,7.38,36,8200,7800.0,7800.0,Fully Paid,10186.57,2023-12-31
LN104369,CU20869,Donald Garcia,2022-06-30,2022-07-05,East,Enugu,Debt Consolidation,OWN,6 years,68145,28.72,B,11.16,60,2100,1900.0,1700.0,Fully Paid,2012.52,2023-12-31
LN104370,CU20870,Kevin Taylor,2022-07-31,2022-08-14,West,Lagos,Home Improvement,OWN,8 years,167140,13.74,C,14.2,36,4900,3600.0,3600.0,Fully Paid,4545.37,2023-12-31
LN104371,CU20871,Brian Wright,2022-09-29,2022-10-08,Central,Kogi,Debt Consolidation,OWN,5 years,25379,15.88,A,7.6,60,12100,9200.0,8800.0,Fully Paid,11841.76,2023-12-31
LN104372,CU20872,Ashley Perez,2021-11-28,2021-12-17,South,Bayelsa,Debt Consolidation,MORTGAGE,4 years,109231,9.04,A,7.0,60,10500,10300.0,9800.0,Fully Paid,12636.87,2023-12-31
LN104373,CU20873,Barbara Jackson,2022-08-28,2022-09-01,East,Imo,Debt Consolidation,OWN,10+ years,54122,30.5,F,25.75,36,16900,14900.0,13800.0,Charged Off,2330.1,2023-12-31
LN104374,CU20874,Donna Flores,2021-08-13,2021-08-25,West,Lagos,Car Purchase,RENT,7 years,34039,13.89,A,7.58,60,21400,21400.0,21000.0,Fully Paid,27213.8,2023-12-31
LN104375,CU20875,John Thompson,2023-02-27,2023-03-07,West,Osun,Debt Consolidation,OWN,6 years,83441,33.5,F,24.38,36,6900,6900.0,6600.0,Fully Paid,8903.5,2023-12-31
LN104376,CU20876,George Smith,2022-12-11,2022-12-17,North,Kano,Agriculture,MORTGAGE,5 years,32439,32.28,A,8.83,60,8200,6800.0,6600.0,Fully Paid,7893.23,2023-12-31
LN104377,CU20877,Susan Robinson,2021-08-05,2021-08-22,West,Ogun,Debt Consolidation,OWN,5 years,68442,14.13,B,9.47,60,13400,12400.0,12300.0,Fully Paid,14840.93,2023-12-31
LN104378,CU20878,Linda Anderson,2021-05-09,2021-05-16,North,Kaduna,Business Expansion,RENT,5 years,102697,31.39,F,22.49,36,19800,19800.0,19500.0,Fully Paid,21954.92,2023-12-31
LN104379,CU20879,Charles Torres,2022-11-21,2022-12-01,South,Rivers,Business Expansion,OWN,5 years,36124,13.14,A,7.29,60,11000,8700.0,8300.0,Fully Paid,10428.18,2023-12-31
LN104380,CU20880,Donald Jones,2022-04-19,2022-05-01,West,Lagos,Debt Consolidation,RENT,10+ years,56725,30.82,C,14.65,36,11000,9800.0,8700.0,Fully Paid,12257.0,2023-12-31
LN104381,CU20881,Donna Garcia,2022-07-25,2022-08-10,North,Sokoto,Small Business Startup,MORTGAGE,2 years,142221,9.6,C,12.99,36,6200,6200.0,5800.0,Fully Paid,7299.63,2023-12-31
LN104382,CU20882,Richard Gonzalez,2021-06-18,2021-07-06,North,Katsina,Education,OWN,< 1 year,42628,6.9,B,10.93,36,9100,6600.0,6400.0,Fully Paid,7986.4,2023-12-31
LN104383,CU20883,Amanda Walker,2021-11-10,2021-11-21,Central,Kogi,Debt Consolidation,MORTGAGE,7 years,57651,34.16,C,13.44,36,26200,26000.0,22600.0,Current,19835.77,2023-12-23
LN104384,CU20884,Patricia Nguyen,2021-03-15,2021-03-20,West,Oyo,Home Improvement,RENT,6 years,54178,3.48,C,13.85,36,27700,22800.0,21400.0,Fully Paid,27678.22,2023-12-31
LN104385,CU20885,Melissa Sanchez,2022-07-18,2022-07-25,Central,Kogi,Debt Consolidation,RENT,1 year,48103,6.91,A,7.26,36,3100,2900.0,2900.0,Current,1555.4,2023-12-26
LN104386,CU20886,Christopher Harris,2022-10-02,2022-10-06,Central,Kogi,Agriculture,OWN,2 years,38606,9.36,G,27.55,36,15800,15700.0,15400.0,Fully Paid,18336.88,2023-12-31
LN104387,CU20887,Kevin Smith,2022-05-27,2022-06-14,South,Bayelsa,Small Business Startup,OWN,3 years,45869,22.3,D,17.05,36,1000,1000.0,900.0,Fully Paid,1101.52,2023-12-31
LN104388,CU20888,Kevin Garcia,2023-03-29,2023-04-13,West,Oyo,Debt Consolidation,OWN,3 years,21474,4.91,F,24.78,36,23200,23200.0,22100.0,Fully Paid,26033.54,2023-12-31
LN104389,CU20889,Steven Lewis,2023-11-13,2023-11-23,North,Sokoto,Wedding,RENT,10+ years,104927,15.94,A,6.96,60,8800,8800.0,8400.0,Fully Paid,9764.9,2023-12-31
LN104390,CU20890,Sandra Jackson,2023-09-28,2023-10-12,East,Abia,Debt Consolidation,RENT,4 years,29709,18.9,A,6.36,60,6100,5300.0,5300.0,Fully Paid,6754.75,2023-12-31
LN104391,CU20891,Daniel Miller,2021-07-18,2021-07-30,Central,Niger,Small Business Startup,RENT,3 years,59831,20.74,B,9.6,36,10200,8400.0,8000.0,Fully Paid,10798.86,2023-12-31
LN104392,CU20892,Jessica Ramirez,2022-11-12,2022-11-25,South,Rivers,Debt Consolidation,RENT,5 years,32170,31.59,C,13.39,60,14000,13600.0,12700.0,Fully Paid,16129.11,2023-12-31
LN104393,CU20893,Barbara Perez,2023-02-21,2023-03-12,North,Katsina,Home Improvement,RENT,6 years,47946,5.08,B,9.13,60,5000,5000.0,4800.0,Fully Paid,5785.69,2023-12-31
LN104394,CU20894,Lisa Martinez,2021-04-07,2021-04-19,West,Lagos,Business Expansion,RENT,8 years,89806,4.08,D,16.85,60,23600,19200.0,18500.0,Fully Paid,24395.03,2023-12-31
LN104395,CU20895,Matthew Taylor,2021-08-08,2021-08-09,West,Oyo,Home Improvement,MORTGAGE,4 years,62549,15.9,B,9.19,60,11000,8300.0,8300.0,Fully Paid,10801.21,2023-12-31
LN104396,CU20896,Andrew Ramirez,2023-11-21,2023-11-23,Central,Kogi,Debt Consolidation,OWN,5 years,104289,8.43,E,20.33,60,8200,7800.0,7800.0,Charged Off,4219.28,2023-12-31
LN104397,CU20897,Kevin Martinez,2021-08-05,2021-08-24,North,Katsina,Car Purchase,RENT,10+ years,42591,18.74,D,15.65,36,10000,8700.0,8600.0,Current,7453.82,2023-11-21
LN104398,CU20898,Dorothy Martinez,2021-07-14,2021-08-01,West,Lagos,Business Expansion,MORTGAGE,9 years,63251,22.71,D,16.73,36,7400,7400.0,7200.0,Fully Paid,8004.84,2023-12-31
LN104399,CU20899,Paul Walker,2021-07-17,2021-08-01,Central,Niger,Debt Consolidation,RENT,5 years,48776,31.54,A,6.01,36,23000,20600.0,20600.0,Fully Paid,24451.79,2023-12-31
LN104400,CU20900,James Miller,2023-12-01,,Central,Abuja FCT,Debt Consolidation,RENT,7 years,65096,25.0,G,28.73,60,8000,0.0,0.0,Rejected,0.0,
LN104401,CU20901,Melissa Rodriguez,2021-09-26,2021-10-01,South,Bayelsa,Business Expansion,RENT,9 years,96862,23.78,B,11.35,60,14700,13300.0,13300.0,Fully Paid,16417.55,2023-12-31
LN104402,CU20902,Steven Miller,2022-11-22,,West,Osun,Wedding,MORTGAGE,1 year,26933,33.98,G,27.95,60,14000,0.0,0.0,Rejected,0.0,
LN104403,CU20903,Richard Jones,2023-08-02,2023-08-13,South,Rivers,Debt Consolidation,RENT,9 years,16665,14.19,C,12.74,36,10500,10500.0,10100.0,Current,1336.66,2023-11-30
LN104404,CU20904,Carol Ramirez,2022-12-03,2022-12-15,South,Akwa Ibom,Home Improvement,MORTGAGE,3 years,67490,24.18,A,8.86,60,12100,11200.0,11200.0,Current,2529.42,2023-12-23
LN104405,CU20905,Christopher Ramirez,2021-08-14,2021-08-20,West,Oyo,Debt Consolidation,RENT,3 years,39541,15.18,C,13.79,60,15200,15200.0,15000.0,Fully Paid,19458.74,2023-12-31
LN104406,CU20906,Paul Gonzalez,2021-07-10,2021-07-21,West,Ogun,Home Improvement,MORTGAGE,3 years,45226,13.7,B,9.86,36,15200,13300.0,13200.0,Charged Off,2671.21,2022-10-05
LN104407,CU20907,James Walker,2023-11-01,2023-11-15,East,Abia,Wedding,RENT,5 years,35259,25.43,D,16.34,60,6000,5200.0,5200.0,Fully Paid,5935.12,2023-12-31
LN104408,CU20908,Paul Martinez,2022-03-22,2022-03-27,North,Katsina,Debt Consolidation,MORTGAGE,8 years,57686,22.04,B,10.98,36,23000,21400.0,19900.0,Fully Paid,28283.29,2023-12-31
LN104409,CU20909,Paul Young,2021-03-23,2021-04-03,West,Oyo,Business Expansion,RENT,< 1 year,79729,31.06,A,6.65,36,5400,4600.0,4600.0,Charged Off,1173.79,2023-03-15
LN104410,CU20910,Matthew White,2022-10-24,2022-11-01,North,Katsina,Education,MORTGAGE,6 years,28102,3.24,F,24.48,60,3900,3900.0,3800.0,Fully Paid,5018.37,2023-12-31
LN104411,CU20911,Donald Young,2022-09-23,2022-10-10,North,Kano,Small Business Startup,OWN,2 years,37431,2.21,B,10.02,36,21800,19700.0,18700.0,Fully Paid,26134.86,2023-12-31
LN104412,CU20912,Kenneth Thomas,2021-02-22,2021-03-14,East,Enugu,Business Expansion,RENT,5 years,85779,18.88,B,11.33,36,17300,15800.0,15700.0,Fully Paid,21223.21,2023-12-31
LN104413,CU20913,Mark Clark,2023-05-14,2023-05-16,West,Oyo,Personal,OWN,< 1 year,53738,29.85,B,11.63,60,12700,12600.0,12600.0,Fully Paid,16601.63,2023-12-31
LN104414,CU20914,Susan Harris,2023-07-20,2023-08-07,West,Osun,Car Purchase,RENT,4 years,69781,20.07,C,14.54,36,16300,14100.0,13500.0,Fully Paid,17281.28,2023-12-31
LN104415,CU20915,Linda Davis,2021-04-23,2021-04-25,Central,Niger,Wedding,OWN,3 years,32515,22.44,B,11.01,60,15600,14500.0,13600.0,Fully Paid,16292.97,2023-12-31
LN104416,CU20916,Edward Allen,2021-08-21,2021-08-23,South,Bayelsa,Education,RENT,3 years,21771,4.27,G,28.75,36,7100,7100.0,7100.0,Current,6072.49,2023-12-04
LN104417,CU20917,Betty Sanchez,2023-01-07,2023-01-24,East,Abia,Home Improvement,OWN,8 years,43605,20.87,D,17.8,60,24900,21600.0,21200.0,Fully Paid,25909.51,2023-12-31
LN104418,CU20918,Dorothy Flores,2022-12-18,2023-01-07,West,Oyo,Small Business Startup,MORTGAGE,10+ years,50002,5.51,E,20.82,60,20500,17400.0,15600.0,Fully Paid,20125.81,2023-12-31
LN104419,CU20919,Donna Walker,2022-08-22,2022-09-05,North,Kaduna,Business Expansion,MORTGAGE,1 year,58794,34.83,D,16.37,60,14000,10600.0,10600.0,Charged Off,5657.9,2023-01-23
LN104420,CU20920,Matthew Nguyen,2022-12-27,2023-01-01,South,Delta,Business Expansion,OWN,< 1 year,96289,3.8,A,7.62,36,11900,10300.0,10100.0,Fully Paid,12887.18,2023-12-31
LN104421,CU20921,Betty King,2021-10-27,2021-11-07,West,Oyo,Debt Consolidation,OWN,< 1 year,39000,17.2,C,12.69,60,15800,11800.0,10900.0,Charged Off,2527.05,2022-03-18
LN104422,CU20922,Christopher Rodriguez,2021-07-17,2021-07-31,East,Enugu,Business Expansion,RENT,2 years,76169,32.44,D,15.12,60,14500,14500.0,14500.0,Fully Paid,15639.07,2023-12-31
LN104423,CU20923,Joseph Wilson,2022-08-02,2022-08-10,East,Anambra,Agriculture,MORTGAGE,5 years,32888,14.51,E,19.91,36,11000,10100.0,9400.0,Fully Paid,12515.24,2023-12-31
LN104424,CU20924,Anthony Jones,2021-12-04,2021-12-15,North,Sokoto,Small Business Startup,MORTGAGE,9 years,37876,10.59,A,7.43,60,31400,28800.0,25000.0,Fully Paid,38507.73,2023-12-31
LN104425,CU20925,Mark Sanchez,2023-07-08,2023-07-15,North,Kano,Debt Consolidation,RENT,7 years,80513,15.72,C,13.13,36,12700,10400.0,9700.0,Fully Paid,12888.79,2023-12-31
LN104426,CU20926,Edward Jones,2021-09-04,2021-09-14,East,Anambra,Car Purchase,RENT,3 years,72577,29.12,A,8.8,36,1000,1000.0,1000.0,Fully Paid,1300.48,2023-12-31
LN104427,CU20927,Donna White,2022-01-01,2022-01-20,South,Rivers,Business Expansion,OWN,< 1 year,67895,4.18,B,10.56,60,10000,9700.0,9400.0,Fully Paid,11092.37,2023-12-31
LN104428,CU20928,Mary Lopez,2023-07-13,2023-07-19,East,Enugu,Small Business Startup,OWN,3 years,22422,28.02,C,13.21,60,27900,27400.0,26400.0,Fully Paid,35331.36,2023-12-31
LN104429,CU20929,Jessica Wilson,2022-09-05,2022-09-20,North,Kano,Education,MORTGAGE,2 years,20170,9.63,C,12.93,60,17100,15200.0,14100.0,Current,4092.17,2023-12-01
LN104430,CU20930,Betty Hernandez,2023-08-19,2023-08-24,North,Katsina,Small Business Startup,MORTGAGE,10+ years,24681,5.2,C,14.44,60,9900,9500.0,9500.0,Fully Paid,11804.1,2023-12-31
LN104431,CU20931,Michael Williams,2021-10-06,2021-10-09,North,Katsina,Home Improvement,RENT,4 years,45722,11.1,A,7.63,36,14100,14100.0,13000.0,Fully Paid,18584.0,2023-12-31
LN104432,CU20932,Donald Perez,2023-05-14,2023-05-16,North,Katsina,Home Improvement,OWN,1 year,60101,31.08,C,12.67,60,15100,13800.0,12900.0,Fully Paid,17497.99,2023-12-31
LN104433,CU20933,Donna Harris,2022-10-16,2022-11-01,North,Katsina,Medical Expenses,OWN,9 years,45313,17.51,D,16.19,36,13500,10400.0,10400.0,Charged Off,2864.68,2023-01-22
LN104434,CU20934,Margaret Lee,2023-11-06,2023-11-21,Central,Plateau,Business Expansion,RENT,2 years,30831,3.78,C,14.51,36,12700,12700.0,12700.0,Fully Paid,15987.89,2023-12-31
LN104435,CU20935,Sandra Miller,2021-12-31,2022-01-20,West,Lagos,Education,OWN,9 years,31104,2.07,B,10.77,36,12500,11300.0,10400.0,Fully Paid,13535.1,2023-12-31
LN104436,CU20936,Melissa Walker,2021-01-24,2021-02-12,North,Katsina,Agriculture,OWN,2 years,103138,23.57,C,12.51,60,28600,24900.0,22500.0,Fully Paid,31933.27,2023-12-31
LN104437,CU20937,Sarah Martin,2023-06-26,2023-06-27,East,Anambra,Debt Consolidation,MORTGAGE,4 years,99795,8.81,C,14.85,36,13000,11700.0,11700.0,Fully Paid,14198.3,2023-12-31
LN104438,CU20938,Kenneth Williams,2023-05-18,2023-06-05,West,Oyo,Wedding,RENT,9 years,57314,34.07,F,23.23,36,9000,8100.0,7300.0,Fully Paid,10073.65,2023-12-31
LN104439,CU20939,Karen Hill,2022-07-11,2022-07-18,Central,Plateau,Personal,MORTGAGE,3 years,98260,28.01,B,11.1,36,7600,7200.0,7200.0,Fully Paid,7865.03,2023-12-31
LN104440,CU20940,Emily Sanchez,2021-02-22,2021-03-06,Central,Plateau,Business Expansion,MORTGAGE,10+ years,75398,29.61,D,15.62,60,4300,4200.0,3700.0,Fully Paid,5339.74,2023-12-31
LN104441,CU20941,Paul White,2023-09-19,2023-09-20,East,Imo,Debt Consolidation,MORTGAGE,6 years,57091,11.42,D,17.66,36,4400,4000.0,3900.0,Fully Paid,4512.79,2023-12-31
LN104442,CU20942,Charles Wilson,2022-04-01,2022-04-13,North,Kaduna,Medical Expenses,OWN,2 years,52370,27.69,E,18.69,60,16300,15600.0,13000.0,Charged Off,2153.0,2023-04-13
LN104443,CU20943,Anthony Sanchez,2023-02-04,2023-02-16,East,Anambra,Agriculture,MORTGAGE,< 1 year,73705,12.57,F,24.29,60,21400,19500.0,19500.0,Fully Paid,24259.18,2023-12-31
LN104444,CU20944,Joseph Miller,2023-05-19,2023-06-04,East,Anambra,Debt Consolidation,RENT,2 years,78394,6.3,A,6.44,60,23600,22000.0,21700.0,Fully Paid,23116.11,2023-12-31
LN104445,CU20945,Elizabeth Allen,2021-05-24,2021-06-10,North,Katsina,Home Improvement,OWN,< 1 year,46109,23.56,A,6.43,60,24400,22800.0,21900.0,Fully Paid,28837.77,2023-12-31
LN104446,CU20946,Edward Ramirez,2023-07-31,,East,Enugu,Business Expansion,MORTGAGE,9 years,38124,22.86,D,15.72,60,15300,0.0,0.0,Rejected,0.0,
LN104447,CU20947,Michelle Walker,2022-04-04,2022-04-11,Central,Niger,Car Purchase,MORTGAGE,3 years,32704,20.92,A,6.74,36,16500,15800.0,15300.0,Fully Paid,20471.76,2023-12-31
LN104448,CU20948,Steven Wilson,2023-12-06,2023-12-21,Central,Plateau,Small Business Startup,MORTGAGE,8 years,36978,8.32,G,26.6,36,11000,10100.0,9800.0,Current,570.94,2023-12-04
LN104449,CU20949,Paul Miller,2022-01-05,2022-01-21,West,Oyo,Business Expansion,MORTGAGE,2 years,68757,31.56,B,9.75,36,6200,6000.0,5600.0,Fully Paid,7442.96,2023-12-31
LN104450,CU20950,Amanda Flores,2023-10-02,2023-10-21,South,Bayelsa,Wedding,OWN,10+ years,66269,34.86,B,10.08,36,3300,3200.0,2900.0,Fully Paid,3384.06,2023-12-31
LN104451,CU20951,Kimberly Taylor,2021-03-04,2021-03-10,Central,Plateau,Debt Consolidation,MORTGAGE,3 years,30691,3.52,F,25.72,60,6600,5300.0,4800.0,Fully Paid,6896.98,2023-12-31
LN104452,CU20952,George Thompson,2023-08-08,2023-08-14,North,Katsina,Debt Consolidation,OWN,2 years,34178,27.68,B,10.22,60,1000,1000.0,900.0,Fully Paid,1319.48,2023-12-31
LN104453,CU20953,Betty Lewis,2023-04-27,2023-04-30,West,Osun,Home Improvement,RENT,10+ years,41028,16.75,C,14.14,60,11700,10200.0,10200.0,Fully Paid,10916.89,2023-12-31
LN104454,CU20954,John Thompson,2022-06-27,2022-07-04,Central,Plateau,Debt Consolidation,RENT,8 years,36252,22.82,A,8.85,36,15300,13000.0,13000.0,Charged Off,2700.96,2023-12-13
LN104455,CU20955,Sarah Williams,2022-06-09,2022-06-17,West,Ogun,Debt Consolidation,OWN,6 years,59941,8.54,A,6.35,36,21200,21200.0,20400.0,Current,12164.43,2023-11-17
LN104456,CU20956,Donald Young,2022-12-19,2023-01-08,South,Bayelsa,Small Business Startup,OWN,8 years,80123,7.79,A,7.61,36,17500,17200.0,15300.0,Fully Paid,20169.7,2023-12-31
LN104457,CU20957,Jennifer Wilson,2021-02-13,2021-02-19,South,Akwa Ibom,Business Expansion,RENT,3 years,24115,6.75,A,8.83,60,20400,19300.0,18300.0,Fully Paid,22598.11,2023-12-31
LN104458,CU20958,Joshua Scott,2021-10-29,2021-10-31,East,Abia,Medical Expenses,RENT,10+ years,38430,19.19,C,14.1,60,20000,17400.0,15700.0,Charged Off,2956.88,2023-08-04
LN104459,CU20959,Joseph Allen,2021-02-25,2021-03-11,East,Enugu,Debt Consolidation,MORTGAGE,9 years,34178,5.43,B,11.44,60,3700,3600.0,3500.0,Fully Paid,4787.47,2023-12-31
LN104460,CU20960,David Moore,2022-11-01,2022-11-18,East,Enugu,Education,OWN,4 years,83230,23.62,B,10.85,60,18700,15200.0,13700.0,Fully Paid,19369.24,2023-12-31
LN104461,CU20961,George Hill,2022-07-14,2022-07-22,West,Oyo,Agriculture,OWN,4 years,30613,29.5,D,17.85,60,22800,22800.0,21800.0,Fully Paid,29691.58,2023-12-31
LN104462,CU20962,Andrew Sanchez,2023-09-26,2023-10-11,North,Kaduna,Medical Expenses,RENT,9 years,77030,21.56,C,13.82,60,14600,13000.0,13000.0,Current,665.67,2023-11-17
LN104463,CU20963,Margaret Martin,2022-10-26,2022-10-31,West,Lagos,Agriculture,OWN,3 years,44093,24.92,B,11.85,36,22500,22400.0,20800.0,Fully Paid,24432.65,2023-12-31
LN104464,CU20964,Lisa Brown,2023-08-22,2023-09-09,West,Osun,Business Expansion,MORTGAGE,6 years,51913,19.36,A,8.08,36,29300,26700.0,26700.0,Fully Paid,35220.92,2023-12-31
LN104465,CU20965,Thomas Thompson,2021-01-21,2021-01-26,South,Bayelsa,Home Improvement,OWN,6 years,46232,22.7,B,10.55,36,16000,16000.0,16000.0,Fully Paid,21051.82,2023-12-11
LN104466,CU20966,Nancy Smith,2023-04-05,2023-04-17,North,Kaduna,Home Improvement,MORTGAGE,9 years,47169,24.59,B,11.05,60,12400,12400.0,12400.0,Fully Paid,16469.68,2023-12-31
LN104467,CU20967,Andrew Anderson,2021-10-22,2021-11-02,Central,Niger,Debt Consolidation,RENT,4 years,25599,20.46,D,15.96,60,15900,14800.0,13700.0,Current,6587.93,2023-12-25
LN104468,CU20968,Karen Wright,2022-07-27,2022-07-30,Central,Kogi,Debt Consolidation,OWN,3 years,78986,29.92,E,20.49,60,23100,22200.0,20400.0,Fully Paid,25987.5,2023-12-31
LN104469,CU20969,Richard Wilson,2021-06-12,2021-06-28,North,Kano,Home Improvement,RENT,6 years,54501,28.55,B,10.75,36,1000,900.0,900.0,Charged Off,422.1,2023-06-17
LN104470,CU20970,Edward Ramirez,2021-05-14,2021-05-28,Central,Kogi,Home Improvement,OWN,6 years,65341,30.87,A,8.47,36,10300,9200.0,9200.0,Fully Paid,11456.18,2023-12-31
LN104471,CU20971,William King,2021-03-26,2021-04-10,West,Oyo,Business Expansion,MORTGAGE,8 years,28236,6.73,C,13.94,36,25800,25600.0,24800.0,Fully Paid,34417.94,2023-12-31
LN104472,CU20972,Matthew Torres,2023-12-23,2024-01-10,Central,Niger,Medical Expenses,OWN,1 year,81972,31.52,A,6.83,36,23900,23900.0,23900.0,Fully Paid,32259.12,2023-12-31
LN104473,CU20973,Donna Hill,2021-10-04,2021-10-05,Central,Plateau,Small Business Startup,MORTGAGE,9 years,100907,6.86,E,21.85,36,23900,21400.0,21400.0,Fully Paid,23671.14,2023-12-31
LN104474,CU20974,Patricia White,2023-10-27,2023-11-14,South,Rivers,Debt Consolidation,RENT,< 1 year,34348,15.1,A,6.96,36,8700,8100.0,8000.0,Fully Paid,10313.03,2023-12-31
LN104475,CU20975,Michael Martinez,2022-06-22,2022-07-03,West,Lagos,Home Improvement,MORTGAGE,8 years,98121,17.96,A,7.06,60,24300,19100.0,19000.0,Fully Paid,25416.82,2023-12-31
LN104476,CU20976,Emily Moore,2022-05-11,2022-05-26,East,Enugu,Business Expansion,MORTGAGE,6 years,58231,34.78,D,16.06,60,22900,20600.0,20600.0,Charged Off,9998.92,2023-12-31
LN104477,CU20977,Dorothy Brown,2023-11-12,,East,Imo,Debt Consolidation,RENT,4 years,96051,28.81,G,28.12,36,14600,0.0,0.0,Rejected,0.0,
LN104478,CU20978,Nancy Sanchez,2022-04-06,2022-04-07,West,Ogun,Education,OWN,< 1 year,17574,5.88,B,11.5,60,6800,5700.0,5400.0,Fully Paid,7693.75,2023-12-31
LN104479,CU20979,Kenneth Sanchez,2021-01-22,,North,Sokoto,Car Purchase,OWN,2 years,21702,34.89,E,21.36,36,27600,0.0,0.0,Rejected,0.0,
LN104480,CU20980,Nancy Brown,2023-02-07,2023-02-08,West,Osun,Home Improvement,RENT,6 years,26816,10.5,B,11.51,60,1000,900.0,900.0,Fully Paid,1111.75,2023-12-31
LN104481,CU20981,Steven White,2023-05-27,2023-06-12,East,Abia,Debt Consolidation,RENT,7 years,28557,7.51,E,20.15,36,14200,14100.0,12300.0,Fully Paid,18896.96,2023-12-31
LN104482,CU20982,Michael Hill,2022-06-30,2022-07-07,East,Abia,Business Expansion,OWN,7 years,50486,31.02,C,12.46,36,1300,1100.0,1100.0,Fully Paid,1205.29,2023-12-31
LN104483,CU20983,Deborah Torres,2021-09-13,2021-09-29,West,Lagos,Business Expansion,OWN,2 years,79815,21.18,D,16.37,60,5200,4700.0,4300.0,Charged Off,2265.91,2023-07-22
LN104484,CU20984,Barbara Taylor,2021-06-15,2021-06-20,South,Delta,Wedding,OWN,1 year,91927,28.13,D,17.44,36,4600,4600.0,4200.0,Fully Paid,5404.81,2023-12-31
LN104485,CU20985,William Thomas,2022-01-29,2022-02-06,West,Osun,Debt Consolidation,MORTGAGE,8 years,92803,18.47,E,18.44,36,3700,3400.0,3100.0,Charged Off,1880.61,2023-09-09
LN104486,CU20986,Jessica Miller,2021-11-29,2021-12-06,East,Imo,Debt Consolidation,OWN,7 years,66840,31.2,E,20.14,36,11000,10400.0,10000.0,Fully Paid,11596.63,2023-12-31
LN104487,CU20987,Melissa Lopez,2022-06-26,2022-07-07,Central,Plateau,Debt Consolidation,MORTGAGE,2 years,63532,31.3,A,8.41,60,8600,7700.0,6900.0,Fully Paid,10161.42,2023-12-31
LN104488,CU20988,Betty Clark,2022-11-15,2022-12-03,Central,Abuja FCT,Debt Consolidation,MORTGAGE,< 1 year,58737,30.74,E,18.13,60,14800,14800.0,13800.0,Fully Paid,17092.55,2023-12-31
LN104489,CU20989,Brian Wilson,2022-11-02,2022-11-05,Central,Abuja FCT,Debt Consolidation,RENT,5 years,36662,5.06,B,11.6,36,18200,17400.0,16000.0,Fully Paid,19677.1,2023-12-31
LN104490,CU20990,Paul Perez,2021-04-12,2021-05-02,West,Lagos,Business Expansion,RENT,7 years,63891,32.76,C,13.86,60,15500,14000.0,12700.0,Fully Paid,18562.93,2023-12-31
LN104491,CU20991,Charles King,2022-12-13,2022-12-23,Central,Abuja FCT,Debt Consolidation,MORTGAGE,10+ years,38801,15.46,E,21.93,36,2700,2600.0,2200.0,Fully Paid,3046.95,2023-12-31
LN104492,CU20992,Joshua Hill,2021-08-15,2021-08-27,East,Imo,Home Improvement,RENT,1 year,97184,6.24,D,15.11,60,12200,9800.0,9500.0,Fully Paid,10706.02,2023-12-31
LN104493,CU20993,Betty Ramirez,2022-08-18,2022-08-26,Central,Kogi,Car Purchase,RENT,10+ years,52447,28.62,B,10.0,60,19500,17000.0,16700.0,Fully Paid,21943.63,2023-12-31
LN104494,CU20994,Margaret White,2021-04-04,2021-04-09,Central,Kogi,Education,OWN,10+ years,47170,14.55,A,6.69,60,1000,1000.0,1000.0,Fully Paid,1290.63,2023-12-31
LN104495,CU20995,Margaret Lopez,2023-05-29,2023-06-15,South,Bayelsa,Business Expansion,RENT,8 years,39892,16.26,D,17.54,36,22700,22000.0,21000.0,Fully Paid,23738.18,2023-12-31
LN104496,CU20996,David Scott,2023-04-08,2023-04-20,Central,Niger,Education,OWN,5 years,19964,27.55,B,10.61,36,12300,10100.0,9800.0,Fully Paid,11213.31,2023-12-31
LN104497,CU20997,Lisa Garcia,2022-02-08,2022-02-23,South,Rivers,Education,RENT,6 years,133943,30.69,B,9.34,36,9900,9900.0,9400.0,Fully Paid,10881.65,2023-12-31
LN104498,CU20998,Charles Walker,2022-09-21,2022-09-27,South,Akwa Ibom,Agriculture,RENT,9 years,35114,18.62,C,14.37,60,20300,18100.0,18100.0,Fully Paid,20235.78,2023-12-31
LN104499,CU20999,Melissa Davis,2021-06-05,2021-06-17,West,Osun,Medical Expenses,MORTGAGE,6 years,46353,13.2,B,10.67,36,26600,24100.0,21500.0,Fully Paid,27771.33,2023-12-31
LN104500,CU21000,Kimberly Moore,2022-03-18,2022-03-28,South,Rivers,Car Purchase,MORTGAGE,5 years,46377,10.33,C,14.09,60,19100,19100.0,18200.0,Charged Off,6182.93,2023-12-31
LN104501,CU21001,Sarah Johnson,2023-09-04,2023-09-20,West,Ogun,Medical Expenses,OWN,9 years,53521,26.67,B,10.89,36,17300,16500.0,14900.0,Fully Paid,19015.67,2023-12-31
LN104502,CU21002,Donna Torres,2021-09-13,2021-09-18,North,Katsina,Wedding,MORTGAGE,3 years,48380,13.26,F,24.96,60,9300,8700.0,8600.0,Fully Paid,9360.32,2023-12-31
LN104503,CU21003,Joshua Lee,2022-10-04,2022-10-14,East,Imo,Education,OWN,9 years,50621,33.22,D,17.69,36,14300,11400.0,11200.0,Charged Off,6394.77,2023-12-31
LN104504,CU21004,Margaret Thomas,2021-01-13,2021-01-28,East,Imo,Debt Consolidation,OWN,6 years,45074,13.92,D,17.53,36,10500,9200.0,8200.0,Charged Off,4747.18,2023-01-11
LN104505,CU21005,Matthew Taylor,2022-09-16,2022-10-02,Central,Abuja FCT,Agriculture,RENT,5 years,47670,4.39,C,12.64,36,3100,3100.0,2900.0,Fully Paid,3580.08,2023-12-31
LN104506,CU21006,Mary Miller,2021-07-15,2021-07-28,East,Abia,Agriculture,RENT,6 years,47088,22.89,E,21.76,36,29100,28900.0,26200.0,Fully Paid,32935.51,2023-12-31
LN104507,CU21007,Daniel Walker,2023-09-01,2023-09-08,South,Delta,Medical Expenses,RENT,8 years,41556,26.72,C,12.81,36,20500,19100.0,19100.0,Fully Paid,23660.83,2023-12-31
LN104508,CU21008,Robert Smith,2023-09-25,2023-10-05,Central,Abuja FCT,Home Improvement,OWN,9 years,42914,18.13,C,13.12,36,22200,20500.0,18500.0,Fully Paid,22150.23,2023-12-31
LN104509,CU21009,Daniel Miller,2022-11-01,2022-11-14,East,Imo,Business Expansion,MORTGAGE,3 years,57685,10.69,B,10.63,36,10300,9900.0,9200.0,Fully Paid,13233.41,2023-12-31
LN104510,CU21010,Barbara Hill,2021-06-09,2021-06-26,West,Osun,Debt Consolidation,MORTGAGE,< 1 year,37274,10.82,B,10.61,36,17800,16700.0,15700.0,Fully Paid,17878.6,2023-12-31
LN104511,CU21011,Paul Martin,2023-08-18,2023-09-07,Central,Niger,Debt Consolidation,MORTGAGE,2 years,44771,21.77,A,8.94,36,27800,25300.0,25300.0,Fully Paid,30023.57,2023-12-31
LN104512,CU21012,Karen Harris,2022-11-29,2022-12-12,East,Imo,Debt Consolidation,OWN,3 years,63232,20.39,B,9.07,36,26000,26000.0,22500.0,Fully Paid,29341.39,2023-12-31
LN104513,CU21013,George Davis,2023-11-14,2023-11-16,Central,Abuja FCT,Car Purchase,OWN,8 years,98148,23.45,C,13.44,36,3700,3500.0,3500.0,Charged Off,1212.72,2023-12-31
LN104514,CU21014,Jessica Rodriguez,2021-12-07,2021-12-27,West,Ogun,Agriculture,OWN,7 years,49374,25.01,D,15.67,60,13900,13900.0,12900.0,Fully Paid,14842.07,2023-12-31
LN104515,CU21015,Susan Martinez,2022-11-11,2022-11-23,West,Lagos,Agriculture,MORTGAGE,< 1 year,58618,21.74,E,19.04,36,27500,24100.0,23100.0,Current,9803.7,2023-12-21
LN104516,CU21016,Anthony White,2021-04-18,2021-04-25,East,Anambra,Small Business Startup,RENT,3 years,43955,25.88,A,8.88,60,5600,5600.0,5300.0,Fully Paid,7297.03,2023-12-31
LN104517,CU21017,Richard Thompson,2022-08-30,2022-09-01,Central,Plateau,Debt Consolidation,OWN,6 years,29062,4.16,E,18.24,60,20200,19700.0,19700.0,Fully Paid,24290.47,2023-12-31
LN104518,CU21018,Amanda Robinson,2022-06-07,2022-06-11,South,Bayelsa,Medical Expenses,OWN,5 years,74382,30.89,B,9.27,36,15500,15500.0,15500.0,Fully Paid,18073.4,2023-12-31
LN104519,CU21019,Robert Hill,2022-02-14,2022-02-20,Central,Abuja FCT,Small Business Startup,RENT,5 years,34501,34.39,E,19.68,36,8000,7500.0,7200.0,Fully Paid,9954.47,2023-12-31
LN104520,CU21020,Barbara Ramirez,2023-04-26,2023-05-02,North,Kaduna,Agriculture,OWN,8 years,19239,12.25,B,11.26,36,17000,14300.0,13600.0,Fully Paid,16129.33,2023-12-31
LN104521,CU21021,Sandra Hill,2022-10-16,2022-10-21,Central,Niger,Business Expansion,MORTGAGE,4 years,60171,14.53,C,13.1,36,30000,26300.0,26300.0,Fully Paid,32672.24,2023-12-31
LN104522,CU21022,Ashley Lee,2023-07-01,2023-07-05,South,Akwa Ibom,Debt Consolidation,RENT,5 years,45964,26.17,B,10.19,60,8000,8000.0,7800.0,Current,751.27,2023-11-29
LN104523,CU21023,Carol Flores,2022-02-18,2022-03-04,East,Abia,Car Purchase,MORTGAGE,3 years,70662,26.3,A,7.28,60,14800,13000.0,11600.0,Fully Paid,15420.85,2023-12-31
LN104524,CU21024,Jennifer Smith,2021-09-19,2021-10-01,North,Kano,Home Improvement,MORTGAGE,1 year,45430,5.68,B,9.74,60,15000,13900.0,13900.0,Fully Paid,17267.99,2023-12-31
LN104525,CU21025,Thomas Lopez,2022-08-12,2022-08-22,North,Sokoto,Business Expansion,MORTGAGE,8 years,63282,29.99,B,9.64,60,6300,4700.0,4500.0,Fully Paid,6003.56,2023-12-31
LN104526,CU21026,Sandra Jackson,2023-05-21,2023-06-02,Central,Niger,Business Expansion,MORTGAGE,3 years,52064,24.59,D,16.69,36,5700,5000.0,4600.0,Current,1098.75,2023-12-18
LN104527,CU21027,John Flores,2022-05-25,2022-05-28,South,Akwa Ibom,Small Business Startup,RENT,2 years,45746,29.14,D,17.89,60,22900,22900.0,22900.0,Fully Paid,28718.5,2023-12-31
LN104528,CU21028,Matthew Clark,2023-12-27,2024-01-05,North,Katsina,Debt Consolidation,MORTGAGE,9 years,41014,27.92,D,16.92,36,21000,21000.0,18000.0,Fully Paid,28113.66,2023-12-31
LN104529,CU21029,Deborah Lee,2021-02-05,2021-02-07,West,Lagos,Debt Consolidation,MORTGAGE,< 1 year,71983,8.51,A,7.99,36,30800,25300.0,25300.0,Fully Paid,32783.13,2023-12-31
LN104530,CU21030,Barbara Miller,2022-11-24,2022-12-14,South,Delta,Debt Consolidation,RENT,1 year,97010,10.67,D,15.54,60,8700,8200.0,8200.0,Fully Paid,8945.54,2023-12-31
LN104531,CU21031,Emily Thompson,2022-06-21,2022-06-26,East,Enugu,Debt Consolidation,OWN,2 years,82816,3.36,A,7.23,36,10800,10800.0,10300.0,Fully Paid,14577.21,2023-12-31
LN104532,CU21032,Linda Jackson,2022-02-20,2022-03-01,East,Imo,Small Business Startup,RENT,1 year,45219,5.68,B,10.01,36,6500,5600.0,5400.0,Fully Paid,7282.36,2023-12-31
LN104533,CU21033,Ashley Wright,2023-10-22,2023-11-11,West,Osun,Personal,OWN,1 year,66021,12.87,B,11.04,60,13100,11900.0,11700.0,Current,610.94,2023-11-27
LN104534,CU21034,Karen Lopez,2023-03-17,2023-03-31,South,Delta,Debt Consolidation,OWN,5 years,97850,32.87,A,7.07,60,21800,17400.0,16600.0,Fully Paid,18482.05,2023-12-31
LN104535,CU21035,Amanda Harris,2021-06-27,2021-07-05,Central,Niger,Car Purchase,OWN,5 years,33935,34.57,C,13.33,60,26000,25300.0,25300.0,Current,13984.33,2023-12-25
LN104536,CU21036,Daniel Jackson,2021-10-09,2021-10-15,East,Imo,Business Expansion,RENT,8 years,34931,23.49,A,8.19,60,11300,10300.0,9200.0,Fully Paid,10835.38,2023-12-31
LN104537,CU21037,Susan Perez,2021-02-14,2021-03-03,West,Oyo,Debt Consolidation,MORTGAGE,9 years,22178,24.67,E,18.93,60,19100,19100.0,18300.0,Fully Paid,20503.66,2023-12-31
LN104538,CU21038,Lisa Smith,2023-10-12,2023-10-29,West,Osun,Agriculture,MORTGAGE,6 years,45411,2.66,B,10.71,36,7100,7100.0,7000.0,Fully Paid,9581.97,2023-12-31
LN104539,CU21039,Linda Torres,2022-07-13,2022-08-02,East,Abia,Business Expansion,RENT,1 year,44467,33.31,D,15.52,36,15500,15500.0,14600.0,Fully Paid,16315.82,2023-12-31
LN104540,CU21040,Charles Garcia,2021-08-20,2021-08-27,East,Imo,Debt Consolidation,RENT,5 years,38992,20.17,B,10.56,60,5800,4400.0,4400.0,Fully Paid,5836.16,2023-12-31
LN104541,CU21041,Nancy Wilson,2023-08-28,2023-09-11,South,Delta,Car Purchase,OWN,2 years,41435,17.75,G,28.02,60,16300,16300.0,15000.0,Fully Paid,19567.93,2023-12-31
LN104542,CU21042,Paul White,2022-03-12,2022-03-14,Central,Kogi,Wedding,OWN,1 year,35471,6.57,C,13.16,36,16500,15200.0,13800.0,Fully Paid,19124.88,2023-12-31
LN104543,CU21043,Edward Garcia,2023-08-04,2023-08-14,East,Imo,Home Improvement,OWN,9 years,116574,32.17,C,14.8,60,12300,10800.0,10400.0,Fully Paid,11593.28,2023-12-31
LN104544,CU21044,Daniel Lewis,2021-04-03,,West,Lagos,Debt Consolidation,OWN,10+ years,61539,25.14,E,18.22,36,12800,0.0,0.0,Rejected,0.0,
LN104545,CU21045,Sandra Perez,2021-03-26,2021-04-13,Central,Plateau,Medical Expenses,MORTGAGE,10+ years,76442,31.28,A,7.64,60,23900,23900.0,21500.0,Fully Paid,28331.29,2023-12-31
LN104546,CU21046,Nancy King,2022-06-08,2022-06-19,East,Anambra,Car Purchase,OWN,3 years,69141,29.69,D,15.3,60,20200,19200.0,18500.0,Current,5847.63,2023-12-09
LN104547,CU21047,Amanda Scott,2023-05-19,2023-06-08,West,Lagos,Business Expansion,OWN,10+ years,53948,27.95,A,8.91,36,17200,17200.0,16900.0,Fully Paid,18614.63,2023-12-31
LN104548,CU21048,Carol Moore,2022-10-12,2022-10-13,North,Kaduna,Debt Consolidation,OWN,4 years,65139,23.01,C,14.24,60,12600,12200.0,12200.0,Fully Paid,13028.08,2023-12-31
LN104549,CU21049,James Garcia,2023-09-09,2023-09-17,South,Akwa Ibom,Debt Consolidation,MORTGAGE,4 years,90925,20.3,A,8.15,60,18100,18100.0,17400.0,Fully Paid,20387.79,2023-12-31
LN104550,CU21050,Barbara Hernandez,2023-07-16,2023-08-04,West,Oyo,Debt Consolidation,OWN,5 years,50238,27.17,D,17.08,36,33400,28500.0,28000.0,Fully Paid,31449.51,2023-12-31
LN104551,CU21051,Susan Hill,2022-08-16,2022-08-31,West,Lagos,Car Purchase,OWN,4 years,86089,27.18,C,12.08,36,31300,25100.0,25100.0,Fully Paid,31092.15,2023-12-31
LN104552,CU21052,Lisa Thomas,2023-12-18,2024-01-02,Central,Plateau,Business Expansion,MORTGAGE,5 years,37857,34.44,A,8.25,36,7100,7100.0,7100.0,Fully Paid,9472.27,2023-12-31
LN104553,CU21053,Steven Lopez,2021-07-29,2021-08-11,North,Kaduna,Education,OWN,2 years,40185,7.34,C,12.92,60,6200,4700.0,4700.0,Current,2360.15,2023-12-21
LN104554,CU21054,Deborah Wright,2021-01-04,2021-01-23,North,Katsina,Education,OWN,< 1 year,27391,6.73,B,10.82,60,8800,8700.0,8700.0,Fully Paid,10720.3,2023-12-31
LN104555,CU21055,Jessica Thompson,2021-06-08,2021-06-16,North,Sokoto,Car Purchase,OWN,7 years,80685,21.97,C,13.02,36,6900,5900.0,5900.0,Current,4957.14,2023-11-19
LN104556,CU21056,Daniel Wilson,2023-08-29,2023-09-06,South,Bayelsa,Small Business Startup,OWN,8 years,50105,20.8,F,23.56,60,10200,10200.0,9900.0,Fully Paid,12174.51,2023-12-31
LN104557,CU21057,Emily Robinson,2022-02-11,2022-02-15,South,Akwa Ibom,Business Expansion,RENT,1 year,42454,9.84,A,7.48,36,4100,3400.0,3200.0,Fully Paid,3814.93,2023-12-31
LN104558,CU21058,James Gonzalez,2023-02-23,2023-02-26,South,Akwa Ibom,Agriculture,MORTGAGE,6 years,43398,22.57,D,15.81,60,2700,2200.0,2200.0,Current,416.51,2023-12-27
LN104559,CU21059,Michael Thompson,2023-10-28,2023-11-03,North,Katsina,Small Business Startup,OWN,9 years,29010,24.8,D,15.87,60,1000,900.0,900.0,Current,49.43,2023-12-19
LN104560,CU21060,Jennifer White,2021-02-06,2021-02-16,East,Anambra,Medical Expenses,MORTGAGE,9 years,38590,16.63,A,6.09,36,14900,14900.0,14500.0,Fully Paid,16170.22,2023-12-31
LN104561,CU21061,Daniel Harris,2023-02-16,2023-02-26,East,Anambra,Debt Consolidation,RENT,7 years,74066,30.22,A,6.26,60,13100,12200.0,11500.0,Fully Paid,16129.44,2023-12-31
LN104562,CU21062,Nancy Garcia,2021-12-12,2021-12-19,East,Imo,Debt Consolidation,OWN,8 years,72097,9.49,B,11.26,36,25000,20500.0,20300.0,Current,14333.19,2023-12-18
LN104563,CU21063,Karen Allen,2023-07-05,2023-07-25,East,Anambra,Wedding,MORTGAGE,9 years,52087,11.31,B,9.64,60,14900,12600.0,12400.0,Fully Paid,14572.98,2023-12-31
LN104564,CU21064,Sandra Lee,2022-03-30,2022-03-31,Central,Niger,Business Expansion,RENT,2 years,53612,24.37,B,9.36,60,9900,9300.0,9300.0,Fully Paid,10846.3,2023-12-31
LN104565,CU21065,Margaret Jackson,2022-02-06,2022-02-08,North,Kano,Debt Consolidation,MORTGAGE,10+ years,42155,23.79,B,9.23,60,33400,33400.0,32300.0,Current,13305.14,2023-12-02
LN104566,CU21066,Steven Wilson,2022-11-16,2022-12-02,North,Katsina,Home Improvement,OWN,1 year,46755,12.3,A,7.2,36,10100,9300.0,8700.0,Fully Paid,12439.58,2023-12-31
LN104567,CU21067,Sarah Torres,2021-07-29,2021-08-18,North,Sokoto,Home Improvement,OWN,10+ years,53993,10.18,F,23.39,60,9000,7100.0,7100.0,Fully Paid,7883.14,2023-12-31
LN104568,CU21068,Anthony Martin,2021-11-09,2021-11-18,South,Bayelsa,Car Purchase,MORTGAGE,1 year,40461,24.8,C,12.56,60,14500,13200.0,13200.0,Fully Paid,17586.93,2023-12-31
LN104569,CU21069,Matthew Young,2023-06-07,2023-06-13,West,Osun,Agriculture,RENT,10+ years,26261,3.31,E,19.22,60,8400,7500.0,7400.0,Fully Paid,9031.1,2023-12-31
LN104570,CU21070,Richard Smith,2022-02-27,2022-03-03,North,Kano,Car Purchase,OWN,2 years,47026,16.95,D,16.46,36,12600,9900.0,9100.0,Fully Paid,10398.47,2023-12-31
LN104571,CU21071,Anthony Walker,2021-05-25,2021-06-12,North,Katsina,Car Purchase,RENT,9 years,54156,16.51,C,12.85,36,12600,11600.0,10200.0,Fully Paid,13252.52,2023-12-31
LN104572,CU21072,Daniel Ramirez,2021-03-27,2021-04-01,North,Katsina,Education,OWN,8 years,85346,3.59,C,12.85,60,8900,8800.0,8500.0,Fully Paid,11402.5,2023-12-31
LN104573,CU21073,Barbara Hernandez,2022-10-04,,Central,Plateau,Personal,MORTGAGE,6 years,32248,30.57,F,22.29,36,22500,0.0,0.0,Rejected,0.0,
LN104574,CU21074,Edward Smith,2023-02-23,2023-03-15,Central,Plateau,Business Expansion,OWN,10+ years,87404,11.53,B,11.81,36,10100,9400.0,9400.0,Fully Paid,10315.63,2023-12-31
LN104575,CU21075,Mark King,2023-10-31,2023-11-07,Central,Abuja FCT,Car Purchase,RENT,< 1 year,32730,15.1,D,16.27,36,15500,15500.0,15500.0,Charged Off,7001.77,2023-12-31
LN104576,CU21076,Charles Walker,2022-01-12,2022-01-17,North,Kaduna,Wedding,OWN,2 years,57556,18.9,C,13.41,36,12600,12000.0,11500.0,Fully Paid,15743.76,2023-12-31
LN104577,CU21077,Lisa Torres,2021-10-13,2021-10-28,East,Enugu,Small Business Startup,MORTGAGE,10+ years,62922,34.18,A,6.46,36,22100,19800.0,18400.0,Current,14722.57,2023-12-18
LN104578,CU21078,Jessica White,2022-04-01,2022-04-04,Central,Niger,Debt Consolidation,OWN,9 years,49731,11.77,A,7.62,60,22000,20900.0,20100.0,Current,7446.63,2023-12-16
LN104579,CU21079,Kenneth Flores,2023-08-20,2023-09-09,Central,Plateau,Medical Expenses,OWN,8 years,85420,7.67,C,14.47,60,23200,23100.0,23100.0,Current,1250.51,2023-12-02
LN104580,CU21080,Matthew Lewis,2022-05-19,,Central,Niger,Small Business Startup,RENT,< 1 year,76704,29.29,G,28.54,60,11800,0.0,0.0,Rejected,0.0,
LN104581,CU21081,Barbara Rodriguez,2023-04-16,2023-05-03,Central,Plateau,Agriculture,RENT,1 year,19789,13.41,B,9.91,60,25900,22900.0,22400.0,Fully Paid,27201.83,2023-12-31
LN104582,CU21082,Mary Sanchez,2023-02-22,2023-03-13,South,Rivers,Car Purchase,MORTGAGE,1 year,99060,15.12,G,27.24,60,27700,25100.0,25000.0,Fully Paid,27283.91,2023-12-31
LN104583,CU21083,Brian Lewis,2021-12-21,2021-12-22,South,Rivers,Personal,MORTGAGE,8 years,47406,16.07,B,9.24,36,14200,14200.0,14200.0,Fully Paid,17115.49,2023-12-31
LN104584,CU21084,Dorothy Wilson,2022-08-17,2022-08-20,Central,Abuja FCT,Agriculture,OWN,9 years,19696,25.97,E,20.82,36,15900,15300.0,13300.0,Fully Paid,18970.35,2023-12-31
LN104585,CU21085,Anthony Thomas,2022-11-23,2022-12-12,South,Rivers,Small Business Startup,OWN,7 years,51598,23.75,E,21.01,60,2400,2200.0,2100.0,Fully Paid,2344.85,2023-12-31
LN104586,CU21086,Charles Thomas,2021-07-18,2021-07-23,South,Bayelsa,Small Business Startup,MORTGAGE,2 years,70870,22.14,B,10.71,36,7800,6900.0,6000.0,Fully Paid,7826.61,2023-12-31
LN104587,CU21087,Dorothy Taylor,2021-06-27,2021-07-03,North,Katsina,Agriculture,MORTGAGE,6 years,94248,20.41,A,7.78,60,23600,22900.0,22900.0,Fully Paid,24444.95,2023-12-31
LN104588,CU21088,Kimberly Perez,2022-04-22,2022-05-08,North,Katsina,Car Purchase,OWN,3 years,104407,31.51,A,7.52,36,16000,13100.0,13000.0,Charged Off,7206.39,2023-04-30
LN104589,CU21089,Donald Jackson,2022-05-13,2022-05-27,North,Kaduna,Debt Consolidation,RENT,6 years,63793,30.24,A,8.78,36,12200,10900.0,10400.0,Fully Paid,12539.15,2023-12-31
LN104590,CU21090,Linda Lee,2023-12-30,2024-01-07,South,Akwa Ibom,Personal,OWN,8 years,59005,26.39,B,10.05,60,6600,6500.0,5900.0,Fully Paid,7833.19,2023-12-31
LN104591,CU21091,Linda Clark,2023-06-08,2023-06-12,East,Imo,Home Improvement,RENT,8 years,43869,18.9,C,12.82,60,3700,3300.0,3300.0,Fully Paid,3633.9,2023-12-31
LN104592,CU21092,Michelle Brown,2021-12-31,2022-01-17,North,Kaduna,Personal,MORTGAGE,10+ years,41360,7.33,D,15.3,60,12100,10700.0,10100.0,Fully Paid,14200.14,2023-12-31
LN104593,CU21093,Nancy Davis,2023-12-13,2023-12-17,North,Sokoto,Debt Consolidation,OWN,1 year,34929,6.14,B,11.48,36,6900,5700.0,5300.0,Fully Paid,6063.05,2023-12-31
LN104594,CU21094,Deborah White,2023-03-25,2023-03-29,South,Akwa Ibom,Debt Consolidation,MORTGAGE,2 years,38798,29.79,C,13.53,36,15500,15500.0,15500.0,Fully Paid,20747.58,2023-12-31
LN104595,CU21095,Linda Rodriguez,2023-05-29,2023-06-11,South,Akwa Ibom,Agriculture,OWN,1 year,45537,24.14,E,19.6,60,10800,9200.0,8800.0,Charged Off,3003.75,2023-12-31
LN104596,CU21096,Emily Nguyen,2023-12-19,2024-01-05,South,Bayelsa,Education,MORTGAGE,8 years,99974,5.41,C,13.67,60,33000,27500.0,27400.0,Fully Paid,35395.45,2023-12-31
LN104597,CU21097,Paul Jones,2023-12-26,2023-12-28,Central,Niger,Debt Consolidation,OWN,4 years,43832,4.83,A,7.5,60,20300,18600.0,18000.0,Fully Paid,20025.06,2023-12-31
LN104598,CU21098,Edward Taylor,2021-01-04,2021-01-08,West,Ogun,Education,MORTGAGE,8 years,33236,23.66,C,12.09,36,9000,7300.0,7300.0,Fully Paid,9207.43,2023-11-10
LN104599,CU21099,Karen Allen,2021-07-09,2021-07-18,South,Akwa Ibom,Business Expansion,MORTGAGE,4 years,29238,4.59,B,11.21,36,9000,8600.0,8600.0,Fully Paid,9827.57,2023-12-31
LN104600,CU21100,Sandra Wright,2021-10-28,2021-11-16,Central,Kogi,Medical Expenses,RENT,9 years,52257,34.16,A,7.24,60,14400,12400.0,11600.0,Fully Paid,15812.41,2023-12-31
LN104601,CU21101,Mary Garcia,2023-05-10,2023-05-22,Central,Plateau,Wedding,MORTGAGE,9 years,91054,8.02,A,6.68,60,25800,25800.0,24700.0,Charged Off,5912.33,2023-12-31
LN104602,CU21102,Jennifer Garcia,2022-03-16,2022-03-19,South,Rivers,Agriculture,OWN,7 years,18414,22.4,C,14.33,60,6100,5600.0,5500.0,Fully Paid,6530.32,2023-12-31
LN104603,CU21103,Michael Harris,2023-04-28,2023-04-29,West,Oyo,Home Improvement,RENT,8 years,26925,30.94,D,17.02,36,19800,17100.0,14900.0,Fully Paid,20633.92,2023-12-31
LN104604,CU21104,Kimberly Martin,2023-11-15,2023-12-05,Central,Abuja FCT,Agriculture,OWN,8 years,43962,27.06,D,16.17,60,20100,19200.0,16600.0,Current,1072.43,2023-12-15
LN104605,CU21105,Thomas Brown,2023-06-20,2023-06-26,East,Imo,Small Business Startup,OWN,4 years,88671,10.49,A,7.5,60,1000,800.0,800.0,Current,82.67,2023-11-25
LN104606,CU21106,Anthony Gonzalez,2021-02-22,2021-03-03,West,Ogun,Business Expansion,MORTGAGE,9 years,38690,19.04,D,15.22,36,12200,12200.0,10700.0,Fully Paid,16182.38,2023-12-18
LN104607,CU21107,Linda Walker,2021-05-20,2021-06-02,South,Delta,Debt Consolidation,MORTGAGE,< 1 year,34104,31.92,B,9.19,36,28600,27100.0,27100.0,Fully Paid,35152.73,2023-12-31
LN104608,CU21108,Matthew Thomas,2021-07-24,2021-08-05,West,Ogun,Medical Expenses,MORTGAGE,8 years,47384,26.75,E,21.18,36,5100,5100.0,5100.0,Fully Paid,5737.79,2023-12-31
LN104609,CU21109,Edward Brown,2021-03-22,2021-04-05,East,Abia,Medical Expenses,RENT,7 years,32042,25.87,B,9.27,36,18100,18100.0,18100.0,Fully Paid,24225.47,2023-12-31
LN104610,CU21110,Brian Moore,2022-10-09,2022-10-20,North,Katsina,Education,RENT,6 years,36548,32.31,A,7.26,36,18700,18000.0,17400.0,Fully Paid,23180.61,2023-12-31
LN104611,CU21111,Jennifer Davis,2023-10-10,2023-10-21,South,Rivers,Wedding,OWN,1 year,27347,8.46,C,13.57,36,22200,18600.0,17500.0,Fully Paid,23815.6,2023-12-31
LN104612,CU21112,Edward White,2023-10-02,2023-10-08,Central,Plateau,Wedding,MORTGAGE,9 years,59280,14.69,C,14.42,60,16000,13800.0,12100.0,Fully Paid,18097.59,2023-12-31
LN104613,CU21113,Daniel Robinson,2022-12-17,2023-01-04,West,Lagos,Car Purchase,OWN,3 years,71845,28.9,C,12.56,60,22900,20700.0,20700.0,Charged Off,7407.72,2023-06-17
LN104614,CU21114,Steven Ramirez,2021-01-21,2021-01-27,Central,Niger,Personal,RENT,3 years,112472,15.92,B,9.84,36,13500,12700.0,12700.0,Fully Paid,16665.78,2023-11-20
LN104615,CU21115,Ashley Wright,2021-09-25,2021-10-03,East,Anambra,Business Expansion,OWN,< 1 year,31769,4.34,B,9.19,36,25000,21900.0,21900.0,Fully Paid,26569.95,2023-12-31
LN104616,CU21116,Susan Smith,2022-07-29,2022-08-10,Central,Abuja FCT,Education,OWN,< 1 year,73710,7.96,E,18.99,60,29300,26500.0,24900.0,Fully Paid,34452.96,2023-12-31
LN104617,CU21117,Kevin Torres,2022-09-15,2022-09-20,North,Kaduna,Medical Expenses,OWN,5 years,145743,14.16,B,10.3,36,11500,10700.0,10700.0,Fully Paid,12679.83,2023-12-31
LN104618,CU21118,John Hill,2021-04-26,2021-05-05,North,Sokoto,Education,OWN,10+ years,39710,22.27,A,8.75,36,10400,8600.0,7800.0,Fully Paid,10048.92,2023-12-31
LN104619,CU21119,Robert Hill,2023-11-24,2023-12-11,Central,Abuja FCT,Medical Expenses,OWN,8 years,41572,15.7,A,7.26,60,24500,22100.0,20400.0,Fully Paid,24449.36,2023-12-31
LN104620,CU21120,Anthony Nguyen,2023-04-26,2023-05-12,West,Lagos,Debt Consolidation,MORTGAGE,3 years,48066,18.76,A,7.17,60,2000,1700.0,1700.0,Fully Paid,2017.26,2023-12-31
LN104621,CU21121,Sandra Lee,2022-09-05,,South,Bayelsa,Personal,MORTGAGE,2 years,65797,12.61,G,28.76,36,8800,0.0,0.0,Rejected,0.0,
LN104622,CU21122,Daniel Moore,2021-06-30,2021-07-09,Central,Plateau,Home Improvement,MORTGAGE,10+ years,92824,8.93,F,23.06,36,21100,18700.0,16400.0,Fully Paid,20554.23,2023-12-31
LN104623,CU21123,Edward Walker,2021-03-20,2021-03-22,North,Sokoto,Debt Consolidation,MORTGAGE,7 years,24329,20.64,F,23.35,60,6500,5300.0,4900.0,Fully Paid,5824.23,2023-12-31
LN104624,CU21124,Paul Garcia,2023-06-25,2023-06-29,Central,Plateau,Debt Consolidation,MORTGAGE,9 years,57858,27.11,A,8.15,36,6000,5300.0,5200.0,Fully Paid,6477.63,2023-12-31
LN104625,CU21125,Andrew Gonzalez,2021-05-08,2021-05-18,Central,Plateau,Business Expansion,RENT,4 years,97973,7.2,D,17.51,36,31800,26100.0,24000.0,Fully Paid,27576.88,2023-12-31
LN104626,CU21126,Sarah Flores,2022-03-10,2022-03-20,Central,Kogi,Home Improvement,MORTGAGE,2 years,21725,23.2,E,20.18,36,32600,28300.0,24200.0,Charged Off,8354.32,2023-03-04
LN104627,CU21127,Donald Wright,2023-01-03,2023-01-19,West,Ogun,Business Expansion,RENT,2 years,38770,3.23,B,9.65,36,13200,11400.0,11200.0,Fully Paid,12765.5,2023-12-31
LN104628,CU21128,Kevin Torres,2022-09-19,2022-09-27,North,Kano,Small Business Startup,RENT,4 years,72763,15.26,B,9.93,60,19700,19700.0,19700.0,Fully Paid,21740.76,2023-12-31
LN104629,CU21129,Melissa Williams,2022-08-30,2022-09-15,Central,Kogi,Medical Expenses,MORTGAGE,6 years,56156,33.28,D,16.69,36,15900,14500.0,13900.0,Fully Paid,18348.09,2023-12-31
LN104630,CU21130,Patricia Walker,2021-06-05,2021-06-18,Central,Abuja FCT,Debt Consolidation,MORTGAGE,9 years,36369,8.28,C,13.83,60,7300,7000.0,7000.0,Fully Paid,7493.11,2023-12-31
LN104631,CU21131,Joshua Torres,2021-07-09,2021-07-22,East,Enugu,Business Expansion,OWN,3 years,61006,20.01,F,24.86,60,11100,10000.0,9800.0,Fully Paid,10988.97,2023-12-31
LN104632,CU21132,Brian Sanchez,2021-04-27,2021-05-14,South,Rivers,Medical Expenses,MORTGAGE,10+ years,44908,18.36,B,10.79,36,14300,13700.0,13200.0,Charged Off,4477.38,2023-02-07
LN104633,CU21133,Brian Perez,2021-02-19,2021-03-03,East,Enugu,Business Expansion,OWN,4 years,60764,20.43,B,9.89,36,1700,1700.0,1600.0,Fully Paid,2214.84,2023-12-29
LN104634,CU21134,Matthew Thomas,2023-07-09,2023-07-15,North,Sokoto,Debt Consolidation,OWN,7 years,65774,8.22,D,16.12,36,9400,8700.0,8700.0,Charged Off,1364.22,2023-12-31
LN104635,CU21135,Paul Torres,2021-02-14,2021-02-22,South,Delta,Debt Consolidation,RENT,3 years,52487,11.1,D,16.38,36,28200,26300.0,26300.0,Fully Paid,33207.93,2023-12-25
LN104636,CU21136,Melissa Johnson,2021-01-10,2021-01-27,West,Ogun,Medical Expenses,MORTGAGE,3 years,25984,9.13,B,9.46,60,15400,13000.0,12400.0,Fully Paid,14403.86,2023-12-31
LN104637,CU21137,Elizabeth Anderson,2023-01-19,2023-02-01,West,Osun,Medical Expenses,RENT,7 years,22200,32.91,B,10.43,60,1000,900.0,900.0,Fully Paid,1092.23,2023-12-31
LN104638,CU21138,Barbara Moore,2023-11-01,2023-11-17,North,Sokoto,Debt Consolidation,RENT,2 years,70751,32.32,B,10.26,36,29200,29200.0,28700.0,Fully Paid,34832.0,2023-12-31
LN104639,CU21139,Charles Ramirez,2023-06-19,2023-07-01,East,Imo,Personal,MORTGAGE,5 years,127905,29.2,E,19.58,60,23500,21700.0,20400.0,Charged Off,9716.51,2023-12-31
LN104640,CU21140,Sarah Rodriguez,2022-06-28,2022-07-01,West,Ogun,Debt Consolidation,RENT,8 years,59886,10.71,B,11.04,60,31500,27300.0,26400.0,Fully Paid,29847.55,2023-12-31
LN104641,CU21141,Kimberly Young,2021-08-09,2021-08-17,South,Akwa Ibom,Personal,OWN,8 years,39691,24.42,B,10.4,60,18600,17500.0,16400.0,Fully Paid,21667.09,2023-12-31
LN104642,CU21142,Charles Scott,2023-06-23,2023-07-12,West,Osun,Agriculture,RENT,7 years,42383,9.67,B,11.82,36,5600,4800.0,4300.0,Fully Paid,6078.33,2023-12-31
LN104643,CU21143,Richard Jones,2022-01-02,2022-01-04,Central,Plateau,Home Improvement,RENT,7 years,89075,32.31,C,14.62,60,10500,10000.0,10000.0,Fully Paid,12502.1,2023-12-31
LN104644,CU21144,Kimberly Harris,2021-12-24,2022-01-04,West,Oyo,Home Improvement,OWN,5 years,75418,18.82,D,17.06,36,11300,11300.0,11300.0,Fully Paid,15146.2,2023-12-31
LN104645,CU21145,Barbara Martinez,2022-03-05,2022-03-16,North,Katsina,Education,RENT,6 years,43206,30.76,C,12.99,60,4800,4800.0,4600.0,Fully Paid,5538.44,2023-12-31
LN104646,CU21146,William Jones,2022-04-24,2022-05-14,East,Enugu,Debt Consolidation,MORTGAGE,8 years,30408,27.62,C,12.38,60,27500,27500.0,27200.0,Charged Off,13045.08,2023-12-31
LN104647,CU21147,Kevin Allen,2021-08-10,2021-08-12,West,Oyo,Agriculture,MORTGAGE,4 years,37986,31.08,D,16.31,60,10600,9200.0,7800.0,Fully Paid,9942.86,2023-12-31
LN104648,CU21148,Deborah Thompson,2023-04-30,2023-05-12,Central,Niger,Business Expansion,RENT,< 1 year,78374,30.43,F,22.43,60,12900,11900.0,10800.0,Fully Paid,13083.9,2023-12-31
LN104649,CU21149,Karen Jones,2023-03-02,2023-03-18,South,Akwa Ibom,Home Improvement,RENT,5 years,65056,33.96,C,12.46,60,12500,11400.0,10400.0,Fully Paid,15273.71,2023-12-31
LN104650,CU21150,Richard Lee,2022-05-04,2022-05-10,North,Katsina,Personal,OWN,< 1 year,96633,5.93,A,8.82,36,23300,18100.0,17300.0,Fully Paid,21519.77,2023-12-31
LN104651,CU21151,Jennifer Wilson,2021-05-03,2021-05-05,North,Kaduna,Home Improvement,OWN,1 year,62368,4.15,B,11.24,36,11600,10200.0,9700.0,Fully Paid,13694.9,2023-12-31
LN104652,CU21152,Mark Lee,2023-07-04,2023-07-09,East,Imo,Small Business Startup,MORTGAGE,7 years,53677,23.52,C,12.74,36,3400,3400.0,3200.0,Fully Paid,3803.47,2023-12-31
LN104653,CU21153,Robert Gonzalez,2022-05-09,2022-05-29,South,Rivers,Small Business Startup,RENT,6 years,25160,8.22,A,7.74,60,9000,8200.0,7800.0,Fully Paid,9491.49,2023-12-31
LN104654,CU21154,Dorothy Smith,2023-03-10,2023-03-17,Central,Kogi,Agriculture,MORTGAGE,8 years,60485,8.46,B,11.44,60,2100,2000.0,1900.0,Current,344.12,2023-12-02
LN104655,CU21155,Christopher Allen,2023-05-25,2023-06-09,East,Imo,Business Expansion,OWN,7 years,93475,33.7,C,12.32,36,25700,25700.0,24600.0,Charged Off,4415.72,2023-12-31
LN104656,CU21156,Betty Flores,2022-12-14,2023-01-03,Central,Kogi,Home Improvement,MORTGAGE,8 years,19501,29.79,B,11.93,36,17800,14100.0,14100.0,Charged Off,4224.59,2023-03-02
LN104657,CU21157,Andrew Martin,2021-04-22,2021-05-02,West,Ogun,Medical Expenses,RENT,2 years,74298,5.27,E,21.69,60,22800,20100.0,20100.0,Fully Paid,27043.18,2023-12-31
LN104658,CU21158,Paul Torres,2021-12-30,2022-01-07,Central,Plateau,Debt Consolidation,RENT,4 years,54491,7.34,A,8.28,60,25600,24400.0,24400.0,Current,10825.6,2023-11-18
LN104659,CU21159,Sarah Rodriguez,2023-07-29,2023-08-17,North,Kano,Personal,RENT,9 years,22724,24.56,A,6.74,36,17300,14900.0,14700.0,Fully Paid,18708.89,2023-12-31
LN104660,CU21160,William Williams,2022-11-30,2022-12-03,South,Rivers,Debt Consolidation,MORTGAGE,1 year,57083,20.62,E,21.95,60,7700,6800.0,6500.0,Current,1585.96,2023-12-29
LN104661,CU21161,Christopher Jackson,2022-11-11,2022-11-29,North,Katsina,Education,OWN,3 years,56450,33.72,C,13.47,36,19200,19200.0,16800.0,Fully Paid,22763.65,2023-12-31
LN104662,CU21162,Lisa Jones,2021-04-05,2021-04-06,Central,Abuja FCT,Education,OWN,2 years,129140,25.17,C,12.48,60,16400,16400.0,16400.0,Fully Paid,18631.74,2023-12-31
LN104663,CU21163,Sandra Allen,2021-11-26,2021-12-10,East,Anambra,Debt Consolidation,RENT,7 years,36504,25.48,C,14.87,60,15400,13400.0,12800.0,Fully Paid,16626.01,2023-12-31
LN104664,CU21164,Deborah Brown,2022-03-24,2022-04-02,South,Delta,Small Business Startup,OWN,8 years,20369,27.8,E,21.73,60,3300,3000.0,3000.0,Current,1162.65,2023-12-01
LN104665,CU21165,Jessica Brown,2021-12-23,2022-01-03,East,Imo,Business Expansion,OWN,9 years,36474,33.08,C,13.27,60,21700,20200.0,20200.0,Fully Paid,24923.37,2023-12-31
LN104666,CU21166,Elizabeth Rodriguez,2021-07-10,2021-07-15,East,Anambra,Debt Consolidation,OWN,10+ years,52345,19.29,D,17.0,36,7200,6300.0,6200.0,Fully Paid,8468.04,2023-12-31
LN104667,CU21167,Steven Allen,2021-12-11,2021-12-20,Central,Niger,Debt Consolidation,MORTGAGE,3 years,35698,12.56,A,6.06,36,11300,9400.0,9100.0,Current,7134.41,2023-12-10
LN104668,CU21168,Sandra Johnson,2021-04-30,2021-05-10,West,Osun,Business Expansion,RENT,7 years,17409,2.98,E,21.33,36,12000,10400.0,10400.0,Fully Paid,13144.18,2023-12-31
LN104669,CU21169,Karen Walker,2021-05-23,2021-06-06,East,Abia,Home Improvement,OWN,3 years,43133,17.4,C,14.52,60,27200,27200.0,25400.0,Fully Paid,35364.01,2023-12-31
LN104670,CU21170,Linda Williams,2021-11-19,2021-11-27,South,Akwa Ibom,Car Purchase,RENT,4 years,79565,17.21,C,12.95,60,18500,15400.0,14200.0,Fully Paid,17462.48,2023-12-31
LN104671,CU21171,Kimberly Jackson,2021-07-23,2021-08-10,East,Anambra,Medical Expenses,OWN,9 years,46497,22.04,E,18.06,60,16800,16500.0,15000.0,Fully Paid,19816.95,2023-12-31
LN104672,CU21172,William Harris,2023-08-28,2023-08-31,South,Delta,Car Purchase,RENT,< 1 year,41475,30.96,E,21.35,60,5500,5400.0,5300.0,Fully Paid,6299.97,2023-12-31
LN104673,CU21173,Linda Smith,2023-06-18,2023-07-04,South,Delta,Medical Expenses,OWN,8 years,77885,20.82,B,11.86,36,12600,11200.0,9900.0,Fully Paid,15038.89,2023-12-31
LN104674,CU21174,Melissa Martin,2021-03-27,2021-04-15,Central,Plateau,Personal,RENT,10+ years,44192,33.21,A,7.87,60,11900,11900.0,11200.0,Fully Paid,12504.43,2023-12-31
LN104675,CU21175,Carol Davis,2022-07-02,2022-07-14,Central,Plateau,Debt Consolidation,OWN,10+ years,69835,5.51,G,29.98,36,20400,18700.0,17500.0,Fully Paid,20694.77,2023-12-31
LN104676,CU21176,Mary Lopez,2021-09-05,,North,Kaduna,Business Expansion,MORTGAGE,7 years,40104,18.06,F,22.02,36,28700,0.0,0.0,Rejected,0.0,
LN104677,CU21177,James Williams,2022-01-02,2022-01-08,Central,Niger,Small Business Startup,OWN,< 1 year,43795,9.57,A,7.08,36,10800,10400.0,10400.0,Current,7543.23,2023-11-25
LN104678,CU21178,Amanda Thompson,2023-12-20,2024-01-02,West,Lagos,Debt Consolidation,MORTGAGE,8 years,46164,10.48,B,9.09,60,28400,26300.0,26300.0,Current,1403.17,2023-12-31
LN104679,CU21179,Jennifer Jackson,2022-06-24,2022-06-28,West,Ogun,Agriculture,RENT,5 years,39621,24.17,D,17.69,36,9900,9300.0,9200.0,Fully Paid,10299.16,2023-12-31
LN104680,CU21180,Betty Clark,2023-04-06,2023-04-21,East,Enugu,Debt Consolidation,MORTGAGE,8 years,41834,3.13,D,16.89,60,14700,12500.0,12400.0,Fully Paid,16045.66,2023-12-31
LN104681,CU21181,Sandra Gonzalez,2021-02-10,2021-02-21,North,Katsina,Wedding,OWN,5 years,20723,26.82,A,6.16,60,17700,16200.0,15100.0,Charged Off,8280.76,2022-05-05
LN104682,CU21182,William Robinson,2021-11-13,,North,Sokoto,Debt Consolidation,RENT,1 year,15594,32.46,G,28.64,60,13500,0.0,0.0,Rejected,0.0,
LN104683,CU21183,Joshua Taylor,2022-09-06,2022-09-19,East,Abia,Business Expansion,RENT,8 years,107609,10.44,B,10.25,60,1000,1000.0,1000.0,Fully Paid,1329.71,2023-12-31
LN104684,CU21184,Amanda Taylor,2022-07-24,2022-07-25,West,Lagos,Debt Consolidation,OWN,8 years,51668,20.43,D,15.92,36,11100,10900.0,10300.0,Fully Paid,14176.76,2023-12-31
LN104685,CU21185,Brian Davis,2022-06-23,2022-06-27,South,Bayelsa,Wedding,OWN,7 years,72457,28.5,C,13.53,60,2400,2000.0,1900.0,Charged Off,674.7,2023-12-31
LN104686,CU21186,Barbara Gonzalez,2022-10-28,2022-11-05,South,Delta,Business Expansion,MORTGAGE,10+ years,60882,15.9,B,11.06,36,15900,13500.0,13500.0,Fully Paid,17335.59,2023-12-31
LN104687,CU21187,David Martinez,2022-07-05,2022-07-09,South,Delta,Agriculture,RENT,< 1 year,36776,14.59,A,6.35,60,11700,11700.0,10500.0,Fully Paid,13706.09,2023-12-31
LN104688,CU21188,Paul Clark,2021-03-28,2021-04-09,West,Lagos,Business Expansion,MORTGAGE,10+ years,49230,14.5,C,12.15,36,22400,19800.0,17900.0,Fully Paid,25853.56,2023-12-31
LN104689,CU21189,Kimberly Harris,2023-10-21,2023-10-31,South,Akwa Ibom,Small Business Startup,MORTGAGE,3 years,43172,12.97,B,10.87,36,14300,12900.0,12700.0,Fully Paid,15781.46,2023-12-31
LN104690,CU21190,Patricia Rodriguez,2022-04-07,2022-04-19,West,Osun,Debt Consolidation,OWN,5 years,79335,10.37,E,21.88,60,17700,16500.0,15900.0,Fully Paid,17561.81,2023-12-31
LN104691,CU21191,Steven Walker,2022-11-25,2022-11-29,East,Abia,Wedding,RENT,5 years,40522,20.37,B,9.3,36,14300,12300.0,12200.0,Fully Paid,15727.98,2023-12-31
LN104692,CU21192,George Scott,2023-10-03,2023-10-12,South,Delta,Debt Consolidation,OWN,10+ years,37063,4.87,B,11.23,60,1000,900.0,900.0,Fully Paid,1089.72,2023-12-31
LN104693,CU21193,Christopher Johnson,2021-06-29,2021-07-03,North,Kano,Medical Expenses,OWN,8 years,36847,26.73,B,10.1,60,25400,23800.0,21500.0,Fully Paid,27194.13,2023-12-31
LN104694,CU21194,Joseph Hernandez,2022-10-24,2022-11-01,West,Oyo,Agriculture,RENT,< 1 year,53606,34.09,D,15.2,60,16500,16500.0,15900.0,Current,4352.68,2023-11-19
LN104695,CU21195,John Jones,2023-01-11,2023-01-30,North,Katsina,Personal,OWN,6 years,30057,11.87,C,12.13,60,25600,23400.0,21700.0,Fully Paid,25860.58,2023-12-31
LN104696,CU21196,Joseph Garcia,2023-03-06,2023-03-17,North,Kano,Business Expansion,OWN,10+ years,38381,27.25,C,13.94,60,1000,1000.0,900.0,Fully Paid,1282.38,2023-12-31
LN104697,CU21197,Joshua Hill,2023-06-09,2023-06-29,Central,Abuja FCT,Debt Consolidation,MORTGAGE,< 1 year,26631,13.69,G,27.2,60,14200,10800.0,10700.0,Fully Paid,11374.62,2023-12-31
LN104698,CU21198,Matthew Sanchez,2022-01-18,2022-01-19,North,Kaduna,Agriculture,MORTGAGE,9 years,34140,11.8,C,12.39,36,21200,17900.0,17300.0,Fully Paid,20476.95,2023-12-31
LN104699,CU21199,Karen Anderson,2021-02-15,2021-02-28,East,Anambra,Debt Consolidation,MORTGAGE,7 years,62840,35.0,E,19.29,36,14800,14600.0,13600.0,Current,15769.87,2023-11-24
LN104700,CU21200,William Allen,2021-07-13,2021-07-24,Central,Plateau,Personal,MORTGAGE,10+ years,33766,25.31,B,10.21,60,5700,5200.0,4700.0,Fully Paid,6310.93,2023-12-31
LN104701,CU21201,Thomas Lee,2022-07-27,,East,Abia,Small Business Startup,MORTGAGE,10+ years,38803,21.43,F,22.68,36,8500,0.0,0.0,Rejected,0.0,
LN104702,CU21202,Anthony Torres,2022-11-24,2022-11-25,Central,Niger,Business Expansion,RENT,8 years,47680,33.4,F,25.1,36,31200,30500.0,28300.0,Current,12390.23,2023-11-27
LN104703,CU21203,Patricia Scott,2023-04-11,2023-05-01,West,Oyo,Debt Consolidation,MORTGAGE,3 years,83798,10.67,B,9.76,60,21500,20000.0,18500.0,Current,3009.36,2023-12-29
LN104704,CU21204,Steven King,2022-08-18,2022-09-07,East,Anambra,Car Purchase,MORTGAGE,8 years,48892,5.22,B,9.72,36,8600,8600.0,8600.0,Fully Paid,11359.98,2023-12-31
LN104705,CU21205,George Hernandez,2023-11-03,,West,Osun,Home Improvement,OWN,4 years,34910,26.76,G,26.19,36,25200,0.0,0.0,Rejected,0.0,
LN104706,CU21206,William Allen,2023-03-02,2023-03-17,North,Kaduna,Car Purchase,MORTGAGE,7 years,58033,12.67,E,18.34,60,5300,5000.0,4700.0,Fully Paid,5428.81,2023-12-31
LN104707,CU21207,Charles Williams,2023-10-04,,South,Rivers,Personal,OWN,6 years,71022,32.92,F,22.26,60,9000,0.0,0.0,Rejected,0.0,
LN104708,CU21208,Christopher Robinson,2023-08-29,2023-09-15,East,Enugu,Debt Consolidation,MORTGAGE,9 years,75332,3.81,C,12.2,60,7300,7200.0,6600.0,Charged Off,3572.64,2023-12-11
LN104709,CU21209,Edward Smith,2022-05-05,,North,Kano,Agriculture,OWN,10+ years,39372,20.08,G,28.55,36,19100,0.0,0.0,Rejected,0.0,
LN104710,CU21210,Sarah Scott,2022-06-07,2022-06-26,Central,Abuja FCT,Medical Expenses,OWN,1 year,37574,13.05,C,12.28,36,6000,5700.0,5600.0,Current,3001.86,2023-11-21
LN104711,CU21211,Emily Jones,2023-08-13,2023-08-28,Central,Niger,Car Purchase,RENT,2 years,68806,12.75,B,9.8,36,19800,19800.0,18600.0,Fully Paid,26436.4,2023-12-31
LN104712,CU21212,Matthew Jones,2023-05-24,2023-06-11,Central,Kogi,Small Business Startup,MORTGAGE,9 years,73084,13.66,C,14.67,60,1000,900.0,800.0,Fully Paid,997.94,2023-12-31
LN104713,CU21213,Betty Perez,2022-09-26,2022-10-06,Central,Plateau,Business Expansion,RENT,< 1 year,29873,8.96,A,8.79,36,17000,14200.0,13600.0,Fully Paid,18071.48,2023-12-31
LN104714,CU21214,Linda Hill,2023-11-13,2023-11-26,South,Rivers,Business Expansion,OWN,3 years,40806,16.73,A,8.83,36,22200,22200.0,22200.0,Fully Paid,24117.78,2023-12-31
LN104715,CU21215,Paul Nguyen,2021-10-05,2021-10-18,West,Lagos,Small Business Startup,RENT,6 years,19141,20.01,B,10.23,36,22700,22200.0,22200.0,Fully Paid,27133.28,2023-12-31
LN104716,CU21216,David Robinson,2023-10-26,2023-11-07,West,Lagos,Debt Consolidation,MORTGAGE,6 years,31682,2.05,C,14.09,60,2000,1900.0,1900.0,Fully Paid,2510.92,2023-12-31
LN104717,CU21217,Paul Ramirez,2023-06-25,2023-07-11,East,Abia,Debt Consolidation,MORTGAGE,5 years,52468,21.61,B,10.8,60,17300,17300.0,17300.0,Fully Paid,19275.35,2023-12-31
LN104718,CU21218,Kenneth Allen,2023-08-05,2023-08-22,North,Kaduna,Debt Consolidation,RENT,< 1 year,60000,9.9,G,28.93,60,11800,8800.0,8800.0,Charged Off,3764.89,2023-12-31
LN104719,CU21219,Deborah Walker,2022-05-05,,South,Delta,Home Improvement,RENT,7 years,21079,17.28,G,29.09,36,2400,0.0,0.0,Rejected,0.0,
LN104720,CU21220,Kevin Lopez,2023-10-22,2023-10-30,West,Osun,Home Improvement,RENT,5 years,32432,30.27,C,13.35,60,18500,16900.0,16300.0,Fully Paid,20506.24,2023-12-31
LN104721,CU21221,Lisa Taylor,2023-01-07,2023-01-12,West,Lagos,Business Expansion,OWN,1 year,20921,34.76,A,8.92,36,18500,18000.0,17700.0,Charged Off,3760.69,2023-12-31
LN104722,CU21222,Nancy Allen,2023-11-07,2023-11-26,West,Ogun,Agriculture,MORTGAGE,< 1 year,37215,15.27,A,8.95,36,25600,24800.0,22100.0,Fully Paid,28618.08,2023-12-31
LN104723,CU21223,Edward Young,2021-04-23,2021-04-25,West,Ogun,Car Purchase,MORTGAGE,8 years,20729,31.0,D,16.61,60,18600,18200.0,18200.0,Fully Paid,23106.27,2023-12-31
LN104724,CU21224,Robert Hill,2021-09-18,2021-09-30,North,Katsina,Business Expansion,OWN,10+ years,68351,7.14,C,13.99,36,24200,19500.0,17700.0,Fully Paid,21790.36,2023-12-31
LN104725,CU21225,Charles Flores,2022-09-28,2022-10-16,North,Katsina,Debt Consolidation,RENT,< 1 year,46123,5.81,C,13.91,60,26000,23500.0,22900.0,Fully Paid,28115.33,2023-12-31
LN104726,CU21226,Amanda Lewis,2023-12-19,2023-12-27,South,Akwa Ibom,Education,MORTGAGE,5 years,52231,19.58,D,17.49,60,18600,18600.0,17900.0,Fully Paid,21887.52,2023-12-31
LN104727,CU21227,George Brown,2021-08-02,2021-08-17,Central,Kogi,Debt Consolidation,RENT,2 years,30494,9.49,A,7.89,60,33600,27400.0,26400.0,Fully Paid,28859.07,2023-12-31
LN104728,CU21228,Matthew Hernandez,2021-04-27,2021-05-09,Central,Plateau,Education,OWN,3 years,36271,29.08,B,9.43,36,11700,11000.0,10900.0,Fully Paid,12863.84,2023-12-31
LN104729,CU21229,Patricia Jones,2023-11-13,2023-11-22,Central,Abuja FCT,Small Business Startup,RENT,1 year,101529,4.16,C,13.39,36,1000,1000.0,1000.0,Fully Paid,1264.74,2023-12-31
LN104730,CU21230,Joshua Hernandez,2021-06-10,2021-06-15,North,Katsina,Personal,MORTGAGE,9 years,53300,26.72,A,7.65,36,5800,4900.0,4900.0,Current,4231.74,2023-11-26
LN104731,CU21231,Donna Sanchez,2021-03-13,2021-03-29,North,Sokoto,Car Purchase,OWN,4 years,42479,9.0,C,13.15,36,2100,1900.0,1800.0,Fully Paid,2046.24,2023-12-31
LN104732,CU21232,Amanda Taylor,2023-04-15,2023-04-21,North,Sokoto,Medical Expenses,RENT,5 years,40935,27.11,D,15.9,36,9500,8800.0,8800.0,Fully Paid,11508.76,2023-12-31
LN104733,CU21233,Nancy White,2023-04-30,2023-05-13,Central,Abuja FCT,Home Improvement,RENT,9 years,41634,17.13,B,9.26,60,9600,8300.0,8300.0,Fully Paid,10433.73,2023-12-31
LN104734,CU21234,Richard Anderson,2022-09-23,2022-10-08,Central,Plateau,Education,MORTGAGE,6 years,44422,3.59,B,10.0,36,27900,27800.0,27200.0,Fully Paid,31374.33,2023-12-31
LN104735,CU21235,Barbara Lee,2021-06-29,2021-07-14,North,Kaduna,Wedding,RENT,5 years,45473,12.52,E,18.92,60,11800,11800.0,11100.0,Charged Off,3497.72,2023-12-31
LN104736,CU21236,Michelle Ramirez,2023-11-05,2023-11-14,West,Osun,Home Improvement,MORTGAGE,1 year,88670,8.02,B,11.47,36,10200,9100.0,8800.0,Current,509.38,2023-12-22
LN104737,CU21237,Sarah Moore,2022-07-17,2022-07-24,Central,Plateau,Business Expansion,MORTGAGE,1 year,56766,19.82,F,24.74,60,15100,12600.0,11700.0,Fully Paid,13322.63,2023-12-31
LN104738,CU21238,Kevin Taylor,2021-06-05,2021-06-12,South,Akwa Ibom,Business Expansion,MORTGAGE,4 years,51472,12.27,A,6.12,60,9700,8700.0,8500.0,Fully Paid,10703.74,2023-12-31
LN104739,CU21239,Kenneth Sanchez,2022-02-23,2022-03-05,East,Enugu,Home Improvement,OWN,7 years,31996,10.06,B,9.26,36,3900,3800.0,3700.0,Fully Paid,4654.45,2023-12-31
LN104740,CU21240,Barbara Ramirez,2023-11-24,2023-12-13,East,Anambra,Debt Consolidation,RENT,7 years,31151,11.41,B,11.13,36,18000,15900.0,15900.0,Fully Paid,19781.72,2023-12-31
LN104741,CU21241,Patricia Hill,2022-03-09,2022-03-17,North,Katsina,Car Purchase,OWN,9 years,41918,20.38,B,11.03,36,5900,5300.0,5300.0,Fully Paid,6838.14,2023-12-31
LN104742,CU21242,Christopher Nguyen,2023-05-28,2023-06-01,South,Delta,Debt Consolidation,RENT,7 years,59225,4.42,A,8.24,36,15500,11900.0,11700.0,Fully Paid,15575.26,2023-12-31
LN104743,CU21243,David Jackson,2021-10-14,,Central,Abuja FCT,Agriculture,MORTGAGE,3 years,23752,26.37,E,18.01,36,6900,0.0,0.0,Rejected,0.0,
LN104744,CU21244,Margaret Lopez,2023-11-16,2023-11-28,South,Rivers,Car Purchase,OWN,10+ years,21495,10.78,C,13.87,60,35900,30900.0,30900.0,Current,1659.45,2023-12-26
LN104745,CU21245,Ashley Lewis,2023-06-14,2023-06-18,West,Lagos,Small Business Startup,OWN,7 years,66773,8.73,B,10.86,36,8700,7400.0,7400.0,Fully Paid,9130.73,2023-12-31
LN104746,CU21246,Elizabeth Thomas,2021-09-09,2021-09-21,South,Akwa Ibom,Home Improvement,OWN,3 years,62869,9.29,F,23.45,36,15300,11200.0,11000.0,Current,8944.03,2023-11-16
LN104747,CU21247,Edward Wright,2022-09-30,2022-10-01,West,Ogun,Debt Consolidation,RENT,10+ years,34898,26.39,B,9.07,60,1000,800.0,800.0,Fully Paid,864.85,2023-12-31
LN104748,CU21248,Mark Young,2021-12-06,2021-12-09,North,Katsina,Debt Consolidation,MORTGAGE,10+ years,57597,34.67,E,20.44,36,3700,3700.0,3700.0,Fully Paid,4027.73,2023-12-31
LN104749,CU21249,Matthew Scott,2023-03-31,2023-04-01,South,Rivers,Home Improvement,OWN,6 years,103275,11.67,B,9.39,60,5300,4900.0,4500.0,Fully Paid,5779.08,2023-12-31
LN104750,CU21250,Charles Lewis,2021-11-29,2021-12-05,South,Delta,Debt Consolidation,OWN,2 years,47651,10.54,B,11.87,60,18900,17700.0,17700.0,Fully Paid,19646.74,2023-12-31
LN104751,CU21251,Emily Wilson,2021-11-21,2021-11-26,West,Lagos,Business Expansion,RENT,4 years,111324,14.97,B,9.31,60,25300,24400.0,24100.0,Fully Paid,31313.9,2023-12-31
LN104752,CU21252,Paul Moore,2021-01-16,2021-01-31,West,Oyo,Home Improvement,RENT,4 years,79962,9.6,D,16.4,36,2100,1900.0,1700.0,Fully Paid,2117.45,2023-12-30
LN104753,CU21253,Robert Smith,2022-09-06,2022-09-12,East,Abia,Home Improvement,MORTGAGE,< 1 year,48893,13.43,A,7.16,60,25500,23500.0,22800.0,Fully Paid,26204.34,2023-12-31
LN104754,CU21254,Jessica Rodriguez,2022-07-05,2022-07-17,East,Imo,Business Expansion,MORTGAGE,8 years,41701,20.35,E,21.02,60,12500,11000.0,10700.0,Charged Off,6327.99,2023-12-31
LN104755,CU21255,Christopher Smith,2023-09-16,2023-09-27,Central,Plateau,Agriculture,RENT,4 years,39850,5.39,A,7.48,36,30300,28900.0,26600.0,Fully Paid,30584.2,2023-12-31
LN104756,CU21256,Margaret Lopez,2021-08-01,2021-08-02,East,Enugu,Small Business Startup,MORTGAGE,6 years,38623,25.89,D,17.82,36,15200,11700.0,11700.0,Fully Paid,14599.42,2023-12-31
LN104757,CU21257,Mark Davis,2023-09-02,2023-09-16,East,Imo,Home Improvement,OWN,4 years,50352,15.01,E,20.07,36,13200,12800.0,12700.0,Charged Off,2380.14,2023-12-31
LN104758,CU21258,Edward Thomas,2023-05-21,,North,Sokoto,Personal,MORTGAGE,2 years,25347,10.22,G,28.91,36,16600,0.0,0.0,Rejected,0.0,
LN104759,CU21259,Steven Lopez,2023-10-26,2023-11-01,North,Katsina,Business Expansion,OWN,9 years,83651,23.33,D,16.5,36,40000,34300.0,34300.0,Fully Paid,41986.0,2023-12-31
LN104760,CU21260,Daniel Lopez,2022-07-15,2022-07-31,North,Kaduna,Debt Consolidation,OWN,3 years,47977,33.36,B,10.91,60,21000,20100.0,19700.0,Fully Paid,22380.82,2023-12-31
LN104761,CU21261,David Young,2021-01-24,2021-01-30,Central,Niger,Home Improvement,OWN,5 years,62940,22.42,A,6.26,36,19400,18100.0,17900.0,Fully Paid,22250.43,2023-11-17
LN104762,CU21262,William White,2022-11-13,2022-11-19,West,Ogun,Debt Consolidation,MORTGAGE,10+ years,29199,16.43,A,6.75,36,19500,16300.0,15500.0,Fully Paid,17281.0,2023-12-31
LN104763,CU21263,David Martin,2023-08-17,2023-09-02,North,Kaduna,Debt Consolidation,RENT,10+ years,39638,6.62,B,9.1,36,2900,2700.0,2700.0,Fully Paid,2919.33,2023-12-31
LN104764,CU21264,Daniel Brown,2021-10-31,2021-11-19,West,Oyo,Wedding,RENT,6 years,60872,25.4,B,9.04,60,8900,8100.0,8100.0,Current,3716.54,2023-11-27
LN104765,CU21265,Christopher Davis,2022-01-18,2022-01-31,East,Enugu,Debt Consolidation,OWN,10+ years,63117,9.01,C,14.58,60,30300,26800.0,25100.0,Fully Paid,28313.15,2023-12-31
LN104766,CU21266,Donna Flores,2022-07-29,2022-08-10,West,Oyo,Home Improvement,OWN,1 year,62958,18.26,B,11.34,36,15600,15400.0,13400.0,Fully Paid,20319.04,2023-12-31
LN104767,CU21267,Betty Jackson,2022-05-24,2022-05-28,Central,Plateau,Debt Consolidation,RENT,2 years,49160,28.03,B,11.09,36,27600,26400.0,26400.0,Current,15191.93,2023-12-04
LN104768,CU21268,Steven Moore,2022-07-06,2022-07-24,Central,Niger,Car Purchase,OWN,2 years,50726,6.29,C,14.96,60,1000,900.0,900.0,Fully Paid,1060.12,2023-12-31
LN104769,CU21269,Robert Perez,2022-11-27,2022-12-13,East,Anambra,Home Improvement,MORTGAGE,9 years,47303,13.45,A,8.77,60,10300,9900.0,9600.0,Current,2152.71,2023-12-03
LN104770,CU21270,Kevin Young,2023-08-16,2023-08-24,North,Kaduna,Agriculture,OWN,9 years,37803,19.2,C,14.44,36,1000,1000.0,900.0,Fully Paid,1115.68,2023-12-31
LN104771,CU21271,Joseph Thompson,2021-08-23,2021-08-24,Central,Niger,Home Improvement,MORTGAGE,7 years,63750,25.77,F,22.72,60,22800,19900.0,19100.0,Fully Paid,25392.19,2023-12-31
LN104772,CU21272,Lisa Lee,2023-05-12,2023-05-20,Central,Plateau,Education,OWN,1 year,47150,17.82,A,8.95,60,8700,7700.0,7200.0,Fully Paid,8215.45,2023-12-31
LN104773,CU21273,Robert Perez,2021-08-26,2021-09-15,East,Anambra,Wedding,OWN,8 years,44494,29.98,E,21.04,60,13800,13200.0,13200.0,Current,6572.14,2023-12-24
LN104774,CU21274,Michelle Martinez,2022-11-19,2022-12-02,West,Oyo,Debt Consolidation,OWN,7 years,52749,11.03,A,6.62,60,6600,6400.0,6400.0,Fully Paid,7773.54,2023-12-31
LN104775,CU21275,Joseph Garcia,2022-06-25,2022-06-29,South,Bayelsa,Education,OWN,< 1 year,48882,16.92,A,8.1,36,17500,14400.0,13600.0,Fully Paid,15140.74,2023-12-31
LN104776,CU21276,Jessica Scott,2022-07-15,2022-07-24,South,Delta,Car Purchase,RENT,3 years,72183,9.52,D,15.48,60,3600,3200.0,3200.0,Fully Paid,3905.82,2023-12-31
LN104777,CU21277,Christopher Garcia,2023-09-25,2023-09-28,Central,Abuja FCT,Car Purchase,MORTGAGE,10+ years,28346,22.82,B,10.99,60,20800,17900.0,15600.0,Fully Paid,22006.87,2023-12-31
LN104778,CU21278,Charles Thomas,2022-03-14,2022-04-01,West,Lagos,Debt Consolidation,RENT,5 years,47455,22.95,B,10.81,60,9400,7900.0,7900.0,Fully Paid,8780.66,2023-12-31
LN104779,CU21279,Michelle Moore,2021-05-23,2021-06-05,North,Kaduna,Home Improvement,OWN,< 1 year,75772,33.54,C,13.25,60,4900,4100.0,3800.0,Fully Paid,4419.87,2023-12-31
LN104780,CU21280,Brian Wilson,2021-06-25,2021-07-08,South,Delta,Medical Expenses,RENT,7 years,42514,23.92,D,16.77,36,28100,24900.0,23800.0,Fully Paid,28296.83,2023-12-31
LN104781,CU21281,Brian Thomas,2022-12-12,2022-12-26,North,Katsina,Small Business Startup,OWN,5 years,41500,28.65,E,20.26,36,17000,16600.0,16600.0,Fully Paid,19999.14,2023-12-31
LN104782,CU21282,Matthew Lewis,2021-08-03,2021-08-04,North,Kaduna,Business Expansion,RENT,9 years,49653,5.68,A,7.13,36,2500,2200.0,2000.0,Fully Paid,2965.24,2023-12-31
LN104783,CU21283,David Johnson,2022-11-04,2022-11-16,Central,Plateau,Debt Consolidation,OWN,7 years,58572,8.88,A,6.87,60,27500,27500.0,26300.0,Fully Paid,34755.57,2023-12-31
LN104784,CU21284,Joshua Gonzalez,2023-06-10,2023-06-19,North,Sokoto,Debt Consolidation,RENT,5 years,28063,18.39,B,9.77,36,26100,23600.0,23500.0,Fully Paid,31544.65,2023-12-31
LN104785,CU21285,Elizabeth Clark,2021-01-15,2021-01-23,Central,Abuja FCT,Business Expansion,RENT,10+ years,15849,28.86,D,17.77,60,23600,23400.0,22500.0,Current,13815.69,2023-12-02
LN104786,CU21286,John Wilson,2023-12-12,2023-12-20,North,Katsina,Education,OWN,7 years,26776,10.66,B,11.22,36,1000,900.0,900.0,Fully Paid,991.66,2023-12-31
LN104787,CU21287,Kimberly Wright,2021-08-27,2021-09-08,North,Kaduna,Agriculture,OWN,7 years,22998,25.64,D,16.39,36,4700,4700.0,4600.0,Fully Paid,5704.18,2023-12-31
LN104788,CU21288,Steven Moore,2022-06-24,2022-06-26,East,Anambra,Small Business Startup,RENT,7 years,32243,13.19,A,7.3,36,30900,29400.0,29000.0,Fully Paid,36677.56,2023-12-31
LN104789,CU21289,Daniel Hill,2022-10-09,2022-10-19,West,Osun,Personal,RENT,1 year,34010,7.16,A,6.55,60,15400,15400.0,15400.0,Fully Paid,18688.19,2023-12-31
LN104790,CU21290,Mark Torres,2023-03-12,,East,Enugu,Small Business Startup,OWN,4 years,43457,26.84,F,24.29,36,10700,0.0,0.0,Rejected,0.0,
LN104791,CU21291,Robert Taylor,2022-11-17,2022-11-23,North,Kaduna,Education,RENT,10+ years,62056,11.12,B,9.9,60,20700,19300.0,19300.0,Fully Paid,25612.77,2023-12-31
LN104792,CU21292,Linda Clark,2023-07-25,2023-08-09,East,Anambra,Debt Consolidation,MORTGAGE,3 years,83471,22.03,C,14.38,36,20000,18100.0,16700.0,Fully Paid,21124.73,2023-12-31
LN104793,CU21293,Ashley Thompson,2022-09-02,2022-09-06,South,Akwa Ibom,Agriculture,OWN,< 1 year,111347,23.96,B,11.9,36,8500,7500.0,7500.0,Fully Paid,9599.29,2023-12-31
LN104794,CU21294,Donna Nguyen,2023-04-09,2023-04-18,West,Lagos,Education,RENT,8 years,25198,23.57,D,15.2,36,8200,6700.0,6300.0,Fully Paid,7152.36,2023-12-31
LN104795,CU21295,Mark Scott,2022-04-04,2022-04-21,South,Bayelsa,Car Purchase,RENT,< 1 year,57267,17.2,C,14.03,60,13000,11600.0,10100.0,Charged Off,1757.0,2023-03-01
LN104796,CU21296,Elizabeth Robinson,2023-05-01,2023-05-13,North,Katsina,Agriculture,OWN,3 years,61454,32.2,C,14.57,36,17400,15500.0,15500.0,Current,3203.55,2023-12-26
LN104797,CU21297,Sandra Lewis,2022-12-05,2022-12-10,South,Bayelsa,Debt Consolidation,RENT,8 years,51544,23.25,C,12.2,36,18100,16800.0,15600.0,Fully Paid,19830.4,2023-12-31
LN104798,CU21298,Nancy Taylor,2021-01-12,2021-01-19,South,Bayelsa,Home Improvement,OWN,10+ years,46817,23.66,E,21.95,36,24900,21900.0,20800.0,Current,23222.46,2023-12-23
LN104799,CU21299,Dorothy Brown,2022-10-27,2022-11-12,North,Kano,Business Expansion,MORTGAGE,3 years,48264,30.41,B,9.13,60,18000,17900.0,16500.0,Fully Paid,18886.68,2023-12-31
LN104800,CU21300,Michael Wright,2022-04-22,2022-05-09,East,Anambra,Home Improvement,OWN,1 year,27292,16.34,B,10.02,60,1000,900.0,900.0,Fully Paid,1174.54,2023-12-31
LN104801,CU21301,Melissa Scott,2022-01-31,2022-02-18,West,Oyo,Debt Consolidation,MORTGAGE,1 year,65717,33.41,A,8.33,60,27700,26800.0,26100.0,Fully Paid,34962.17,2023-12-31
LN104802,CU21302,Matthew Jackson,2021-08-15,2021-08-24,Central,Niger,Car Purchase,RENT,2 years,30609,21.86,A,8.46,60,18300,18300.0,18300.0,Fully Paid,22074.83,2023-12-31
LN104803,CU21303,Robert Harris,2022-03-05,2022-03-11,West,Ogun,Debt Consolidation,MORTGAGE,< 1 year,47456,23.85,B,9.62,36,15900,15900.0,14800.0,Current,10821.68,2023-11-26
LN104804,CU21304,Amanda Allen,2021-01-07,2021-01-18,North,Katsina,Business Expansion,OWN,8 years,178327,2.31,F,22.62,36,14900,12600.0,11100.0,Fully Paid,14223.6,2023-11-13
LN104805,CU21305,Carol Garcia,2021-07-25,2021-08-01,South,Akwa Ibom,Personal,OWN,1 year,42612,9.91,D,16.63,36,22200,21500.0,21500.0,Fully Paid,28088.97,2023-12-31
LN104806,CU21306,Donald Torres,2022-06-30,2022-07-14,North,Sokoto,Personal,MORTGAGE,5 years,51711,9.35,C,13.89,60,17300,17100.0,15300.0,Fully Paid,22715.32,2023-12-31
LN104807,CU21307,Amanda Harris,2022-02-17,2022-03-05,South,Akwa Ibom,Car Purchase,RENT,7 years,22788,30.19,B,11.5,36,21500,20700.0,19700.0,Current,12908.7,2023-12-17
LN104808,CU21308,Karen White,2021-09-08,2021-09-28,West,Oyo,Debt Consolidation,MORTGAGE,7 years,78698,19.04,A,7.02,60,16700,15700.0,15700.0,Fully Paid,17298.52,2023-12-31
LN104809,CU21309,Patricia Rodriguez,2022-01-01,2022-01-04,South,Akwa Ibom,Small Business Startup,OWN,3 years,27847,30.9,A,8.9,60,14800,14400.0,13200.0,Fully Paid,16783.45,2023-12-31
LN104810,CU21310,Susan Gonzalez,2023-07-14,2023-07-17,East,Enugu,Agriculture,MORTGAGE,2 years,31782,31.06,D,17.75,36,14500,14100.0,13900.0,Fully Paid,18859.76,2023-12-31
LN104811,CU21311,David Lewis,2021-04-24,2021-04-29,North,Kano,Business Expansion,RENT,7 years,15000,6.82,B,10.29,60,4100,3500.0,3100.0,Charged Off,2014.6,2022-01-22
LN104812,CU21312,George Garcia,2021-06-03,2021-06-04,West,Ogun,Wedding,OWN,1 year,31204,27.72,G,26.16,36,21300,20700.0,20400.0,Fully Paid,26491.74,2023-12-31
LN104813,CU21313,John Brown,2021-04-06,2021-04-20,East,Anambra,Car Purchase,RENT,9 years,28398,28.39,D,16.02,60,13500,11900.0,11700.0,Fully Paid,13924.8,2023-12-31
LN104814,CU21314,Jennifer Johnson,2022-03-08,2022-03-23,South,Akwa Ibom,Agriculture,RENT,10+ years,33954,22.66,B,10.9,36,10800,8800.0,8800.0,Fully Paid,11296.18,2023-12-31
LN104815,CU21315,Andrew Lopez,2021-12-08,2021-12-25,Central,Abuja FCT,Medical Expenses,RENT,3 years,21388,21.83,B,9.54,60,15400,13400.0,12500.0,Fully Paid,17554.83,2023-12-31
LN104816,CU21316,Ashley Clark,2023-01-01,2023-01-11,Central,Plateau,Wedding,RENT,7 years,37914,27.53,B,11.38,60,8700,7200.0,7100.0,Fully Paid,8321.42,2023-12-31
LN104817,CU21317,David Scott,2022-06-09,2022-06-19,Central,Abuja FCT,Car Purchase,RENT,3 years,65478,11.68,E,21.05,36,1000,900.0,900.0,Fully Paid,1008.84,2023-12-31
LN104818,CU21318,Thomas Nguyen,2023-04-12,2023-04-30,North,Kaduna,Business Expansion,OWN,8 years,101636,17.14,B,9.8,60,22700,21700.0,19900.0,Fully Paid,23569.74,2023-12-31
LN104819,CU21319,Elizabeth Hernandez,2022-07-10,2022-07-25,South,Akwa Ibom,Business Expansion,MORTGAGE,9 years,39513,24.35,D,17.39,60,19200,17400.0,16500.0,Fully Paid,21755.14,2023-12-31
LN104820,CU21320,Paul Martin,2023-03-21,2023-03-24,Central,Kogi,Business Expansion,MORTGAGE,4 years,41931,10.71,F,23.2,60,1000,1000.0,900.0,Fully Paid,1103.14,2023-12-31
LN104821,CU21321,Lisa Robinson,2022-06-10,2022-06-13,South,Rivers,Education,OWN,6 years,69150,21.89,B,11.15,60,20000,16600.0,16300.0,Fully Paid,21360.71,2023-12-31
LN104822,CU21322,Sarah Anderson,2023-06-22,,Central,Niger,Education,RENT,4 years,42396,23.04,F,24.65,36,14400,0.0,0.0,Rejected,0.0,
LN104823,CU21323,Deborah Rodriguez,2022-10-23,2022-11-03,South,Akwa Ibom,Debt Consolidation,RENT,5 years,17267,33.96,D,17.22,36,15300,13000.0,12700.0,Fully Paid,16685.29,2023-12-31
LN104824,CU21324,Susan Lewis,2023-04-27,2023-04-29,South,Rivers,Debt Consolidation,RENT,7 years,65218,31.04,E,20.55,36,6600,6300.0,5700.0,Fully Paid,8434.2,2023-12-31
LN104825,CU21325,Emily Johnson,2022-06-07,2022-06-23,South,Delta,Business Expansion,RENT,8 years,26891,22.44,D,16.19,36,8900,7400.0,6900.0,Fully Paid,9872.81,2023-12-31
LN104826,CU21326,Andrew Davis,2022-01-25,2022-02-11,Central,Abuja FCT,Small Business Startup,MORTGAGE,2 years,63407,22.68,D,16.55,36,13100,11200.0,10800.0,Fully Paid,12468.18,2023-12-31
LN104827,CU21327,George Lee,2022-04-29,2022-05-10,North,Katsina,Business Expansion,MORTGAGE,8 years,37091,3.07,C,12.91,60,16300,14600.0,14600.0,Charged Off,1728.69,2023-12-31
LN104828,CU21328,Linda Thompson,2022-06-27,2022-07-10,North,Kaduna,Home Improvement,RENT,2 years,82711,8.02,A,7.38,60,23300,21300.0,21300.0,Fully Paid,26420.1,2023-12-31
LN104829,CU21329,Robert Walker,2023-08-05,2023-08-15,West,Ogun,Personal,MORTGAGE,2 years,60718,7.71,C,12.93,36,12400,12400.0,12400.0,Fully Paid,14368.87,2023-12-31
LN104830,CU21330,Daniel Garcia,2022-12-04,2022-12-13,East,Abia,Personal,OWN,10+ years,29285,15.1,B,9.1,60,1800,1700.0,1700.0,Fully Paid,1893.34,2023-12-31
LN104831,CU21331,Thomas Lee,2022-11-15,2022-11-20,East,Imo,Home Improvement,OWN,1 year,44662,6.02,C,12.38,36,25000,22600.0,20700.0,Charged Off,9232.88,2023-12-31
LN104832,CU21332,Dorothy Allen,2022-02-23,2022-03-15,East,Enugu,Education,OWN,2 years,121650,31.89,C,14.92,60,7400,7400.0,7400.0,Fully Paid,8999.16,2023-12-31
LN104833,CU21333,Michelle Anderson,2022-01-15,,North,Kano,Wedding,OWN,< 1 year,19923,18.2,F,22.66,60,8800,0.0,0.0,Rejected,0.0,
LN104834,CU21334,Robert Young,2023-06-18,2023-07-06,West,Osun,Business Expansion,OWN,10+ years,48536,7.3,A,7.21,36,1800,1500.0,1400.0,Current,213.48,2023-11-16
LN104835,CU21335,Anthony Lewis,2021-02-07,2021-02-23,East,Enugu,Car Purchase,MORTGAGE,< 1 year,32590,28.47,B,10.8,60,26400,23700.0,23700.0,Fully Paid,29796.61,2023-12-31
LN104836,CU21336,Donna Clark,2022-12-18,2022-12-21,South,Akwa Ibom,Debt Consolidation,MORTGAGE,< 1 year,54909,32.84,A,8.19,36,12400,11800.0,11400.0,Fully Paid,13566.75,2023-12-31
LN104837,CU21337,Patricia Davis,2022-03-31,2022-04-09,South,Akwa Ibom,Education,RENT,10+ years,57115,20.9,A,8.99,60,29800,29800.0,29800.0,Fully Paid,36488.48,2023-12-31
LN104838,CU21338,Patricia Ramirez,2023-06-10,2023-06-19,West,Oyo,Car Purchase,RENT,4 years,29976,31.0,E,18.09,36,1000,700.0,700.0,Fully Paid,773.53,2023-12-31
LN104839,CU21339,Michelle Taylor,2022-01-05,2022-01-11,East,Abia,Home Improvement,OWN,5 years,76881,33.5,C,13.12,36,29000,23300.0,23300.0,Charged Off,11771.97,2023-12-06
LN104840,CU21340,Deborah Scott,2022-10-12,2022-10-24,East,Imo,Debt Consolidation,OWN,2 years,103624,10.37,B,10.16,60,15300,13400.0,12800.0,Charged Off,7818.89,2023-12-31
LN104841,CU21341,George Sanchez,2021-11-22,2021-12-11,North,Katsina,Debt Consolidation,OWN,8 years,34688,17.83,A,7.51,36,8900,6900.0,6900.0,Current,5315.51,2023-11-27
LN104842,CU21342,Kenneth Scott,2023-11-02,2023-11-15,West,Osun,Small Business Startup,MORTGAGE,8 years,38659,3.63,B,9.04,36,12000,12000.0,10800.0,Fully Paid,13825.86,2023-12-31
LN104843,CU21343,George Lopez,2022-08-07,2022-08-14,Central,Kogi,Education,RENT,3 years,39216,9.53,B,9.1,36,17900,17300.0,16500.0,Fully Paid,20372.03,2023-12-31
LN104844,CU21344,Thomas Miller,2023-07-01,2023-07-10,West,Ogun,Education,OWN,7 years,56556,34.73,B,10.91,60,6200,6100.0,5800.0,Fully Paid,8044.86,2023-12-31
LN104845,CU21345,Kevin Thompson,2022-08-25,2022-09-14,North,Kano,Home Improvement,OWN,7 years,88078,19.62,E,20.28,36,7400,7100.0,7100.0,Fully Paid,8463.95,2023-12-31
LN104846,CU21346,Steven Garcia,2023-11-07,,North,Sokoto,Wedding,RENT,9 years,65098,3.93,G,26.4,60,12400,0.0,0.0,Rejected,0.0,
LN104847,CU21347,Deborah Hill,2022-06-28,2022-07-15,North,Sokoto,Home Improvement,OWN,4 years,60006,31.97,B,10.67,60,11300,9000.0,8300.0,Fully Paid,9568.92,2023-12-31
LN104848,CU21348,Deborah Martin,2022-06-18,,West,Lagos,Personal,OWN,10+ years,58355,33.34,E,20.05,60,14800,0.0,0.0,Rejected,0.0,
LN104849,CU21349,Ashley Torres,2022-10-25,2022-10-30,East,Enugu,Debt Consolidation,MORTGAGE,6 years,68521,23.25,C,13.83,36,9100,8600.0,7600.0,Fully Paid,11442.34,2023-12-31
LN104850,CU21350,Sandra Nguyen,2023-03-27,2023-04-06,North,Kaduna,Medical Expenses,MORTGAGE,8 years,49066,21.84,F,23.13,36,19800,18500.0,17900.0,Fully Paid,24124.66,2023-12-31
LN104851,CU21351,Jessica Anderson,2023-08-23,2023-09-03,North,Sokoto,Debt Consolidation,MORTGAGE,9 years,44077,7.63,C,12.3,36,3400,3000.0,2800.0,Fully Paid,3879.34,2023-12-31
LN104852,CU21352,Deborah Allen,2023-08-15,2023-08-24,East,Anambra,Wedding,RENT,7 years,40943,15.75,B,11.46,60,12600,12600.0,12500.0,Current,882.35,2023-12-03
LN104853,CU21353,Sarah Clark,2022-12-05,2022-12-18,West,Osun,Small Business Startup,RENT,3 years,36304,27.56,B,11.05,36,12600,9800.0,9500.0,Fully Paid,11457.38,2023-12-31
LN104854,CU21354,Amanda Davis,2023-11-27,2023-12-07,North,Katsina,Debt Consolidation,RENT,9 years,51754,27.98,A,8.43,36,28800,27300.0,26800.0,Current,1466.19,2023-12-04
LN104855,CU21355,Kimberly Young,2021-12-02,2021-12-09,East,Abia,Business Expansion,RENT,6 years,47830,8.36,B,10.91,60,14600,13700.0,13500.0,Current,5783.52,2023-12-24
LN104856,CU21356,Jennifer Johnson,2021-08-29,2021-09-07,South,Delta,Personal,RENT,9 years,88857,30.62,A,8.0,36,3800,3200.0,3000.0,Current,2520.56,2023-12-23
LN104857,CU21357,John Garcia,2023-08-16,2023-09-01,West,Oyo,Business Expansion,RENT,8 years,80061,29.58,A,6.28,60,20800,20800.0,19700.0,Fully Paid,22442.0,2023-12-31
LN104858,CU21358,Sarah Rodriguez,2022-01-17,2022-02-04,South,Rivers,Agriculture,MORTGAGE,1 year,37340,17.04,D,15.52,60,15800,12200.0,11400.0,Current,5277.04,2023-12-01
LN104859,CU21359,Melissa Smith,2023-10-18,,Central,Abuja FCT,Medical Expenses,OWN,9 years,19438,18.85,G,26.72,60,13200,0.0,0.0,Rejected,0.0,
LN104860,CU21360,Mark Moore,2022-08-14,2022-08-29,South,Bayelsa,Wedding,OWN,5 years,59989,34.74,C,12.82,60,24000,22900.0,22300.0,Charged Off,4262.11,2023-05-07
LN104861,CU21361,Kenneth Lee,2023-04-11,2023-04-27,East,Abia,Business Expansion,RENT,9 years,50861,13.67,B,10.88,36,22000,22000.0,20100.0,Fully Paid,24250.09,2023-12-31
LN104862,CU21362,Elizabeth Rodriguez,2023-12-08,2023-12-16,South,Rivers,Business Expansion,MORTGAGE,7 years,30505,33.11,A,8.93,60,11000,11000.0,11000.0,Fully Paid,14764.17,2023-12-31
LN104863,CU21363,George Moore,2023-06-20,2023-06-27,East,Anambra,Car Purchase,RENT,< 1 year,51857,16.47,B,10.65,36,23500,23000.0,22400.0,Fully Paid,29113.13,2023-12-31
LN104864,CU21364,Matthew Hill,2021-10-11,2021-10-26,Central,Abuja FCT,Small Business Startup,MORTGAGE,4 years,81465,32.89,B,9.84,36,22700,21900.0,21100.0,Fully Paid,25753.73,2023-12-31
LN104865,CU21365,Kevin Harris,2022-08-30,2022-09-14,Central,Kogi,Business Expansion,OWN,10+ years,35569,11.62,C,14.63,60,22500,21300.0,21100.0,Fully Paid,24051.79,2023-12-31
LN104866,CU21366,Christopher Garcia,2023-10-02,2023-10-16,East,Anambra,Education,MORTGAGE,9 years,81506,27.95,B,9.5,36,14400,11600.0,10900.0,Charged Off,4291.23,2023-12-31
LN104867,CU21367,Jessica King,2021-02-03,2021-02-21,South,Rivers,Car Purchase,OWN,10+ years,64475,31.11,C,13.91,60,10100,8200.0,8200.0,Charged Off,3435.24,2023-12-31
LN104868,CU21368,William Moore,2022-10-05,2022-10-11,West,Oyo,Medical Expenses,OWN,< 1 year,220096,32.56,B,10.83,36,21800,17000.0,16500.0,Fully Paid,18466.81,2023-12-31
LN104869,CU21369,Emily Miller,2022-02-24,2022-03-01,West,Lagos,Debt Consolidation,RENT,8 years,123540,27.84,F,25.28,36,24700,21900.0,21800.0,Current,14376.82,2023-12-17
LN104870,CU21370,Karen Taylor,2021-05-27,2021-06-05,South,Akwa Ibom,Debt Consolidation,RENT,< 1 year,35557,24.47,E,20.06,36,2500,2300.0,2100.0,Fully Paid,2818.03,2023-12-31
LN104871,CU21371,Sarah Wright,2022-03-16,,South,Delta,Home Improvement,MORTGAGE,3 years,29751,24.03,G,26.51,60,17200,0.0,0.0,Rejected,0.0,
LN104872,CU21372,Margaret Sanchez,2021-06-16,2021-06-23,North,Katsina,Debt Consolidation,OWN,8 years,41408,20.27,B,11.12,60,19100,17000.0,16700.0,Current,9667.65,2023-12-24
LN104873,CU21373,Jessica Anderson,2022-01-01,2022-01-11,West,Oyo,Wedding,OWN,4 years,151012,2.27,C,13.03,60,6500,5600.0,5500.0,Fully Paid,6100.46,2023-12-31
LN104874,CU21374,Mary Brown,2022-06-24,2022-07-14,East,Abia,Business Expansion,RENT,2 years,27569,33.34,F,25.63,60,15900,14200.0,14000.0,Fully Paid,16837.41,2023-12-31
LN104875,CU21375,Susan Young,2021-04-17,2021-04-26,East,Imo,Car Purchase,MORTGAGE,3 years,26761,19.39,F,25.13,60,16400,16100.0,14400.0,Fully Paid,17605.63,2023-12-31
LN104876,CU21376,Edward Brown,2022-05-20,2022-05-28,West,Lagos,Small Business Startup,OWN,10+ years,51877,10.93,D,17.85,60,10800,10600.0,10100.0,Fully Paid,13504.4,2023-12-31
LN104877,CU21377,Donald White,2023-11-29,2023-12-14,Central,Kogi,Agriculture,RENT,7 years,21269,11.99,B,11.86,60,11500,11200.0,11200.0,Fully Paid,12520.32,2023-12-31
LN104878,CU21378,Joseph Allen,2021-03-18,2021-03-20,South,Bayelsa,Debt Consolidation,OWN,3 years,50999,13.82,B,10.6,60,23500,19600.0,19100.0,Fully Paid,24073.56,2023-12-31
LN104879,CU21379,Carol Robinson,2021-12-12,2021-12-27,West,Lagos,Business Expansion,RENT,8 years,53060,33.55,A,6.36,36,8500,8200.0,8200.0,Fully Paid,9596.0,2023-12-31
LN104880,CU21380,Paul Williams,2021-11-21,2021-12-02,Central,Kogi,Car Purchase,OWN,4 years,56006,14.03,C,13.97,60,14300,13300.0,13300.0,Fully Paid,17436.6,2023-12-31
LN104881,CU21381,Jessica Lewis,2021-06-11,2021-06-22,South,Rivers,Debt Consolidation,RENT,< 1 year,68936,7.31,C,12.19,60,14500,14500.0,14100.0,Fully Paid,16673.31,2023-12-31
LN104882,CU21382,Sandra Robinson,2022-05-23,2022-06-07,East,Abia,Agriculture,RENT,1 year,56372,6.06,A,6.13,60,24500,19800.0,19000.0,Fully Paid,25937.01,2023-12-31
LN104883,CU21383,Brian Hill,2023-10-03,2023-10-20,Central,Abuja FCT,Medical Expenses,OWN,6 years,32866,32.59,C,13.46,60,15400,14900.0,13600.0,Fully Paid,18946.32,2023-12-31
LN104884,CU21384,Patricia Thomas,2022-08-10,2022-08-11,North,Kano,Education,MORTGAGE,2 years,82452,31.05,B,9.66,36,5400,4800.0,4800.0,Fully Paid,5363.07,2023-12-31
LN104885,CU21385,Paul Walker,2022-10-03,2022-10-23,North,Sokoto,Medical Expenses,MORTGAGE,< 1 year,72009,23.43,C,14.98,36,25300,23200.0,23200.0,Fully Paid,24741.22,2023-12-31
LN104886,CU21386,Joseph Allen,2023-01-27,2023-02-11,North,Kano,Debt Consolidation,RENT,3 years,61999,7.37,B,9.32,36,25400,20900.0,20900.0,Fully Paid,22630.51,2023-12-31
LN104887,CU21387,Amanda Torres,2022-07-09,2022-07-29,East,Enugu,Debt Consolidation,MORTGAGE,8 years,24491,29.76,D,16.88,36,18500,15400.0,15400.0,Fully Paid,19412.17,2023-12-31
LN104888,CU21388,Andrew Robinson,2021-12-30,2022-01-16,South,Delta,Education,MORTGAGE,9 years,29990,17.13,D,15.4,60,21300,17900.0,16500.0,Charged Off,7074.41,2023-12-31
LN104889,CU21389,Jessica Torres,2022-03-08,2022-03-14,Central,Plateau,Home Improvement,MORTGAGE,1 year,37163,5.2,E,20.52,60,13600,12400.0,12300.0,Charged Off,7137.77,2023-12-31
LN104890,CU21390,Emily Clark,2022-04-01,2022-04-20,South,Rivers,Home Improvement,MORTGAGE,1 year,58066,20.48,B,11.55,36,17400,14800.0,14700.0,Fully Paid,17961.25,2023-12-31
LN104891,CU21391,John Robinson,2022-06-10,2022-06-28,West,Osun,Debt Consolidation,RENT,4 years,48786,16.48,A,7.76,36,1000,900.0,900.0,Fully Paid,956.42,2023-12-31
LN104892,CU21392,Thomas Hernandez,2022-10-24,2022-11-10,West,Ogun,Agriculture,RENT,7 years,41505,4.0,C,12.69,36,15100,15100.0,14500.0,Fully Paid,18235.19,2023-12-31
LN104893,CU21393,Nancy Allen,2022-04-05,2022-04-11,East,Anambra,Business Expansion,OWN,2 years,80833,12.5,C,12.48,60,4700,4200.0,3900.0,Fully Paid,5551.97,2023-12-31
LN104894,CU21394,David Davis,2023-09-25,2023-09-29,East,Anambra,Home Improvement,MORTGAGE,10+ years,66082,23.09,F,22.59,36,28600,27800.0,27500.0,Fully Paid,31038.2,2023-12-31
LN104895,CU21395,George Harris,2021-11-21,2021-12-10,West,Ogun,Medical Expenses,RENT,7 years,54010,6.23,B,10.32,60,12700,12700.0,12700.0,Fully Paid,15107.12,2023-12-31
LN104896,CU21396,Linda Torres,2023-04-15,2023-04-28,Central,Kogi,Wedding,OWN,5 years,24793,10.73,F,22.75,60,16400,15000.0,14600.0,Fully Paid,17241.13,2023-12-31
LN104897,CU21397,Mark Jackson,2022-04-21,2022-05-11,North,Katsina,Medical Expenses,RENT,10+ years,51396,28.21,D,16.6,60,20300,20300.0,20200.0,Fully Paid,21886.54,2023-12-31
LN104898,CU21398,Charles Sanchez,2021-07-11,2021-07-12,South,Delta,Home Improvement,RENT,7 years,36693,23.25,B,11.26,60,18100,16300.0,16100.0,Fully Paid,20812.49,2023-12-31
LN104899,CU21399,James Wright,2021-01-27,2021-02-14,North,Kaduna,Home Improvement,OWN,< 1 year,52490,2.34,C,13.45,60,25200,24300.0,23500.0,Fully Paid,31910.28,2023-12-31
LN104900,CU21400,Kimberly Hernandez,2023-09-04,2023-09-06,West,Ogun,Education,MORTGAGE,4 years,48011,15.73,A,6.21,60,7900,7300.0,7000.0,Fully Paid,8066.7,2023-12-31
LN104901,CU21401,Patricia Allen,2022-04-18,2022-04-27,North,Kano,Agriculture,MORTGAGE,10+ years,62263,12.42,A,6.45,60,5800,5300.0,5200.0,Fully Paid,6954.09,2023-12-31
LN104902,CU21402,Kevin Thompson,2023-09-15,2023-10-05,East,Imo,Small Business Startup,OWN,7 years,31416,3.98,A,7.56,60,19400,16800.0,15400.0,Fully Paid,19102.44,2023-12-31
LN104903,CU21403,Mark Robinson,2022-10-01,2022-10-16,North,Katsina,Debt Consolidation,OWN,6 years,46449,20.33,B,11.78,60,11100,10800.0,10600.0,Fully Paid,13212.26,2023-12-31
LN104904,CU21404,William Smith,2022-03-24,2022-03-31,West,Lagos,Education,RENT,6 years,34513,5.6,C,13.83,36,5400,4700.0,4500.0,Fully Paid,5055.42,2023-12-31
LN104905,CU21405,William Lee,2021-03-02,2021-03-21,Central,Niger,Agriculture,MORTGAGE,7 years,52569,30.03,A,7.55,60,11100,9300.0,8500.0,Charged Off,1255.44,2023-12-31
LN104906,CU21406,Robert Lopez,2023-04-12,2023-04-24,North,Kano,Small Business Startup,OWN,5 years,19744,5.08,C,14.39,36,17900,17700.0,17700.0,Fully Paid,18983.06,2023-12-31
LN104907,CU21407,Matthew Hernandez,2021-07-29,2021-08-03,South,Akwa Ibom,Business Expansion,MORTGAGE,3 years,76641,22.66,B,9.58,60,7600,7600.0,7600.0,Fully Paid,9741.91,2023-12-31
LN104908,CU21408,Charles Jackson,2022-01-11,2022-01-12,South,Bayelsa,Debt Consolidation,MORTGAGE,2 years,70669,10.71,B,11.65,60,9300,8300.0,8200.0,Fully Paid,8962.28,2023-12-31
LN104909,CU21409,Daniel Rodriguez,2022-06-28,2022-07-16,North,Kaduna,Home Improvement,OWN,2 years,52410,32.51,D,15.14,36,11700,11500.0,10800.0,Current,6051.2,2023-12-24
LN104910,CU21410,Elizabeth Jackson,2023-05-08,2023-05-09,West,Osun,Medical Expenses,RENT,10+ years,66345,10.23,B,10.4,36,17900,17000.0,16700.0,Fully Paid,18347.37,2023-12-31
LN104911,CU21411,Joshua Moore,2023-09-01,2023-09-19,North,Kano,Business Expansion,RENT,1 year,78412,10.36,B,9.64,60,20600,15900.0,15900.0,Fully Paid,17925.04,2023-12-31
LN104912,CU21412,Karen Miller,2023-10-11,2023-10-29,Central,Plateau,Education,MORTGAGE,9 years,39466,7.48,A,8.57,36,13500,13400.0,13400.0,Fully Paid,15381.89,2023-12-31
LN104913,CU21413,Elizabeth Smith,2023-05-24,,Central,Kogi,Education,RENT,3 years,49641,20.61,G,29.16,60,6600,0.0,0.0,Rejected,0.0,
LN104914,CU21414,Jennifer Torres,2023-02-04,2023-02-23,East,Enugu,Wedding,RENT,8 years,42126,30.88,C,12.87,60,24900,24100.0,24100.0,Fully Paid,30322.69,2023-12-31
LN104915,CU21415,Michael Brown,2021-12-24,2021-12-30,West,Oyo,Car Purchase,MORTGAGE,7 years,127937,8.27,D,17.12,60,27900,27700.0,24600.0,Current,12684.58,2023-12-10
LN104916,CU21416,Donald Lee,2021-12-24,2021-12-30,North,Kano,Car Purchase,RENT,9 years,54444,28.46,G,26.99,36,24000,19300.0,18700.0,Fully Paid,21334.12,2023-12-31
LN104917,CU21417,David White,2023-01-20,2023-02-04,East,Imo,Business Expansion,RENT,10+ years,46730,21.34,B,9.04,36,20100,19800.0,18500.0,Fully Paid,24032.42,2023-12-31
LN104918,CU21418,Thomas Ramirez,2021-11-01,2021-11-18,West,Osun,Business Expansion,OWN,9 years,26197,11.77,D,16.13,60,19400,16500.0,15700.0,Current,6886.28,2023-12-03
LN104919,CU21419,Christopher Garcia,2021-01-10,2021-01-30,West,Ogun,Medical Expenses,RENT,6 years,131763,15.46,B,9.54,60,19500,19100.0,19100.0,Fully Paid,20129.62,2023-12-31
LN104920,CU21420,Donna Williams,2023-08-14,2023-08-30,West,Ogun,Debt Consolidation,MORTGAGE,2 years,41988,32.88,A,6.51,36,11300,9800.0,9500.0,Fully Paid,11856.46,2023-12-31
LN104921,CU21421,Betty Jones,2022-09-14,2022-10-04,East,Imo,Medical Expenses,RENT,< 1 year,26518,31.88,C,14.04,36,22100,17900.0,17200.0,Charged Off,10238.35,2023-11-08
LN104922,CU21422,Matthew Perez,2023-12-07,2023-12-26,North,Sokoto,Debt Consolidation,RENT,8 years,63996,33.78,A,6.9,60,16400,13700.0,13700.0,Current,698.03,2023-12-17
LN104923,CU21423,Christopher Sanchez,2021-10-04,2021-10-07,North,Kano,Debt Consolidation,MORTGAGE,3 years,15960,21.07,F,25.9,36,13000,11300.0,10500.0,Fully Paid,14486.39,2023-12-31
LN104924,CU21424,Steven Sanchez,2022-05-12,2022-05-25,South,Bayelsa,Debt Consolidation,MORTGAGE,< 1 year,55270,22.57,C,13.05,60,18100,16600.0,16600.0,Fully Paid,19793.38,2023-12-31
LN104925,CU21425,Thomas Anderson,2023-09-25,2023-10-01,East,Enugu,Wedding,RENT,9 years,47890,23.19,F,22.77,60,4000,3400.0,3200.0,Fully Paid,4456.97,2023-12-31
LN104926,CU21426,John Wright,2023-03-25,2023-04-09,East,Imo,Debt Consolidation,OWN,10+ years,104955,14.19,A,6.23,60,24900,24900.0,23400.0,Fully Paid,33416.77,2023-12-31
LN104927,CU21427,Deborah Lopez,2021-04-13,2021-04-25,West,Oyo,Agriculture,MORTGAGE,8 years,33361,14.27,E,20.85,60,14700,13400.0,13400.0,Fully Paid,16102.65,2023-12-31
LN104928,CU21428,Richard Walker,2023-11-14,2023-12-04,Central,Plateau,Wedding,OWN,6 years,73889,21.75,C,14.13,36,20900,20900.0,18000.0,Fully Paid,22434.37,2023-12-31
LN104929,CU21429,Emily Allen,2022-08-09,2022-08-15,Central,Plateau,Home Improvement,MORTGAGE,4 years,66064,18.23,C,14.12,36,9100,8400.0,7600.0,Current,4091.98,2023-11-29
LN104930,CU21430,Edward Lee,2023-08-03,2023-08-04,East,Imo,Business Expansion,RENT,7 years,61550,16.81,B,11.77,60,19400,19400.0,17600.0,Fully Paid,23401.73,2023-12-31
LN104931,CU21431,Nancy Perez,2022-10-02,2022-10-10,Central,Niger,Medical Expenses,MORTGAGE,5 years,87087,28.82,C,14.59,60,16900,14000.0,14000.0,Fully Paid,18284.87,2023-12-31
LN104932,CU21432,Lisa Martin,2022-10-21,2022-10-23,North,Kaduna,Medical Expenses,RENT,5 years,47991,7.2,D,15.45,60,1000,900.0,900.0,Fully Paid,1196.21,2023-12-31
LN104933,CU21433,Matthew Hernandez,2021-06-16,2021-07-01,West,Osun,Education,MORTGAGE,< 1 year,63257,28.57,F,25.29,36,13700,11800.0,10300.0,Fully Paid,14471.12,2023-12-31
LN104934,CU21434,John Scott,2023-03-27,2023-04-10,East,Imo,Car Purchase,OWN,1 year,66815,3.56,A,7.27,60,6000,5600.0,5400.0,Charged Off,3291.26,2023-12-31
LN104935,CU21435,Kenneth Martin,2021-11-26,2021-12-13,Central,Niger,Car Purchase,OWN,7 years,49145,28.96,D,16.0,36,13200,12900.0,11900.0,Fully Paid,16353.41,2023-12-31
LN104936,CU21436,Joseph Garcia,2021-11-13,2021-11-30,East,Anambra,Home Improvement,RENT,4 years,36259,30.82,A,7.53,36,16500,16100.0,16100.0,Fully Paid,21549.09,2023-12-31
LN104937,CU21437,Melissa Smith,2023-06-10,2023-06-13,West,Osun,Business Expansion,RENT,3 years,58814,4.67,C,12.78,60,18500,15800.0,15300.0,Charged Off,1748.03,2023-12-31
LN104938,CU21438,Paul Garcia,2021-02-10,2021-02-24,North,Kaduna,Business Expansion,OWN,2 years,103253,17.63,D,17.24,60,18900,17100.0,16400.0,Fully Paid,20348.12,2023-12-31
LN104939,CU21439,Steven Allen,2022-09-24,2022-10-07,West,Oyo,Education,MORTGAGE,9 years,26024,6.36,C,14.76,36,13000,11600.0,10700.0,Fully Paid,12679.88,2023-12-31
LN104940,CU21440,Brian Young,2021-01-08,2021-01-20,West,Oyo,Debt Consolidation,OWN,9 years,35627,5.49,A,8.29,36,8600,7900.0,7500.0,Current,7600.77,2023-12-23
LN104941,CU21441,Andrew Davis,2023-01-25,2023-02-10,East,Anambra,Education,OWN,7 years,55942,24.74,B,9.98,36,11400,9200.0,9100.0,Charged Off,3644.77,2023-12-31
LN104942,CU21442,Melissa Sanchez,2021-12-09,2021-12-16,North,Katsina,Medical Expenses,RENT,2 years,36791,14.48,A,7.82,36,14100,14100.0,12700.0,Fully Paid,15267.78,2023-12-31
LN104943,CU21443,Patricia Walker,2023-06-18,2023-07-06,North,Kaduna,Debt Consolidation,RENT,4 years,72976,24.85,C,12.93,36,18400,16100.0,15600.0,Fully Paid,21689.61,2023-12-31
LN104944,CU21444,Matthew Taylor,2023-09-26,2023-09-30,Central,Abuja FCT,Debt Consolidation,MORTGAGE,5 years,75117,7.46,E,18.04,36,11900,11900.0,11200.0,Fully Paid,15923.76,2023-12-31
LN104945,CU21445,Linda Lee,2023-10-19,2023-10-29,South,Akwa Ibom,Business Expansion,RENT,2 years,93062,28.87,A,6.31,60,24000,21700.0,19900.0,Current,1089.85,2023-11-21
LN104946,CU21446,Joseph Lewis,2022-09-03,2022-09-16,East,Enugu,Debt Consolidation,OWN,6 years,52288,15.31,D,15.84,60,31700,27700.0,26700.0,Fully Paid,33885.65,2023-12-31
LN104947,CU21447,Richard Flores,2021-09-25,2021-10-12,West,Ogun,Home Improvement,RENT,8 years,35533,5.82,A,7.18,36,14400,12600.0,12400.0,Fully Paid,15590.2,2023-12-31
LN104948,CU21448,Deborah Clark,2023-01-21,2023-01-24,South,Akwa Ibom,Business Expansion,RENT,10+ years,42473,9.46,E,20.67,36,9000,8700.0,8700.0,Current,2920.6,2023-11-19
LN104949,CU21449,Andrew Garcia,2021-09-22,2021-10-11,East,Imo,Debt Consolidation,RENT,3 years,34448,32.4,B,11.66,60,22700,22400.0,22400.0,Fully Paid,29862.07,2023-12-31
LN104950,CU21450,Deborah Torres,2022-07-11,2022-07-20,West,Oyo,Home Improvement,MORTGAGE,7 years,85720,6.49,B,9.17,60,16500,15300.0,14400.0,Fully Paid,19106.04,2023-12-31
LN104951,CU21451,Michael Taylor,2021-05-25,2021-06-11,East,Anambra,Business Expansion,OWN,2 years,86209,7.47,E,18.15,36,4100,3900.0,3900.0,Fully Paid,4652.31,2023-12-31
LN104952,CU21452,Mark Jones,2021-02-15,,South,Bayelsa,Medical Expenses,RENT,2 years,29887,24.08,G,26.27,36,22000,0.0,0.0,Rejected,0.0,
LN104953,CU21453,James Williams,2023-09-21,2023-09-23,East,Abia,Agriculture,MORTGAGE,7 years,67210,22.37,C,13.06,36,15100,14200.0,13100.0,Fully Paid,17151.89,2023-12-31
LN104954,CU21454,Margaret Lee,2022-12-12,,East,Anambra,Debt Consolidation,MORTGAGE,5 years,73680,24.81,E,20.83,60,3400,0.0,0.0,Rejected,0.0,
LN104955,CU21455,Elizabeth Lopez,2022-10-22,2022-10-25,South,Rivers,Debt Consolidation,RENT,4 years,31946,15.92,A,8.42,60,11700,10300.0,10300.0,Charged Off,5991.63,2023-12-31
LN104956,CU21456,Ashley Wilson,2022-03-20,,Central,Niger,Business Expansion,MORTGAGE,10+ years,34013,24.92,G,27.65,36,14000,0.0,0.0,Rejected,0.0,
LN104957,CU21457,Sandra Smith,2023-11-24,2023-12-05,West,Oyo,Education,MORTGAGE,7 years,135194,5.07,A,6.43,36,18300,18300.0,17200.0,Fully Paid,24502.86,2023-12-31
LN104958,CU21458,Edward Gonzalez,2021-06-19,2021-06-29,Central,Kogi,Home Improvement,RENT,5 years,15000,6.97,C,13.91,36,9200,7500.0,7500.0,Fully Paid,7927.21,2023-12-31
LN104959,CU21459,Kimberly Gonzalez,2023-03-12,2023-03-24,North,Katsina,Home Improvement,OWN,7 years,36134,21.45,G,29.5,36,10000,10000.0,10000.0,Fully Paid,12138.49,2023-12-31
LN104960,CU21460,George Martin,2021-11-16,2021-11-21,South,Delta,Medical Expenses,MORTGAGE,6 years,23898,24.15,B,11.29,36,14600,12400.0,11300.0,Fully Paid,14603.33,2023-12-31
LN104961,CU21461,Susan Martin,2023-07-22,2023-07-23,Central,Niger,Medical Expenses,OWN,10+ years,40126,27.54,A,8.22,36,11100,8000.0,8000.0,Current,1260.41,2023-12-05
LN104962,CU21462,Thomas Ramirez,2021-03-03,,West,Oyo,Debt Consolidation,OWN,8 years,71373,34.62,E,18.22,60,17700,0.0,0.0,Rejected,0.0,
LN104963,CU21463,Melissa Jackson,2021-12-05,2021-12-07,North,Sokoto,Debt Consolidation,OWN,3 years,69247,23.53,A,7.75,36,11200,8700.0,7600.0,Fully Paid,9450.61,2023-12-31
LN104964,CU21464,Mary Moore,2022-03-23,2022-04-11,East,Anambra,Agriculture,OWN,5 years,41953,17.97,C,14.29,36,20800,18000.0,17900.0,Fully Paid,23234.72,2023-12-31
LN104965,CU21465,Thomas Williams,2021-02-10,2021-02-27,Central,Plateau,Business Expansion,OWN,8 years,48209,4.24,B,11.77,60,16700,14200.0,12800.0,Fully Paid,17153.87,2023-12-31
LN104966,CU21466,Christopher King,2021-11-30,2021-12-13,East,Anambra,Debt Consolidation,RENT,2 years,61445,11.34,A,8.55,60,23100,22100.0,21800.0,Fully Paid,26304.93,2023-12-31
LN104967,CU21467,Brian Ramirez,2021-10-17,2021-10-18,East,Imo,Education,MORTGAGE,2 years,22376,3.08,B,10.48,60,17800,16700.0,15400.0,Current,7464.83,2023-12-08
LN104968,CU21468,William Clark,2022-07-27,2022-07-30,West,Oyo,Small Business Startup,OWN,2 years,44290,26.2,B,11.29,36,22200,19800.0,17900.0,Fully Paid,21134.63,2023-12-31
LN104969,CU21469,Daniel Lopez,2022-07-17,2022-07-23,South,Rivers,Medical Expenses,MORTGAGE,8 years,34635,19.91,D,16.35,60,17000,14300.0,13500.0,Fully Paid,18151.71,2023-12-31
LN104970,CU21470,Joseph Lee,2023-07-10,2023-07-12,West,Osun,Personal,MORTGAGE,3 years,58303,13.55,B,9.36,60,9500,7500.0,7500.0,Fully Paid,8427.11,2023-12-31
LN104971,CU21471,Amanda Wilson,2022-04-15,2022-04-22,West,Ogun,Debt Consolidation,OWN,7 years,48308,14.58,E,19.35,60,1000,900.0,800.0,Current,321.01,2023-11-21
LN104972,CU21472,Karen Walker,2022-03-22,2022-04-08,West,Osun,Personal,OWN,6 years,146152,15.1,E,19.28,60,1900,1800.0,1800.0,Current,713.39,2023-12-04
LN104973,CU21473,Daniel Martin,2022-12-09,2022-12-17,West,Lagos,Personal,MORTGAGE,10+ years,37239,22.1,C,14.64,60,30500,26100.0,25800.0,Fully Paid,32418.16,2023-12-31
LN104974,CU21474,Ashley Allen,2022-07-04,2022-07-09,East,Enugu,Medical Expenses,MORTGAGE,10+ years,52975,29.19,D,17.08,60,8500,6800.0,6500.0,Fully Paid,8208.99,2023-12-31
LN104975,CU21475,Richard Clark,2023-04-20,2023-04-21,Central,Plateau,Small Business Startup,OWN,9 years,58462,8.08,D,15.06,60,1000,800.0,800.0,Fully Paid,858.86,2023-12-31
LN104976,CU21476,Amanda Thompson,2021-07-18,2021-08-05,East,Imo,Education,OWN,7 years,36905,12.33,B,11.79,36,10200,10200.0,9800.0,Fully Paid,13143.41,2023-12-31
LN104977,CU21477,Matthew Miller,2023-12-17,2024-01-03,North,Sokoto,Business Expansion,MORTGAGE,< 1 year,53355,33.43,B,9.19,36,23000,23000.0,21300.0,Fully Paid,25019.87,2023-12-31
LN104978,CU21478,James Garcia,2023-11-05,2023-11-11,South,Bayelsa,Education,OWN,10+ years,56271,11.36,B,9.35,60,12300,12300.0,11600.0,Fully Paid,13877.41,2023-12-31
LN104979,CU21479,Matthew Brown,2021-07-17,2021-07-31,East,Enugu,Home Improvement,RENT,9 years,133914,11.18,D,17.3,60,17700,17700.0,17100.0,Fully Paid,20407.91,2023-12-31
LN104980,CU21480,Nancy Martinez,2021-05-18,2021-06-06,West,Ogun,Business Expansion,MORTGAGE,4 years,51615,9.11,A,8.13,36,22000,16900.0,16900.0,Fully Paid,21255.67,2023-12-31
LN104981,CU21481,Jessica Lopez,2021-03-07,2021-03-18,West,Lagos,Car Purchase,MORTGAGE,7 years,87721,21.25,A,8.35,36,1700,1600.0,1600.0,Fully Paid,1855.42,2023-12-31
LN104982,CU21482,William Davis,2021-03-15,2021-03-26,South,Delta,Personal,OWN,4 years,44791,23.27,B,10.53,36,9700,8900.0,8900.0,Fully Paid,10015.9,2023-12-31
LN104983,CU21483,Susan Garcia,2021-06-11,2021-06-24,West,Ogun,Agriculture,MORTGAGE,< 1 year,41843,26.74,C,13.94,60,15800,15100.0,14100.0,Current,8470.74,2023-12-27
LN104984,CU21484,Kimberly Harris,2021-05-17,2021-05-29,West,Lagos,Debt Consolidation,MORTGAGE,8 years,23609,9.15,A,7.48,36,31900,31900.0,31900.0,Charged Off,8285.41,2022-04-26
LN104985,CU21485,Lisa Flores,2021-08-07,2021-08-22,South,Rivers,Education,OWN,1 year,46341,6.3,E,18.59,60,16900,15500.0,14800.0,Charged Off,8763.26,2023-12-31
LN104986,CU21486,Richard Taylor,2023-01-03,2023-01-04,North,Kano,Education,MORTGAGE,< 1 year,60201,20.26,A,8.8,60,14400,12800.0,11400.0,Fully Paid,16720.2,2023-12-31
LN104987,CU21487,Edward Walker,2021-09-24,2021-10-12,North,Katsina,Medical Expenses,MORTGAGE,9 years,38145,2.18,A,6.81,60,19500,18000.0,16700.0,Fully Paid,19923.05,2023-12-31
LN104988,CU21488,Nancy Anderson,2021-01-18,2021-02-05,Central,Kogi,Agriculture,RENT,2 years,61889,20.69,C,14.34,60,12100,9800.0,9800.0,Fully Paid,12434.47,2023-12-31
LN104989,CU21489,Kevin King,2022-09-10,2022-09-26,East,Imo,Business Expansion,OWN,2 years,67024,33.0,C,12.4,60,9900,9000.0,8700.0,Fully Paid,11302.0,2023-12-31
LN104990,CU21490,Michael Scott,2023-06-08,2023-06-27,North,Katsina,Education,RENT,2 years,27330,12.33,B,10.01,60,29300,27500.0,26000.0,Fully Paid,34870.06,2023-12-31
LN104991,CU21491,Charles Taylor,2021-09-09,2021-09-25,East,Imo,Small Business Startup,MORTGAGE,9 years,64308,29.03,D,15.11,60,14900,13900.0,13900.0,Fully Paid,15194.4,2023-12-31
LN104992,CU21492,James Scott,2023-05-02,2023-05-06,South,Rivers,Small Business Startup,OWN,4 years,64032,18.98,C,12.89,60,19500,15800.0,15800.0,Charged Off,6874.9,2023-12-31
LN104993,CU21493,David Perez,2022-07-07,2022-07-18,West,Oyo,Medical Expenses,OWN,3 years,51603,26.2,E,19.84,36,37700,35200.0,33000.0,Current,17265.73,2023-12-02
LN104994,CU21494,William Martin,2023-12-02,2023-12-08,Central,Plateau,Small Business Startup,MORTGAGE,8 years,99327,16.81,G,29.36,36,10900,10100.0,10100.0,Current,530.19,2023-12-17
LN104995,CU21495,Nancy Johnson,2023-07-06,2023-07-13,South,Delta,Home Improvement,RENT,4 years,42625,11.73,C,13.95,36,18200,17700.0,17700.0,Fully Paid,19937.97,2023-12-31
LN104996,CU21496,Linda Anderson,2022-11-27,2022-12-08,West,Lagos,Debt Consolidation,MORTGAGE,7 years,74097,27.02,C,14.64,60,13700,12200.0,11400.0,Current,2506.77,2023-12-26
LN104997,CU21497,Carol Hernandez,2022-09-18,2022-09-23,North,Kaduna,Debt Consolidation,OWN,10+ years,42282,11.08,C,12.45,60,6900,6900.0,6900.0,Fully Paid,9314.46,2023-12-31
LN104998,CU21498,Joseph Wright,2022-09-10,2022-09-12,West,Ogun,Business Expansion,RENT,3 years,92682,33.75,A,7.08,36,22400,21300.0,18200.0,Current,9292.84,2023-12-05
LN104999,CU21499,Jessica Wright,2023-02-13,2023-02-27,South,Bayelsa,Car Purchase,RENT,9 years,85329,33.58,A,6.84,36,19100,16900.0,15200.0,Fully Paid,20319.31,2023-12-31
LN105000,CU21500,Michelle Martin,2023-09-10,2023-09-18,Central,Abuja FCT,Small Business Startup,MORTGAGE,5 years,69702,3.44,A,8.56,36,17400,17100.0,15600.0,Fully Paid,22552.33,2023-12-31
